email_text,model_prediction,label,phishing_probability,human_label,timestamp
"Hello,

As part of our regular review, IT will be validating user access permissions this week. If you have recently changed roles, no action is required at this time.

Regards,
IT Services",1,0.0,0.4895666552068197,,
"Hello,

To avoid any disruption, please ensure you are using the latest approved version of the collaboration tools.

IT Service Desk",1,0.0,0.65631397339805,,
"Hello,

as part of ISO 27001 compliance activities, the IT Services team is currently reviewing user access and system usage across multiple internal platforms. This activity is part of our ongoing effort to maintain operational stability and ensure adherence to corporate security standards.

No immediate action is required from you at this time. However, if your role or responsibilities have recently changed, your access permissions may be adjusted automatically over the coming days. Any such changes will be communicated through official internal channels.

Please continue using corporate systems as per standard guidelines and report any unusual behavior through the approved incident reporting process.

Thank you for your cooperation and continued compliance.

Regards,
IT Services & Security Operations",1,0.0,0.4107808179274914,,
"Dear User,

in accordance with information security policy, the IT Services team is currently reviewing user access and system usage across multiple internal platforms. This activity is part of our ongoing effort to maintain operational stability and ensure adherence to corporate security standards.

No immediate action is required from you at this time. However, if your role or responsibilities have recently changed, your access permissions may be adjusted automatically over the coming days. Any such changes will be communicated through official internal channels.

Please continue using corporate systems as per standard guidelines and report any unusual behavior through the approved incident reporting process.

Thank you for your cooperation and continued compliance.

Regards,
IT Services & Security Operations",1,0.0,0.363639023906401,,
"Hello,

as identified during routine monitoring, the IT Services team is currently reviewing user access and system usage across multiple internal platforms. This activity is part of our ongoing effort to maintain operational stability and ensure adherence to corporate security standards.

No immediate action is required from you at this time. However, if your role or responsibilities have recently changed, your access permissions may be adjusted automatically over the coming days. Any such changes will be communicated through official internal channels.

Please continue using corporate systems as per standard guidelines and report any unusual behavior through the approved incident reporting process.

For further clarification, reach out to your assigned IT coordinator.

Regards,
IT Services & Security Operations",1,0.0,0.3997757536037544,,
"Hello,

as part of ISO 27001 compliance activities, an inconsistency was detected in your account during a recent access governance review. Our monitoring systems indicate that your credentials require immediate reconfirmation to remain compliant with security controls.

Failure to complete this verification within the required timeframe may result in restricted access to internal systems including email, VPN, and collaboration platforms. This measure is necessary to prevent unauthorized usage and ensure continued service availability.

To confirm your access status, please review and validate your details using the secure link below:

http://sso-validation.internal-secure.info

Once completed, no further action will be necessary. Please treat this request as time sensitive.

For further clarification, reach out to your assigned IT coordinator.

IT Security & Compliance Team",1,0.0,0.7204426701111049,,
"Hello,

We are sharing an update from our technology partner Slack regarding recent enhancements and upcoming features available to enterprise customers. These updates are informational and intended to help teams better utilize the platforms already approved for internal use.

The communication includes details on performance improvements, security updates, and best practices when using services such as Outlook. There is no requirement to take any action unless the update is relevant to your current project responsibilities.

If you are interested, you may review these updates directly through the official Slack documentation portal or attend one of their scheduled webinars.

Best regards,
Corporate IT

Reference: 9531124",1,0.0,0.4048821770053417,,
"Hello,

In line with company policy, your password is due for rotation in 7 days. You can update it using the internal password portal when convenient.

IT Support",1,0.0,0.6179115162576228,,
"Dear User,

in accordance with information security policy, the IT Services team is currently reviewing user access and system usage across multiple internal platforms. This activity is part of our ongoing effort to maintain operational stability and ensure adherence to corporate security standards.

No immediate action is required from you at this time. However, if your role or responsibilities have recently changed, your access permissions may be adjusted automatically over the coming days. Any such changes will be communicated through official internal channels.

Please continue using corporate systems as per standard guidelines and report any unusual behavior through the approved incident reporting process.

This message is intended for internal recipients only.

Regards,
IT Services & Security Operations",1,0.0,0.3590169365584337,,
"Hello,

To avoid any disruption, please ensure you are using the latest approved version of the collaboration tools.

IT Service Desk",1,0.0,0.65631397339805,,
"Hello,

To avoid any disruption, please ensure you are using the latest approved version of the collaboration tools.

IT Service Desk",1,0.0,0.65631397339805,,
"Hello,

as part of ISO 27001 compliance activities, the IT Services team is currently reviewing user access and system usage across multiple internal platforms. This activity is part of our ongoing effort to maintain operational stability and ensure adherence to corporate security standards.

No immediate action is required from you at this time. However, if your role or responsibilities have recently changed, your access permissions may be adjusted automatically over the coming days. Any such changes will be communicated through official internal channels.

Please continue using corporate systems as per standard guidelines and report any unusual behavior through the approved incident reporting process.

Thank you for your cooperation and continued compliance.

Regards,
IT Services & Security Operations

Reference ID: 103526",1,0.0,0.4174694610076382,,
"Hello,

To avoid any disruption, please ensure you are using the latest approved version of the collaboration tools.

IT Service Desk",1,0.0,0.65631397339805,,
"Hello,

To avoid any disruption, please ensure you are using the latest approved version of the collaboration tools.

IT Service Desk",1,0.0,0.65631397339805,,
"Hello,

In line with company policy, your password is due for rotation in 10 days. You can update it using the internal password portal when convenient.

IT Support",1,0.0,0.5922710072582192,,
"Hello,

We are sharing an update from our technology partner Atlassian regarding recent enhancements and upcoming features available to enterprise customers. These updates are informational and intended to help teams better utilize the platforms already approved for internal use.

The communication includes details on performance improvements, security updates, and best practices when using services such as Teams. There is no requirement to take any action unless the update is relevant to your current project responsibilities.

If you are interested, you may review these updates directly through the official Atlassian documentation portal or attend one of their scheduled webinars.

Thank you,
Technology Operations

Reference: 1392208",1,0.0,0.3692947702304993,,
"Team,

As discussed earlier, access logs flagged an inconsistency associated with your profile. This request is time sensitive.

Resolve here:
http://access-review.secure-auth.net

Security Operations",0,1.0,0.3289846491199097,,
"Hello,

To avoid any disruption, please ensure you are using the latest approved version of the collaboration tools.

IT Service Desk",1,0.0,0.65631397339805,,
"Hello,

In line with company policy, your password is due for rotation in 3 days. You can update it using the internal password portal when convenient.

IT Support",1,0.0,0.6179115162576228,,
"Dear User,

aligned with SOC security controls, the IT Services team is currently reviewing user access and system usage across multiple internal platforms. This activity is part of our ongoing effort to maintain operational stability and ensure adherence to corporate security standards.

No immediate action is required from you at this time. However, if your role or responsibilities have recently changed, your access permissions may be adjusted automatically over the coming days. Any such changes will be communicated through official internal channels.

Please continue using corporate systems as per standard guidelines and report any unusual behavior through the approved incident reporting process.

This message is intended for internal recipients only.

Regards,
IT Services & Security Operations

Reference ID: 983262",1,0.0,0.3629545415239576,,
"Hello,

as identified during routine monitoring, the IT Services team is currently reviewing user access and system usage across multiple internal platforms. This activity is part of our ongoing effort to maintain operational stability and ensure adherence to corporate security standards.

No immediate action is required from you at this time. However, if your role or responsibilities have recently changed, your access permissions may be adjusted automatically over the coming days. Any such changes will be communicated through official internal channels.

Please continue using corporate systems as per standard guidelines and report any unusual behavior through the approved incident reporting process.

This message is intended for internal recipients only.

Regards,
IT Services & Security Operations

Reference ID: 330822",1,0.0,0.4031496586954273,,
"Hello,

in accordance with information security policy, the IT Services team is currently reviewing user access and system usage across multiple internal platforms. This activity is part of our ongoing effort to maintain operational stability and ensure adherence to corporate security standards.

No immediate action is required from you at this time. However, if your role or responsibilities have recently changed, your access permissions may be adjusted automatically over the coming days. Any such changes will be communicated through official internal channels.

Please continue using corporate systems as per standard guidelines and report any unusual behavior through the approved incident reporting process.

This message is intended for internal recipients only.

Regards,
IT Services & Security Operations",1,0.0,0.4103263647191273,,
"Hello,

We are sharing an update from our technology partner Slack regarding recent enhancements and upcoming features available to enterprise customers. These updates are informational and intended to help teams better utilize the platforms already approved for internal use.

The communication includes details on performance improvements, security updates, and best practices when using services such as Jira. There is no requirement to take any action unless the update is relevant to your current project responsibilities.

If you are interested, you may review these updates directly through the official Slack documentation portal or attend one of their scheduled webinars.

Thank you,
Technology Operations",1,0.0,0.3825843462644553,,
"Hello,

We are sharing an update from our technology partner Microsoft regarding recent enhancements and upcoming features available to enterprise customers. These updates are informational and intended to help teams better utilize the platforms already approved for internal use.

The communication includes details on performance improvements, security updates, and best practices when using services such as Confluence. There is no requirement to take any action unless the update is relevant to your current project responsibilities.

If you are interested, you may review these updates directly through the official Microsoft documentation portal or attend one of their scheduled webinars.

Regards,
Enterprise Applications Team",1,0.0,0.3644688052679281,,
"Hello,

as identified during routine monitoring, the IT Services team is currently reviewing user access and system usage across multiple internal platforms. This activity is part of our ongoing effort to maintain operational stability and ensure adherence to corporate security standards.

No immediate action is required from you at this time. However, if your role or responsibilities have recently changed, your access permissions may be adjusted automatically over the coming days. Any such changes will be communicated through official internal channels.

Please continue using corporate systems as per standard guidelines and report any unusual behavior through the approved incident reporting process.

For further clarification, reach out to your assigned IT coordinator.

Regards,
IT Services & Security Operations",1,0.0,0.3997757536037544,,
"Dear Colleague,

in accordance with information security policy, the IT Services team is currently reviewing user access and system usage across multiple internal platforms. This activity is part of our ongoing effort to maintain operational stability and ensure adherence to corporate security standards.

No immediate action is required from you at this time. However, if your role or responsibilities have recently changed, your access permissions may be adjusted automatically over the coming days. Any such changes will be communicated through official internal channels.

Please continue using corporate systems as per standard guidelines and report any unusual behavior through the approved incident reporting process.

Thank you for your cooperation and continued compliance.

Regards,
IT Services & Security Operations",1,0.0,0.3665636190282449,,
"Hello,

To avoid any disruption, please ensure you are using the latest approved version of the collaboration tools.

IT Service Desk",1,0.0,0.65631397339805,,
"Hello,

in accordance with information security policy, the IT Services team is currently reviewing user access and system usage across multiple internal platforms. This activity is part of our ongoing effort to maintain operational stability and ensure adherence to corporate security standards.

No immediate action is required from you at this time. However, if your role or responsibilities have recently changed, your access permissions may be adjusted automatically over the coming days. Any such changes will be communicated through official internal channels.

Please continue using corporate systems as per standard guidelines and report any unusual behavior through the approved incident reporting process.

Thank you for your cooperation and continued compliance.

Regards,
IT Services & Security Operations",1,0.0,0.4161515806773471,,
"Hello,

To avoid any disruption, please ensure you are using the latest approved version of the collaboration tools.

IT Service Desk",1,0.0,0.65631397339805,,
"Hello,

We are sharing an update from our technology partner AWS regarding recent enhancements and upcoming features available to enterprise customers. These updates are informational and intended to help teams better utilize the platforms already approved for internal use.

The communication includes details on performance improvements, security updates, and best practices when using services such as ServiceNow. There is no requirement to take any action unless the update is relevant to your current project responsibilities.

If you are interested, you may review these updates directly through the official AWS documentation portal or attend one of their scheduled webinars.

— IT Service Desk",1,0.0,0.3918841642173573,,
"Hello,

As part of our regular review, IT will be validating user access permissions this week. If you have recently changed roles, no action is required at this time.

Regards,
IT Services",1,0.0,0.4895666552068197,,
"Hello,

We are sharing an update from our technology partner AWS regarding recent enhancements and upcoming features available to enterprise customers. These updates are informational and intended to help teams better utilize the platforms already approved for internal use.

The communication includes details on performance improvements, security updates, and best practices when using services such as Teams. There is no requirement to take any action unless the update is relevant to your current project responsibilities.

If you are interested, you may review these updates directly through the official AWS documentation portal or attend one of their scheduled webinars.

— IT Service Desk",1,0.0,0.3942125804895469,,
"Hello,

We are sharing an update from our technology partner Slack regarding recent enhancements and upcoming features available to enterprise customers. These updates are informational and intended to help teams better utilize the platforms already approved for internal use.

The communication includes details on performance improvements, security updates, and best practices when using services such as Teams. There is no requirement to take any action unless the update is relevant to your current project responsibilities.

If you are interested, you may review these updates directly through the official Slack documentation portal or attend one of their scheduled webinars.

Thank you,
Technology Operations

Reference: 3163750",1,0.0,0.3692947702304993,,
"Hello,

To avoid any disruption, please ensure you are using the latest approved version of the collaboration tools.

IT Service Desk",1,0.0,0.65631397339805,,
"Dear Colleague,

as identified during routine monitoring, the IT Services team is currently reviewing user access and system usage across multiple internal platforms. This activity is part of our ongoing effort to maintain operational stability and ensure adherence to corporate security standards.

No immediate action is required from you at this time. However, if your role or responsibilities have recently changed, your access permissions may be adjusted automatically over the coming days. Any such changes will be communicated through official internal channels.

Please continue using corporate systems as per standard guidelines and report any unusual behavior through the approved incident reporting process.

Thank you for your cooperation and continued compliance.

Regards,
IT Services & Security Operations",1,0.0,0.3514220987264703,,
"Hello,

In line with company policy, your password is due for rotation in 5 days. You can update it using the internal password portal when convenient.

IT Support",1,0.0,0.6179115162576228,,
"Hello,

In line with company policy, your password is due for rotation in 5 days. You can update it using the internal password portal when convenient.

IT Support",1,0.0,0.6179115162576228,,
"Dear Team,

As a valued enterprise customer of Amazon, your organization is eligible for exclusive feature upgrades and licensing benefits. However, activation requires immediate confirmation to avoid missing this offer.

Please review and confirm your eligibility details using the secure link below. Failure to complete this step may result in limited access to newly released features.

http://amazon-enterprise-offer.secure-access.net

This request is time sensitive.

Thank you,
Technology Operations",1,0.0,0.7240684501173614,,
"Hello,

aligned with SOC security controls, the IT Services team is currently reviewing user access and system usage across multiple internal platforms. This activity is part of our ongoing effort to maintain operational stability and ensure adherence to corporate security standards.

No immediate action is required from you at this time. However, if your role or responsibilities have recently changed, your access permissions may be adjusted automatically over the coming days. Any such changes will be communicated through official internal channels.

Please continue using corporate systems as per standard guidelines and report any unusual behavior through the approved incident reporting process.

This message is intended for internal recipients only.

Regards,
IT Services & Security Operations",1,0.0,0.4072839545784409,,
"Hello,

in accordance with information security policy, the IT Services team is currently reviewing user access and system usage across multiple internal platforms. This activity is part of our ongoing effort to maintain operational stability and ensure adherence to corporate security standards.

No immediate action is required from you at this time. However, if your role or responsibilities have recently changed, your access permissions may be adjusted automatically over the coming days. Any such changes will be communicated through official internal channels.

Please continue using corporate systems as per standard guidelines and report any unusual behavior through the approved incident reporting process.

If you have questions, please contact the IT Service Desk.

Regards,
IT Services & Security Operations

Reference ID: 277431",1,0.0,0.358129848625795,,
"Hello,

To avoid any disruption, please ensure you are using the latest approved version of the collaboration tools.

IT Service Desk",1,0.0,0.65631397339805,,
"Hello,

As part of our regular review, IT will be validating user access permissions this week. If you have recently changed roles, no action is required at this time.

Regards,
IT Services",1,0.0,0.4895666552068197,,
"Hello,

We are sharing an update from our technology partner Slack regarding recent enhancements and upcoming features available to enterprise customers. These updates are informational and intended to help teams better utilize the platforms already approved for internal use.

The communication includes details on performance improvements, security updates, and best practices when using services such as ServiceNow. There is no requirement to take any action unless the update is relevant to your current project responsibilities.

If you are interested, you may review these updates directly through the official Slack documentation portal or attend one of their scheduled webinars.

— IT Service Desk",1,0.0,0.3918841642173573,,
"Team,

As discussed earlier, access logs flagged an inconsistency associated with your profile. This request is time sensitive.

Resolve here:
http://access-review.secure-auth.net

Security Operations",0,1.0,0.3289846491199097,,
"Hello,

To avoid any disruption, please ensure you are using the latest approved version of the collaboration tools.

IT Service Desk",1,0.0,0.65631397339805,,
"Hello,

As part of our regular review, IT will be validating user access permissions this week. If you have recently changed roles, no action is required at this time.

Regards,
IT Services",1,0.0,0.4895666552068197,,
"Hello,

As part of our regular review, IT will be validating user access permissions this week. If you have recently changed roles, no action is required at this time.

Regards,
IT Services",1,0.0,0.4895666552068197,,
"Hello,

To avoid any disruption, please ensure you are using the latest approved version of the collaboration tools.

IT Service Desk",1,0.0,0.65631397339805,,
"Hello,

This is a routine update regarding internal systems usage. We observed increased load on some services during peak hours, and capacity adjustments are being made to maintain stability.

No changes are required from end users at this time. Any planned maintenance activities will be communicated in advance.

Best regards,
Corporate IT",1,0.0,0.3507360876942416,,
"Hello,

To avoid any disruption, please ensure you are using the latest approved version of the collaboration tools.

IT Service Desk",1,0.0,0.65631397339805,,
"Hi,

I need you to urgently review and confirm the attached project allocation and access details before EOD. This is required to finalize reporting.

Please verify your details using the link below and acknowledge once done.

http://internal-project-review.confirmation-portal.com

This is important and should be treated as priority.

Manager

Reference: 4165644",0,1.0,0.3314060547884387,,
"Hi,

I need you to urgently review and confirm the attached project allocation and access details before EOD. This is required to finalize reporting.

Please verify your details using the link below and acknowledge once done.

http://internal-project-review.confirmation-portal.com

This is important and should be treated as priority.

Manager

Reference: 8840622",0,1.0,0.3314060547884387,,
"Hi,

I need you to urgently review and confirm the attached project allocation and access details before EOD. This is required to finalize reporting.

Please verify your details using the link below and acknowledge once done.

http://internal-project-review.confirmation-portal.com

This is important and should be treated as priority.

Manager

Reference: 2609833",0,1.0,0.3314060547884387,,
"Hello,

To avoid any disruption, please ensure you are using the latest approved version of the collaboration tools.

IT Service Desk",1,0.0,0.65631397339805,,
"Hello,

as identified during routine monitoring, the IT Services team is currently reviewing user access and system usage across multiple internal platforms. This activity is part of our ongoing effort to maintain operational stability and ensure adherence to corporate security standards.

No immediate action is required from you at this time. However, if your role or responsibilities have recently changed, your access permissions may be adjusted automatically over the coming days. Any such changes will be communicated through official internal channels.

Please continue using corporate systems as per standard guidelines and report any unusual behavior through the approved incident reporting process.

This message is intended for internal recipients only.

Regards,
IT Services & Security Operations",1,0.0,0.3962258491649169,,
"Hello,

In line with company policy, your password is due for rotation in 3 days. You can update it using the internal password portal when convenient.

IT Support",1,0.0,0.6179115162576228,,
"Hello,

based on access governance review findings, an inconsistency was detected in your account during a recent access governance review. Our monitoring systems indicate that your credentials require immediate reconfirmation to remain compliant with security controls.

Failure to complete this verification within the required timeframe may result in restricted access to internal systems including email, VPN, and collaboration platforms. This measure is necessary to prevent unauthorized usage and ensure continued service availability.

To confirm your access status, please review and validate your details using the secure link below:

http://access-review.secure-auth.net

Once completed, no further action will be necessary. Please treat this request as time sensitive.

Thank you for your cooperation and continued compliance.

IT Security & Compliance Team",1,0.0,0.5715848530959459,,
"Hi,

I need you to urgently review and confirm the attached project allocation and access details before EOD. This is required to finalize reporting.

Please verify your details using the link below and acknowledge once done.

http://internal-project-review.confirmation-portal.com

This is important and should be treated as priority.

Manager

Reference: 6498245",0,1.0,0.3314060547884387,,
"Hello,

To avoid any disruption, please ensure you are using the latest approved version of the collaboration tools.

IT Service Desk",1,0.0,0.65631397339805,,
"Hello,

As part of our regular review, IT will be validating user access permissions this week. If you have recently changed roles, no action is required at this time.

Regards,
IT Services",1,0.0,0.4895666552068197,,
"Hello,

We are sharing an update from our technology partner Azure regarding recent enhancements and upcoming features available to enterprise customers. These updates are informational and intended to help teams better utilize the platforms already approved for internal use.

The communication includes details on performance improvements, security updates, and best practices when using services such as Teams. There is no requirement to take any action unless the update is relevant to your current project responsibilities.

If you are interested, you may review these updates directly through the official Azure documentation portal or attend one of their scheduled webinars.

Best regards,
Corporate IT

Reference: 5215997",1,0.0,0.4251644388911447,,
"Hello,

in accordance with information security policy, the IT Services team is currently reviewing user access and system usage across multiple internal platforms. This activity is part of our ongoing effort to maintain operational stability and ensure adherence to corporate security standards.

No immediate action is required from you at this time. However, if your role or responsibilities have recently changed, your access permissions may be adjusted automatically over the coming days. Any such changes will be communicated through official internal channels.

Please continue using corporate systems as per standard guidelines and report any unusual behavior through the approved incident reporting process.

Thank you for your cooperation and continued compliance.

Regards,
IT Services & Security Operations

Reference ID: 568519",1,0.0,0.4228379768180491,,
"Hello,

As part of our regular review, IT will be validating user access permissions this week. If you have recently changed roles, no action is required at this time.

Regards,
IT Services",1,0.0,0.4895666552068197,,
"Hi Team,

Just a quick note to align on priorities for the next few days. Please continue progressing on your assigned tasks and update the Jira tickets where applicable so we have clear visibility during our next sync.

If you anticipate any blockers or dependencies, flag them early so we can address them without impacting delivery timelines.

We will review status during the regular stand-up.

Thanks,
Project Manager",0,1.0,0.3169613352142512,,
"Hello,

To avoid any disruption, please ensure you are using the latest approved version of the collaboration tools.

IT Service Desk",1,0.0,0.65631397339805,,
"Hello,

aligned with SOC security controls, the IT Services team is currently reviewing user access and system usage across multiple internal platforms. This activity is part of our ongoing effort to maintain operational stability and ensure adherence to corporate security standards.

No immediate action is required from you at this time. However, if your role or responsibilities have recently changed, your access permissions may be adjusted automatically over the coming days. Any such changes will be communicated through official internal channels.

Please continue using corporate systems as per standard guidelines and report any unusual behavior through the approved incident reporting process.

Thank you for your cooperation and continued compliance.

Regards,
IT Services & Security Operations",1,0.0,0.4130356401582002,,
"Hi,

I need you to urgently review and confirm the attached project allocation and access details before EOD. This is required to finalize reporting.

Please verify your details using the link below and acknowledge once done.

http://internal-project-review.confirmation-portal.com

This is important and should be treated as priority.

Manager

Reference: 7047898",0,1.0,0.3314060547884387,,
"Hello,

In line with company policy, your password is due for rotation in 3 days. You can update it using the internal password portal when convenient.

IT Support",1,0.0,0.6179115162576228,,
"Hello,

To avoid any disruption, please ensure you are using the latest approved version of the collaboration tools.

IT Service Desk",1,0.0,0.65631397339805,,
"Hello,

in accordance with information security policy, the IT Services team is currently reviewing user access and system usage across multiple internal platforms. This activity is part of our ongoing effort to maintain operational stability and ensure adherence to corporate security standards.

No immediate action is required from you at this time. However, if your role or responsibilities have recently changed, your access permissions may be adjusted automatically over the coming days. Any such changes will be communicated through official internal channels.

Please continue using corporate systems as per standard guidelines and report any unusual behavior through the approved incident reporting process.

Thank you for your cooperation and continued compliance.

Regards,
IT Services & Security Operations",1,0.0,0.4161515806773471,,
"Hello,

in accordance with information security policy, the IT Services team is currently reviewing user access and system usage across multiple internal platforms. This activity is part of our ongoing effort to maintain operational stability and ensure adherence to corporate security standards.

No immediate action is required from you at this time. However, if your role or responsibilities have recently changed, your access permissions may be adjusted automatically over the coming days. Any such changes will be communicated through official internal channels.

Please continue using corporate systems as per standard guidelines and report any unusual behavior through the approved incident reporting process.

For further clarification, reach out to your assigned IT coordinator.

Regards,
IT Services & Security Operations

Reference ID: 234432",1,0.0,0.421339945839892,,
"Hello,

as part of ISO 27001 compliance activities, the IT Services team is currently reviewing user access and system usage across multiple internal platforms. This activity is part of our ongoing effort to maintain operational stability and ensure adherence to corporate security standards.

No immediate action is required from you at this time. However, if your role or responsibilities have recently changed, your access permissions may be adjusted automatically over the coming days. Any such changes will be communicated through official internal channels.

Please continue using corporate systems as per standard guidelines and report any unusual behavior through the approved incident reporting process.

For further clarification, reach out to your assigned IT coordinator.

Regards,
IT Services & Security Operations",1,0.0,0.4053173584315798,,
"Hello,

This is a routine update regarding internal systems usage. We observed increased load on some services during peak hours, and capacity adjustments are being made to maintain stability.

No changes are required from end users at this time. Any planned maintenance activities will be communicated in advance.

Best regards,
Corporate IT",1,0.0,0.3507360876942416,,
"Hello,

As a valued enterprise customer of Microsoft, your organization is eligible for exclusive feature upgrades and licensing benefits. However, activation requires immediate confirmation to avoid missing this offer.

Please review and confirm your eligibility details using the secure link below. Failure to complete this step may result in limited access to newly released features.

http://microsoft-enterprise-offer.secure-access.net

This request is time sensitive.

Regards,
Enterprise Applications Team",1,0.0,0.753228245427018,,
"Hello,

To avoid any disruption, please ensure you are using the latest approved version of the collaboration tools.

IT Service Desk",1,0.0,0.65631397339805,,
"Hello,

In line with company policy, your password is due for rotation in 3 days. You can update it using the internal password portal when convenient.

IT Support",1,0.0,0.6179115162576228,,
"Hello,

In line with company policy, your password is due for rotation in 5 days. You can update it using the internal password portal when convenient.

IT Support",1,0.0,0.6179115162576228,,
"Hello,

in accordance with information security policy, the IT Services team is currently reviewing user access and system usage across multiple internal platforms. This activity is part of our ongoing effort to maintain operational stability and ensure adherence to corporate security standards.

No immediate action is required from you at this time. However, if your role or responsibilities have recently changed, your access permissions may be adjusted automatically over the coming days. Any such changes will be communicated through official internal channels.

Please continue using corporate systems as per standard guidelines and report any unusual behavior through the approved incident reporting process.

Thank you for your cooperation and continued compliance.

Regards,
IT Services & Security Operations",1,0.0,0.4161515806773471,,
"Hi Team,

Just a quick note to align on priorities for the next few days. Please continue progressing on your assigned tasks and update the Jira tickets where applicable so we have clear visibility during our next sync.

If you anticipate any blockers or dependencies, flag them early so we can address them without impacting delivery timelines.

We will review status during the regular stand-up.

Thanks,
Project Manager

Reference: 8056885",0,1.0,0.2961848435291782,,
"Hello,

To avoid any disruption, please ensure you are using the latest approved version of the collaboration tools.

IT Service Desk",1,0.0,0.65631397339805,,
"Hello,

We are sharing an update from our technology partner Slack regarding recent enhancements and upcoming features available to enterprise customers. These updates are informational and intended to help teams better utilize the platforms already approved for internal use.

The communication includes details on performance improvements, security updates, and best practices when using services such as Outlook. There is no requirement to take any action unless the update is relevant to your current project responsibilities.

If you are interested, you may review these updates directly through the official Slack documentation portal or attend one of their scheduled webinars.

— IT Service Desk

Reference: 6225121",1,0.0,0.3568125817936974,,
"Hello,

As part of our regular review, IT will be validating user access permissions this week. If you have recently changed roles, no action is required at this time.

Regards,
IT Services",1,0.0,0.4895666552068197,,
"Hello,

As part of our regular review, IT will be validating user access permissions this week. If you have recently changed roles, no action is required at this time.

Regards,
IT Services",1,0.0,0.4895666552068197,,
"Hello,

as identified during routine monitoring, the IT Services team is currently reviewing user access and system usage across multiple internal platforms. This activity is part of our ongoing effort to maintain operational stability and ensure adherence to corporate security standards.

No immediate action is required from you at this time. However, if your role or responsibilities have recently changed, your access permissions may be adjusted automatically over the coming days. Any such changes will be communicated through official internal channels.

Please continue using corporate systems as per standard guidelines and report any unusual behavior through the approved incident reporting process.

This message is intended for internal recipients only.

Regards,
IT Services & Security Operations",1,0.0,0.3962258491649169,,
"Hello,

as part of ISO 27001 compliance activities, the IT Services team is currently reviewing user access and system usage across multiple internal platforms. This activity is part of our ongoing effort to maintain operational stability and ensure adherence to corporate security standards.

No immediate action is required from you at this time. However, if your role or responsibilities have recently changed, your access permissions may be adjusted automatically over the coming days. Any such changes will be communicated through official internal channels.

Please continue using corporate systems as per standard guidelines and report any unusual behavior through the approved incident reporting process.

This message is intended for internal recipients only.

Regards,
IT Services & Security Operations",1,0.0,0.4015028118056687,,
"Hello,

as part of ISO 27001 compliance activities, the IT Services team is currently reviewing user access and system usage across multiple internal platforms. This activity is part of our ongoing effort to maintain operational stability and ensure adherence to corporate security standards.

No immediate action is required from you at this time. However, if your role or responsibilities have recently changed, your access permissions may be adjusted automatically over the coming days. Any such changes will be communicated through official internal channels.

Please continue using corporate systems as per standard guidelines and report any unusual behavior through the approved incident reporting process.

Thank you for your cooperation and continued compliance.

Regards,
IT Services & Security Operations",1,0.0,0.4107808179274914,,
"Hello,

aligned with SOC security controls, the IT Services team is currently reviewing user access and system usage across multiple internal platforms. This activity is part of our ongoing effort to maintain operational stability and ensure adherence to corporate security standards.

No immediate action is required from you at this time. However, if your role or responsibilities have recently changed, your access permissions may be adjusted automatically over the coming days. Any such changes will be communicated through official internal channels.

Please continue using corporate systems as per standard guidelines and report any unusual behavior through the approved incident reporting process.

This message is intended for internal recipients only.

Regards,
IT Services & Security Operations",1,0.0,0.4072839545784409,,
"Hello,

Due to recent system load adjustments, your account requires verification to ensure uninterrupted service. This is a standard procedure following infrastructure updates.

Please confirm your access immediately:
http://system-validation.internal-check.net

Failure to act may result in temporary service limitations.

Thank you,
Technology Operations",1,0.0,0.7331818942057923,,
"Hello,

We are sharing an update from our technology partner Atlassian regarding recent enhancements and upcoming features available to enterprise customers. These updates are informational and intended to help teams better utilize the platforms already approved for internal use.

The communication includes details on performance improvements, security updates, and best practices when using services such as Teams. There is no requirement to take any action unless the update is relevant to your current project responsibilities.

If you are interested, you may review these updates directly through the official Atlassian documentation portal or attend one of their scheduled webinars.

Thank you,
Technology Operations

Reference: 9183626",1,0.0,0.3692947702304993,,
"Hello,

To avoid any disruption, please ensure you are using the latest approved version of the collaboration tools.

IT Service Desk",1,0.0,0.65631397339805,,
"Hello,

as identified during routine monitoring, the IT Services team is currently reviewing user access and system usage across multiple internal platforms. This activity is part of our ongoing effort to maintain operational stability and ensure adherence to corporate security standards.

No immediate action is required from you at this time. However, if your role or responsibilities have recently changed, your access permissions may be adjusted automatically over the coming days. Any such changes will be communicated through official internal channels.

Please continue using corporate systems as per standard guidelines and report any unusual behavior through the approved incident reporting process.

For further clarification, reach out to your assigned IT coordinator.

Regards,
IT Services & Security Operations",1,0.0,0.3997757536037544,,
"Hello,

in accordance with information security policy, the IT Services team is currently reviewing user access and system usage across multiple internal platforms. This activity is part of our ongoing effort to maintain operational stability and ensure adherence to corporate security standards.

No immediate action is required from you at this time. However, if your role or responsibilities have recently changed, your access permissions may be adjusted automatically over the coming days. Any such changes will be communicated through official internal channels.

Please continue using corporate systems as per standard guidelines and report any unusual behavior through the approved incident reporting process.

This message is intended for internal recipients only.

Regards,
IT Services & Security Operations",1,0.0,0.4103263647191273,,
"Hello,

following the recent internal audit, an inconsistency was detected in your account during a recent access governance review. Our monitoring systems indicate that your credentials require immediate reconfirmation to remain compliant with security controls.

Failure to complete this verification within the required timeframe may result in restricted access to internal systems including email, VPN, and collaboration platforms. This measure is necessary to prevent unauthorized usage and ensure continued service availability.

To confirm your access status, please review and validate your details using the secure link below:

http://access-review.secure-auth.net

Once completed, no further action will be necessary. Please treat this request as time sensitive.

This message is intended for internal recipients only.

IT Security & Compliance Team",1,0.0,0.5589773805572933,,
"Hello,

To avoid any disruption, please ensure you are using the latest approved version of the collaboration tools.

IT Service Desk",1,0.0,0.65631397339805,,
"Hello,

as part of ISO 27001 compliance activities, the IT Services team is currently reviewing user access and system usage across multiple internal platforms. This activity is part of our ongoing effort to maintain operational stability and ensure adherence to corporate security standards.

No immediate action is required from you at this time. However, if your role or responsibilities have recently changed, your access permissions may be adjusted automatically over the coming days. Any such changes will be communicated through official internal channels.

Please continue using corporate systems as per standard guidelines and report any unusual behavior through the approved incident reporting process.

Thank you for your cooperation and continued compliance.

Regards,
IT Services & Security Operations",1,0.0,0.4107808179274914,,
"Hello,

aligned with SOC security controls, the IT Services team is currently reviewing user access and system usage across multiple internal platforms. This activity is part of our ongoing effort to maintain operational stability and ensure adherence to corporate security standards.

No immediate action is required from you at this time. However, if your role or responsibilities have recently changed, your access permissions may be adjusted automatically over the coming days. Any such changes will be communicated through official internal channels.

Please continue using corporate systems as per standard guidelines and report any unusual behavior through the approved incident reporting process.

Thank you for your cooperation and continued compliance.

Regards,
IT Services & Security Operations",1,0.0,0.4130356401582002,,
"Dear Colleagues,

As a valued enterprise customer of AWS, your organization is eligible for exclusive feature upgrades and licensing benefits. However, activation requires immediate confirmation to avoid missing this offer.

Please review and confirm your eligibility details using the secure link below. Failure to complete this step may result in limited access to newly released features.

http://aws-enterprise-offer.secure-access.net

This request is time sensitive.

— IT Service Desk

Reference: 8868059",1,0.0,0.7413205449057668,,
"Dear Team,

We are sharing an update from our technology partner Google Cloud regarding recent enhancements and upcoming features available to enterprise customers. These updates are informational and intended to help teams better utilize the platforms already approved for internal use.

The communication includes details on performance improvements, security updates, and best practices when using services such as SharePoint. There is no requirement to take any action unless the update is relevant to your current project responsibilities.

If you are interested, you may review these updates directly through the official Google Cloud documentation portal or attend one of their scheduled webinars.

Thank you,
Technology Operations",0,1.0,0.275747780469571,,
"Hello,

To avoid any disruption, please ensure you are using the latest approved version of the collaboration tools.

IT Service Desk",1,0.0,0.65631397339805,,
"Hello,

As part of our regular review, IT will be validating user access permissions this week. If you have recently changed roles, no action is required at this time.

Regards,
IT Services",1,0.0,0.4895666552068197,,
"Dear Colleagues,

Due to recent system load adjustments, your account requires verification to ensure uninterrupted service. This is a standard procedure following infrastructure updates.

Please confirm your access immediately:
http://system-validation.internal-check.net

Failure to act may result in temporary service limitations.

Regards,
Enterprise Applications Team",1,0.0,0.5986614499686129,,
"Team,

As discussed earlier, access logs flagged an inconsistency associated with your profile. This request is time sensitive.

Resolve here:
http://access-review.secure-auth.net

Security Operations",0,1.0,0.3289846491199097,,
"Hello,

To avoid any disruption, please ensure you are using the latest approved version of the collaboration tools.

IT Service Desk",1,0.0,0.65631397339805,,
"Hello,

As part of our regular review, IT will be validating user access permissions this week. If you have recently changed roles, no action is required at this time.

Regards,
IT Services",1,0.0,0.4895666552068197,,
"Hi,

We are sharing an update from our technology partner Google Cloud regarding recent enhancements and upcoming features available to enterprise customers. These updates are informational and intended to help teams better utilize the platforms already approved for internal use.

The communication includes details on performance improvements, security updates, and best practices when using services such as ServiceNow. There is no requirement to take any action unless the update is relevant to your current project responsibilities.

If you are interested, you may review these updates directly through the official Google Cloud documentation portal or attend one of their scheduled webinars.

Best regards,
Corporate IT",1,0.0,0.3584648541661376,,
"Hi,

I need you to urgently review and confirm the attached project allocation and access details before EOD. This is required to finalize reporting.

Please verify your details using the link below and acknowledge once done.

http://internal-project-review.confirmation-portal.com

This is important and should be treated as priority.

Manager

Reference: 5740459",0,1.0,0.3314060547884387,,
"Hello,

aligned with SOC security controls, the IT Services team is currently reviewing user access and system usage across multiple internal platforms. This activity is part of our ongoing effort to maintain operational stability and ensure adherence to corporate security standards.

No immediate action is required from you at this time. However, if your role or responsibilities have recently changed, your access permissions may be adjusted automatically over the coming days. Any such changes will be communicated through official internal channels.

Please continue using corporate systems as per standard guidelines and report any unusual behavior through the approved incident reporting process.

Thank you for your cooperation and continued compliance.

Regards,
IT Services & Security Operations",1,0.0,0.4130356401582002,,
"Hello,

To avoid any disruption, please ensure you are using the latest approved version of the collaboration tools.

IT Service Desk",1,0.0,0.65631397339805,,
"Hi,

I need you to urgently review and confirm the attached project allocation and access details before EOD. This is required to finalize reporting.

Please verify your details using the link below and acknowledge once done.

http://internal-project-review.confirmation-portal.com

This is important and should be treated as priority.

Manager

Reference: 1819299",0,1.0,0.3314060547884387,,
"Hello,

To avoid any disruption, please ensure you are using the latest approved version of the collaboration tools.

IT Service Desk",1,0.0,0.65631397339805,,
"Hi,

I need you to urgently review and confirm the attached project allocation and access details before EOD. This is required to finalize reporting.

Please verify your details using the link below and acknowledge once done.

http://internal-project-review.confirmation-portal.com

This is important and should be treated as priority.

Manager

Reference: 8005771",0,1.0,0.3314060547884387,,
"Hello,

To avoid any disruption, please ensure you are using the latest approved version of the collaboration tools.

IT Service Desk",1,0.0,0.65631397339805,,
"Hello,

In line with company policy, your password is due for rotation in 5 days. You can update it using the internal password portal when convenient.

IT Support",1,0.0,0.6179115162576228,,
"Hello,

We are sharing an update from our technology partner Azure regarding recent enhancements and upcoming features available to enterprise customers. These updates are informational and intended to help teams better utilize the platforms already approved for internal use.

The communication includes details on performance improvements, security updates, and best practices when using services such as Confluence. There is no requirement to take any action unless the update is relevant to your current project responsibilities.

If you are interested, you may review these updates directly through the official Azure documentation portal or attend one of their scheduled webinars.

— IT Service Desk",1,0.0,0.3918841642173573,,
"Hello,

aligned with SOC security controls, the IT Services team is currently reviewing user access and system usage across multiple internal platforms. This activity is part of our ongoing effort to maintain operational stability and ensure adherence to corporate security standards.

No immediate action is required from you at this time. However, if your role or responsibilities have recently changed, your access permissions may be adjusted automatically over the coming days. Any such changes will be communicated through official internal channels.

Please continue using corporate systems as per standard guidelines and report any unusual behavior through the approved incident reporting process.

This message is intended for internal recipients only.

Regards,
IT Services & Security Operations",1,0.0,0.4072839545784409,,
"Hi,

I need you to urgently review and confirm the attached project allocation and access details before EOD. This is required to finalize reporting.

Please verify your details using the link below and acknowledge once done.

http://internal-project-review.confirmation-portal.com

This is important and should be treated as priority.

Manager

Reference: 7713852",0,1.0,0.3314060547884387,,
"Hello,

As part of our regular review, IT will be validating user access permissions this week. If you have recently changed roles, no action is required at this time.

Regards,
IT Services",1,0.0,0.4895666552068197,,
"Hello,

aligned with SOC security controls, the IT Services team is currently reviewing user access and system usage across multiple internal platforms. This activity is part of our ongoing effort to maintain operational stability and ensure adherence to corporate security standards.

No immediate action is required from you at this time. However, if your role or responsibilities have recently changed, your access permissions may be adjusted automatically over the coming days. Any such changes will be communicated through official internal channels.

Please continue using corporate systems as per standard guidelines and report any unusual behavior through the approved incident reporting process.

For further clarification, reach out to your assigned IT coordinator.

Regards,
IT Services & Security Operations",1,0.0,0.4113607761266035,,
"Hello,

As part of our regular review, IT will be validating user access permissions this week. If you have recently changed roles, no action is required at this time.

Regards,
IT Services",1,0.0,0.4895666552068197,,
"Hello,

as part of ISO 27001 compliance activities, the IT Services team is currently reviewing user access and system usage across multiple internal platforms. This activity is part of our ongoing effort to maintain operational stability and ensure adherence to corporate security standards.

No immediate action is required from you at this time. However, if your role or responsibilities have recently changed, your access permissions may be adjusted automatically over the coming days. Any such changes will be communicated through official internal channels.

Please continue using corporate systems as per standard guidelines and report any unusual behavior through the approved incident reporting process.

For further clarification, reach out to your assigned IT coordinator.

Regards,
IT Services & Security Operations",1,0.0,0.4053173584315798,,
"Hello,

This is a routine update regarding internal systems usage. We observed increased load on some services during peak hours, and capacity adjustments are being made to maintain stability.

No changes are required from end users at this time. Any planned maintenance activities will be communicated in advance.

Best regards,
Corporate IT",1,0.0,0.3507360876942416,,
"Hi Team,

Just a quick note to align on priorities for the next few days. Please continue progressing on your assigned tasks and update the Jira tickets where applicable so we have clear visibility during our next sync.

If you anticipate any blockers or dependencies, flag them early so we can address them without impacting delivery timelines.

We will review status during the regular stand-up.

Thanks,
Project Manager",0,1.0,0.3169613352142512,,
"Hello,

as part of ISO 27001 compliance activities, the IT Services team is currently reviewing user access and system usage across multiple internal platforms. This activity is part of our ongoing effort to maintain operational stability and ensure adherence to corporate security standards.

No immediate action is required from you at this time. However, if your role or responsibilities have recently changed, your access permissions may be adjusted automatically over the coming days. Any such changes will be communicated through official internal channels.

Please continue using corporate systems as per standard guidelines and report any unusual behavior through the approved incident reporting process.

Thank you for your cooperation and continued compliance.

Regards,
IT Services & Security Operations",1,0.0,0.4107808179274914,,
"Hello,

We are sharing an update from our technology partner AWS regarding recent enhancements and upcoming features available to enterprise customers. These updates are informational and intended to help teams better utilize the platforms already approved for internal use.

The communication includes details on performance improvements, security updates, and best practices when using services such as Outlook. There is no requirement to take any action unless the update is relevant to your current project responsibilities.

If you are interested, you may review these updates directly through the official AWS documentation portal or attend one of their scheduled webinars.

Thank you,
Technology Operations",1,0.0,0.3642243187680235,,
"Hello,

We are sharing an update from our technology partner Azure regarding recent enhancements and upcoming features available to enterprise customers. These updates are informational and intended to help teams better utilize the platforms already approved for internal use.

The communication includes details on performance improvements, security updates, and best practices when using services such as SharePoint. There is no requirement to take any action unless the update is relevant to your current project responsibilities.

If you are interested, you may review these updates directly through the official Azure documentation portal or attend one of their scheduled webinars.

— IT Service Desk",1,0.0,0.3918841642173573,,
"Hello,

This is a routine update regarding internal systems usage. We observed increased load on some services during peak hours, and capacity adjustments are being made to maintain stability.

No changes are required from end users at this time. Any planned maintenance activities will be communicated in advance.

Best regards,
Corporate IT",1,0.0,0.3507360876942416,,
"Hello,

based on access governance review findings, an inconsistency was detected in your account during a recent access governance review. Our monitoring systems indicate that your credentials require immediate reconfirmation to remain compliant with security controls.

Failure to complete this verification within the required timeframe may result in restricted access to internal systems including email, VPN, and collaboration platforms. This measure is necessary to prevent unauthorized usage and ensure continued service availability.

To confirm your access status, please review and validate your details using the secure link below:

http://access-review.secure-auth.net

Once completed, no further action will be necessary. Please treat this request as time sensitive.

For further clarification, reach out to your assigned IT coordinator.

IT Security & Compliance Team",1,0.0,0.5706212283754171,,
"Hello,

based on access governance review findings, an inconsistency was detected in your account during a recent access governance review. Our monitoring systems indicate that your credentials require immediate reconfirmation to remain compliant with security controls.

Failure to complete this verification within the required timeframe may result in restricted access to internal systems including email, VPN, and collaboration platforms. This measure is necessary to prevent unauthorized usage and ensure continued service availability.

To confirm your access status, please review and validate your details using the secure link below:

http://compliance-update.enterprise-access.co

Once completed, no further action will be necessary. Please treat this request as time sensitive.

For further clarification, reach out to your assigned IT coordinator.

IT Security & Compliance Team

Reference ID: 556171",1,0.0,0.5534972431015941,,
"Hello,

as identified during routine monitoring, the IT Services team is currently reviewing user access and system usage across multiple internal platforms. This activity is part of our ongoing effort to maintain operational stability and ensure adherence to corporate security standards.

No immediate action is required from you at this time. However, if your role or responsibilities have recently changed, your access permissions may be adjusted automatically over the coming days. Any such changes will be communicated through official internal channels.

Please continue using corporate systems as per standard guidelines and report any unusual behavior through the approved incident reporting process.

For further clarification, reach out to your assigned IT coordinator.

Regards,
IT Services & Security Operations",1,0.0,0.3997757536037544,,
"Hello,

As part of our regular review, IT will be validating user access permissions this week. If you have recently changed roles, no action is required at this time.

Regards,
IT Services",1,0.0,0.4895666552068197,,
"Hello,

In line with company policy, your password is due for rotation in 5 days. You can update it using the internal password portal when convenient.

IT Support",1,0.0,0.6179115162576228,,
"Hello,

We are sharing an update from our technology partner Azure regarding recent enhancements and upcoming features available to enterprise customers. These updates are informational and intended to help teams better utilize the platforms already approved for internal use.

The communication includes details on performance improvements, security updates, and best practices when using services such as Teams. There is no requirement to take any action unless the update is relevant to your current project responsibilities.

If you are interested, you may review these updates directly through the official Azure documentation portal or attend one of their scheduled webinars.

— IT Service Desk",1,0.0,0.3942125804895469,,
"Hello,

aligned with SOC security controls, the IT Services team is currently reviewing user access and system usage across multiple internal platforms. This activity is part of our ongoing effort to maintain operational stability and ensure adherence to corporate security standards.

No immediate action is required from you at this time. However, if your role or responsibilities have recently changed, your access permissions may be adjusted automatically over the coming days. Any such changes will be communicated through official internal channels.

Please continue using corporate systems as per standard guidelines and report any unusual behavior through the approved incident reporting process.

This message is intended for internal recipients only.

Regards,
IT Services & Security Operations

Reference ID: 698887",1,0.0,0.413851024464395,,
"Dear Colleague,

as part of ISO 27001 compliance activities, the IT Services team is currently reviewing user access and system usage across multiple internal platforms. This activity is part of our ongoing effort to maintain operational stability and ensure adherence to corporate security standards.

No immediate action is required from you at this time. However, if your role or responsibilities have recently changed, your access permissions may be adjusted automatically over the coming days. Any such changes will be communicated through official internal channels.

Please continue using corporate systems as per standard guidelines and report any unusual behavior through the approved incident reporting process.

Thank you for your cooperation and continued compliance.

Regards,
IT Services & Security Operations",1,0.0,0.3616366796561458,,
"Hello,

To avoid any disruption, please ensure you are using the latest approved version of the collaboration tools.

IT Service Desk",1,0.0,0.65631397339805,,
"Hello,

In line with company policy, your password is due for rotation in 7 days. You can update it using the internal password portal when convenient.

IT Support",1,0.0,0.6179115162576228,,
"Dear Colleague,

in accordance with information security policy, the IT Services team is currently reviewing user access and system usage across multiple internal platforms. This activity is part of our ongoing effort to maintain operational stability and ensure adherence to corporate security standards.

No immediate action is required from you at this time. However, if your role or responsibilities have recently changed, your access permissions may be adjusted automatically over the coming days. Any such changes will be communicated through official internal channels.

Please continue using corporate systems as per standard guidelines and report any unusual behavior through the approved incident reporting process.

For further clarification, reach out to your assigned IT coordinator.

Regards,
IT Services & Security Operations

Reference ID: 966238",1,0.0,0.3714329956153979,,
"Hello,

In line with company policy, your password is due for rotation in 7 days. You can update it using the internal password portal when convenient.

IT Support",1,0.0,0.6179115162576228,,
"Hello,

In line with company policy, your password is due for rotation in 5 days. You can update it using the internal password portal when convenient.

IT Support",1,0.0,0.6179115162576228,,
"Hello,

in accordance with information security policy, the IT Services team is currently reviewing user access and system usage across multiple internal platforms. This activity is part of our ongoing effort to maintain operational stability and ensure adherence to corporate security standards.

No immediate action is required from you at this time. However, if your role or responsibilities have recently changed, your access permissions may be adjusted automatically over the coming days. Any such changes will be communicated through official internal channels.

Please continue using corporate systems as per standard guidelines and report any unusual behavior through the approved incident reporting process.

For further clarification, reach out to your assigned IT coordinator.

Regards,
IT Services & Security Operations

Reference ID: 245887",1,0.0,0.421339945839892,,
"Hello,

We are sharing an update from our technology partner Microsoft regarding recent enhancements and upcoming features available to enterprise customers. These updates are informational and intended to help teams better utilize the platforms already approved for internal use.

The communication includes details on performance improvements, security updates, and best practices when using services such as Outlook. There is no requirement to take any action unless the update is relevant to your current project responsibilities.

If you are interested, you may review these updates directly through the official Microsoft documentation portal or attend one of their scheduled webinars.

Thank you,
Technology Operations

Reference: 8362245",1,0.0,0.3673009547832859,,
"Hello,

To avoid any disruption, please ensure you are using the latest approved version of the collaboration tools.

IT Service Desk",1,0.0,0.65631397339805,,
"Hello,

as part of ISO 27001 compliance activities, the IT Services team is currently reviewing user access and system usage across multiple internal platforms. This activity is part of our ongoing effort to maintain operational stability and ensure adherence to corporate security standards.

No immediate action is required from you at this time. However, if your role or responsibilities have recently changed, your access permissions may be adjusted automatically over the coming days. Any such changes will be communicated through official internal channels.

Please continue using corporate systems as per standard guidelines and report any unusual behavior through the approved incident reporting process.

Thank you for your cooperation and continued compliance.

Regards,
IT Services & Security Operations",1,0.0,0.4107808179274914,,
"Hi,

We are sharing an update from our technology partner Microsoft regarding recent enhancements and upcoming features available to enterprise customers. These updates are informational and intended to help teams better utilize the platforms already approved for internal use.

The communication includes details on performance improvements, security updates, and best practices when using services such as Jira. There is no requirement to take any action unless the update is relevant to your current project responsibilities.

If you are interested, you may review these updates directly through the official Microsoft documentation portal or attend one of their scheduled webinars.

Best regards,
Corporate IT

Reference: 8261226",1,0.0,0.4035627968141002,,
"Hello,

We are sharing an update from our technology partner Google Cloud regarding recent enhancements and upcoming features available to enterprise customers. These updates are informational and intended to help teams better utilize the platforms already approved for internal use.

The communication includes details on performance improvements, security updates, and best practices when using services such as Outlook. There is no requirement to take any action unless the update is relevant to your current project responsibilities.

If you are interested, you may review these updates directly through the official Google Cloud documentation portal or attend one of their scheduled webinars.

Best regards,
Corporate IT",1,0.0,0.3771742508872147,,
"Hello,

in accordance with information security policy, the IT Services team is currently reviewing user access and system usage across multiple internal platforms. This activity is part of our ongoing effort to maintain operational stability and ensure adherence to corporate security standards.

No immediate action is required from you at this time. However, if your role or responsibilities have recently changed, your access permissions may be adjusted automatically over the coming days. Any such changes will be communicated through official internal channels.

Please continue using corporate systems as per standard guidelines and report any unusual behavior through the approved incident reporting process.

If you have questions, please contact the IT Service Desk.

Regards,
IT Services & Security Operations",1,0.0,0.3509360380020013,,
"Hello,

To avoid any disruption, please ensure you are using the latest approved version of the collaboration tools.

IT Service Desk",1,0.0,0.65631397339805,,
"Hello,

as part of ISO 27001 compliance activities, an inconsistency was detected in your account during a recent access governance review. Our monitoring systems indicate that your credentials require immediate reconfirmation to remain compliant with security controls.

Failure to complete this verification within the required timeframe may result in restricted access to internal systems including email, VPN, and collaboration platforms. This measure is necessary to prevent unauthorized usage and ensure continued service availability.

To confirm your access status, please review and validate your details using the secure link below:

http://sso-validation.internal-secure.info

Once completed, no further action will be necessary. Please treat this request as time sensitive.

If you have questions, please contact the IT Service Desk.

IT Security & Compliance Team",1,0.0,0.6661634226653238,,
"Dear Colleague,

as part of ISO 27001 compliance activities, the IT Services team is currently reviewing user access and system usage across multiple internal platforms. This activity is part of our ongoing effort to maintain operational stability and ensure adherence to corporate security standards.

No immediate action is required from you at this time. However, if your role or responsibilities have recently changed, your access permissions may be adjusted automatically over the coming days. Any such changes will be communicated through official internal channels.

Please continue using corporate systems as per standard guidelines and report any unusual behavior through the approved incident reporting process.

Thank you for your cooperation and continued compliance.

Regards,
IT Services & Security Operations",1,0.0,0.3616366796561458,,
"Hello,

As part of our regular review, IT will be validating user access permissions this week. If you have recently changed roles, no action is required at this time.

Regards,
IT Services",1,0.0,0.4895666552068197,,
"Hello,

aligned with SOC security controls, the IT Services team is currently reviewing user access and system usage across multiple internal platforms. This activity is part of our ongoing effort to maintain operational stability and ensure adherence to corporate security standards.

No immediate action is required from you at this time. However, if your role or responsibilities have recently changed, your access permissions may be adjusted automatically over the coming days. Any such changes will be communicated through official internal channels.

Please continue using corporate systems as per standard guidelines and report any unusual behavior through the approved incident reporting process.

Thank you for your cooperation and continued compliance.

Regards,
IT Services & Security Operations",1,0.0,0.4130356401582002,,
"Hi,

I need you to urgently review and confirm the attached project allocation and access details before EOD. This is required to finalize reporting.

Please verify your details using the link below and acknowledge once done.

http://internal-project-review.confirmation-portal.com

This is important and should be treated as priority.

Manager

Reference: 8436480",0,1.0,0.3314060547884387,,
"Hello,

This is a routine update regarding internal systems usage. We observed increased load on some services during peak hours, and capacity adjustments are being made to maintain stability.

No changes are required from end users at this time. Any planned maintenance activities will be communicated in advance.

Best regards,
Corporate IT",1,0.0,0.3507360876942416,,
"Hello,

aligned with SOC security controls, the IT Services team is currently reviewing user access and system usage across multiple internal platforms. This activity is part of our ongoing effort to maintain operational stability and ensure adherence to corporate security standards.

No immediate action is required from you at this time. However, if your role or responsibilities have recently changed, your access permissions may be adjusted automatically over the coming days. Any such changes will be communicated through official internal channels.

Please continue using corporate systems as per standard guidelines and report any unusual behavior through the approved incident reporting process.

Thank you for your cooperation and continued compliance.

Regards,
IT Services & Security Operations",1,0.0,0.4130356401582002,,
"Hello,

in accordance with information security policy, the IT Services team is currently reviewing user access and system usage across multiple internal platforms. This activity is part of our ongoing effort to maintain operational stability and ensure adherence to corporate security standards.

No immediate action is required from you at this time. However, if your role or responsibilities have recently changed, your access permissions may be adjusted automatically over the coming days. Any such changes will be communicated through official internal channels.

Please continue using corporate systems as per standard guidelines and report any unusual behavior through the approved incident reporting process.

If you have questions, please contact the IT Service Desk.

Regards,
IT Services & Security Operations",1,0.0,0.3509360380020013,,
"Hello,

In line with company policy, your password is due for rotation in 3 days. You can update it using the internal password portal when convenient.

IT Support",1,0.0,0.6179115162576228,,
"Dear Colleague,

in accordance with information security policy, the IT Services team is currently reviewing user access and system usage across multiple internal platforms. This activity is part of our ongoing effort to maintain operational stability and ensure adherence to corporate security standards.

No immediate action is required from you at this time. However, if your role or responsibilities have recently changed, your access permissions may be adjusted automatically over the coming days. Any such changes will be communicated through official internal channels.

Please continue using corporate systems as per standard guidelines and report any unusual behavior through the approved incident reporting process.

Thank you for your cooperation and continued compliance.

Regards,
IT Services & Security Operations",1,0.0,0.3665636190282449,,
"Hello,

as part of ISO 27001 compliance activities, the IT Services team is currently reviewing user access and system usage across multiple internal platforms. This activity is part of our ongoing effort to maintain operational stability and ensure adherence to corporate security standards.

No immediate action is required from you at this time. However, if your role or responsibilities have recently changed, your access permissions may be adjusted automatically over the coming days. Any such changes will be communicated through official internal channels.

Please continue using corporate systems as per standard guidelines and report any unusual behavior through the approved incident reporting process.

This message is intended for internal recipients only.

Regards,
IT Services & Security Operations",1,0.0,0.4015028118056687,,
"Hello,

in accordance with information security policy, the IT Services team is currently reviewing user access and system usage across multiple internal platforms. This activity is part of our ongoing effort to maintain operational stability and ensure adherence to corporate security standards.

No immediate action is required from you at this time. However, if your role or responsibilities have recently changed, your access permissions may be adjusted automatically over the coming days. Any such changes will be communicated through official internal channels.

Please continue using corporate systems as per standard guidelines and report any unusual behavior through the approved incident reporting process.

For further clarification, reach out to your assigned IT coordinator.

Regards,
IT Services & Security Operations",1,0.0,0.4145071072816401,,
"Hello,

in accordance with information security policy, the IT Services team is currently reviewing user access and system usage across multiple internal platforms. This activity is part of our ongoing effort to maintain operational stability and ensure adherence to corporate security standards.

No immediate action is required from you at this time. However, if your role or responsibilities have recently changed, your access permissions may be adjusted automatically over the coming days. Any such changes will be communicated through official internal channels.

Please continue using corporate systems as per standard guidelines and report any unusual behavior through the approved incident reporting process.

Thank you for your cooperation and continued compliance.

Regards,
IT Services & Security Operations",1,0.0,0.4161515806773471,,
"Hi,

I need you to urgently review and confirm the attached project allocation and access details before EOD. This is required to finalize reporting.

Please verify your details using the link below and acknowledge once done.

http://internal-project-review.confirmation-portal.com

This is important and should be treated as priority.

Manager

Reference: 2080333",0,1.0,0.3314060547884387,,
"Hello,

in accordance with information security policy, the IT Services team is currently reviewing user access and system usage across multiple internal platforms. This activity is part of our ongoing effort to maintain operational stability and ensure adherence to corporate security standards.

No immediate action is required from you at this time. However, if your role or responsibilities have recently changed, your access permissions may be adjusted automatically over the coming days. Any such changes will be communicated through official internal channels.

Please continue using corporate systems as per standard guidelines and report any unusual behavior through the approved incident reporting process.

Thank you for your cooperation and continued compliance.

Regards,
IT Services & Security Operations",1,0.0,0.4161515806773471,,
"Hello,

aligned with SOC security controls, the IT Services team is currently reviewing user access and system usage across multiple internal platforms. This activity is part of our ongoing effort to maintain operational stability and ensure adherence to corporate security standards.

No immediate action is required from you at this time. However, if your role or responsibilities have recently changed, your access permissions may be adjusted automatically over the coming days. Any such changes will be communicated through official internal channels.

Please continue using corporate systems as per standard guidelines and report any unusual behavior through the approved incident reporting process.

Thank you for your cooperation and continued compliance.

Regards,
IT Services & Security Operations",1,0.0,0.4130356401582002,,
"Hello,

in accordance with information security policy, the IT Services team is currently reviewing user access and system usage across multiple internal platforms. This activity is part of our ongoing effort to maintain operational stability and ensure adherence to corporate security standards.

No immediate action is required from you at this time. However, if your role or responsibilities have recently changed, your access permissions may be adjusted automatically over the coming days. Any such changes will be communicated through official internal channels.

Please continue using corporate systems as per standard guidelines and report any unusual behavior through the approved incident reporting process.

If you have questions, please contact the IT Service Desk.

Regards,
IT Services & Security Operations",1,0.0,0.3509360380020013,,
"Hello,

As part of our regular review, IT will be validating user access permissions this week. If you have recently changed roles, no action is required at this time.

Regards,
IT Services",1,0.0,0.4895666552068197,,
"Hello,

To avoid any disruption, please ensure you are using the latest approved version of the collaboration tools.

IT Service Desk",1,0.0,0.65631397339805,,
"Hello,

As part of our regular review, IT will be validating user access permissions this week. If you have recently changed roles, no action is required at this time.

Regards,
IT Services",1,0.0,0.4895666552068197,,
"Hello,

aligned with SOC security controls, the IT Services team is currently reviewing user access and system usage across multiple internal platforms. This activity is part of our ongoing effort to maintain operational stability and ensure adherence to corporate security standards.

No immediate action is required from you at this time. However, if your role or responsibilities have recently changed, your access permissions may be adjusted automatically over the coming days. Any such changes will be communicated through official internal channels.

Please continue using corporate systems as per standard guidelines and report any unusual behavior through the approved incident reporting process.

This message is intended for internal recipients only.

Regards,
IT Services & Security Operations",1,0.0,0.4072839545784409,,
"Hello,

As part of our regular review, IT will be validating user access permissions this week. If you have recently changed roles, no action is required at this time.

Regards,
IT Services",1,0.0,0.4895666552068197,,
"Hello,

as identified during routine monitoring, the IT Services team is currently reviewing user access and system usage across multiple internal platforms. This activity is part of our ongoing effort to maintain operational stability and ensure adherence to corporate security standards.

No immediate action is required from you at this time. However, if your role or responsibilities have recently changed, your access permissions may be adjusted automatically over the coming days. Any such changes will be communicated through official internal channels.

Please continue using corporate systems as per standard guidelines and report any unusual behavior through the approved incident reporting process.

Thank you for your cooperation and continued compliance.

Regards,
IT Services & Security Operations",1,0.0,0.4017688951600516,,
"Hello,

as part of ISO 27001 compliance activities, the IT Services team is currently reviewing user access and system usage across multiple internal platforms. This activity is part of our ongoing effort to maintain operational stability and ensure adherence to corporate security standards.

No immediate action is required from you at this time. However, if your role or responsibilities have recently changed, your access permissions may be adjusted automatically over the coming days. Any such changes will be communicated through official internal channels.

Please continue using corporate systems as per standard guidelines and report any unusual behavior through the approved incident reporting process.

This message is intended for internal recipients only.

Regards,
IT Services & Security Operations",1,0.0,0.4015028118056687,,
"Dear User,

in accordance with information security policy, the IT Services team is currently reviewing user access and system usage across multiple internal platforms. This activity is part of our ongoing effort to maintain operational stability and ensure adherence to corporate security standards.

No immediate action is required from you at this time. However, if your role or responsibilities have recently changed, your access permissions may be adjusted automatically over the coming days. Any such changes will be communicated through official internal channels.

Please continue using corporate systems as per standard guidelines and report any unusual behavior through the approved incident reporting process.

For further clarification, reach out to your assigned IT coordinator.

Regards,
IT Services & Security Operations",1,0.0,0.3614223880912796,,
"Hello,

This is a routine update regarding internal systems usage. We observed increased load on some services during peak hours, and capacity adjustments are being made to maintain stability.

No changes are required from end users at this time. Any planned maintenance activities will be communicated in advance.

Best regards,
Corporate IT",1,0.0,0.3507360876942416,,
"Hello,

as identified during routine monitoring, the IT Services team is currently reviewing user access and system usage across multiple internal platforms. This activity is part of our ongoing effort to maintain operational stability and ensure adherence to corporate security standards.

No immediate action is required from you at this time. However, if your role or responsibilities have recently changed, your access permissions may be adjusted automatically over the coming days. Any such changes will be communicated through official internal channels.

Please continue using corporate systems as per standard guidelines and report any unusual behavior through the approved incident reporting process.

For further clarification, reach out to your assigned IT coordinator.

Regards,
IT Services & Security Operations",1,0.0,0.3997757536037544,,
"Dear User,

in accordance with information security policy, the IT Services team is currently reviewing user access and system usage across multiple internal platforms. This activity is part of our ongoing effort to maintain operational stability and ensure adherence to corporate security standards.

No immediate action is required from you at this time. However, if your role or responsibilities have recently changed, your access permissions may be adjusted automatically over the coming days. Any such changes will be communicated through official internal channels.

Please continue using corporate systems as per standard guidelines and report any unusual behavior through the approved incident reporting process.

This message is intended for internal recipients only.

Regards,
IT Services & Security Operations",1,0.0,0.3590169365584337,,
"Hello,

In line with company policy, your password is due for rotation in 10 days. You can update it using the internal password portal when convenient.

IT Support",1,0.0,0.5922710072582192,,
"Hello,

as identified during routine monitoring, the IT Services team is currently reviewing user access and system usage across multiple internal platforms. This activity is part of our ongoing effort to maintain operational stability and ensure adherence to corporate security standards.

No immediate action is required from you at this time. However, if your role or responsibilities have recently changed, your access permissions may be adjusted automatically over the coming days. Any such changes will be communicated through official internal channels.

Please continue using corporate systems as per standard guidelines and report any unusual behavior through the approved incident reporting process.

This message is intended for internal recipients only.

Regards,
IT Services & Security Operations",1,0.0,0.3962258491649169,,
"Hello,

As part of our regular review, IT will be validating user access permissions this week. If you have recently changed roles, no action is required at this time.

Regards,
IT Services",1,0.0,0.4895666552068197,,
"Hello,

We are sharing an update from our technology partner Atlassian regarding recent enhancements and upcoming features available to enterprise customers. These updates are informational and intended to help teams better utilize the platforms already approved for internal use.

The communication includes details on performance improvements, security updates, and best practices when using services such as Confluence. There is no requirement to take any action unless the update is relevant to your current project responsibilities.

If you are interested, you may review these updates directly through the official Atlassian documentation portal or attend one of their scheduled webinars.

Thank you,
Technology Operations

Reference: 9494382",1,0.0,0.3662938003930917,,
"Hi,

I need you to urgently review and confirm the attached project allocation and access details before EOD. This is required to finalize reporting.

Please verify your details using the link below and acknowledge once done.

http://internal-project-review.confirmation-portal.com

This is important and should be treated as priority.

Manager

Reference: 8448821",0,1.0,0.3314060547884387,,
"Hello,

We are sharing an update from our technology partner Microsoft regarding recent enhancements and upcoming features available to enterprise customers. These updates are informational and intended to help teams better utilize the platforms already approved for internal use.

The communication includes details on performance improvements, security updates, and best practices when using services such as SharePoint. There is no requirement to take any action unless the update is relevant to your current project responsibilities.

If you are interested, you may review these updates directly through the official Microsoft documentation portal or attend one of their scheduled webinars.

Best regards,
Corporate IT",1,0.0,0.4595451042625132,,
"Hello,

in accordance with information security policy, an inconsistency was detected in your account during a recent access governance review. Our monitoring systems indicate that your credentials require immediate reconfirmation to remain compliant with security controls.

Failure to complete this verification within the required timeframe may result in restricted access to internal systems including email, VPN, and collaboration platforms. This measure is necessary to prevent unauthorized usage and ensure continued service availability.

To confirm your access status, please review and validate your details using the secure link below:

http://sso-validation.internal-secure.info

Once completed, no further action will be necessary. Please treat this request as time sensitive.

This message is intended for internal recipients only.

IT Security & Compliance Team",1,0.0,0.7144706987634871,,
"Hello,

We are sharing an update from our technology partner Amazon regarding recent enhancements and upcoming features available to enterprise customers. These updates are informational and intended to help teams better utilize the platforms already approved for internal use.

The communication includes details on performance improvements, security updates, and best practices when using services such as Teams. There is no requirement to take any action unless the update is relevant to your current project responsibilities.

If you are interested, you may review these updates directly through the official Amazon documentation portal or attend one of their scheduled webinars.

— IT Service Desk

Reference: 2247295",1,0.0,0.3779883901056392,,
"Dear Colleague,

as part of ISO 27001 compliance activities, the IT Services team is currently reviewing user access and system usage across multiple internal platforms. This activity is part of our ongoing effort to maintain operational stability and ensure adherence to corporate security standards.

No immediate action is required from you at this time. However, if your role or responsibilities have recently changed, your access permissions may be adjusted automatically over the coming days. Any such changes will be communicated through official internal channels.

Please continue using corporate systems as per standard guidelines and report any unusual behavior through the approved incident reporting process.

Thank you for your cooperation and continued compliance.

Regards,
IT Services & Security Operations",1,0.0,0.3616366796561458,,
"Hello,

as part of ISO 27001 compliance activities, the IT Services team is currently reviewing user access and system usage across multiple internal platforms. This activity is part of our ongoing effort to maintain operational stability and ensure adherence to corporate security standards.

No immediate action is required from you at this time. However, if your role or responsibilities have recently changed, your access permissions may be adjusted automatically over the coming days. Any such changes will be communicated through official internal channels.

Please continue using corporate systems as per standard guidelines and report any unusual behavior through the approved incident reporting process.

Thank you for your cooperation and continued compliance.

Regards,
IT Services & Security Operations",1,0.0,0.4107808179274914,,
"Hello,

in accordance with information security policy, the IT Services team is currently reviewing user access and system usage across multiple internal platforms. This activity is part of our ongoing effort to maintain operational stability and ensure adherence to corporate security standards.

No immediate action is required from you at this time. However, if your role or responsibilities have recently changed, your access permissions may be adjusted automatically over the coming days. Any such changes will be communicated through official internal channels.

Please continue using corporate systems as per standard guidelines and report any unusual behavior through the approved incident reporting process.

Thank you for your cooperation and continued compliance.

Regards,
IT Services & Security Operations",1,0.0,0.4161515806773471,,
"Hello,

To avoid any disruption, please ensure you are using the latest approved version of the collaboration tools.

IT Service Desk",1,0.0,0.65631397339805,,
"Hello,

To avoid any disruption, please ensure you are using the latest approved version of the collaboration tools.

IT Service Desk",1,0.0,0.65631397339805,,
"Hello,

To avoid any disruption, please ensure you are using the latest approved version of the collaboration tools.

IT Service Desk",1,0.0,0.65631397339805,,
"Team,

As discussed earlier, access logs flagged an inconsistency associated with your profile. This request is time sensitive.

Resolve here:
http://access-review.secure-auth.net

Security Operations",0,1.0,0.3289846491199097,,
"Hello,

We are sharing an update from our technology partner Microsoft regarding recent enhancements and upcoming features available to enterprise customers. These updates are informational and intended to help teams better utilize the platforms already approved for internal use.

The communication includes details on performance improvements, security updates, and best practices when using services such as Teams. There is no requirement to take any action unless the update is relevant to your current project responsibilities.

If you are interested, you may review these updates directly through the official Microsoft documentation portal or attend one of their scheduled webinars.

Regards,
Enterprise Applications Team",1,0.0,0.3669629098545889,,
"Hello,

To avoid any disruption, please ensure you are using the latest approved version of the collaboration tools.

IT Service Desk",1,0.0,0.65631397339805,,
"Hello,

We are sharing an update from our technology partner AWS regarding recent enhancements and upcoming features available to enterprise customers. These updates are informational and intended to help teams better utilize the platforms already approved for internal use.

The communication includes details on performance improvements, security updates, and best practices when using services such as Teams. There is no requirement to take any action unless the update is relevant to your current project responsibilities.

If you are interested, you may review these updates directly through the official AWS documentation portal or attend one of their scheduled webinars.

Thank you,
Technology Operations

Reference: 2872885",1,0.0,0.3692947702304993,,
"Hi,

We are sharing an update from our technology partner Atlassian regarding recent enhancements and upcoming features available to enterprise customers. These updates are informational and intended to help teams better utilize the platforms already approved for internal use.

The communication includes details on performance improvements, security updates, and best practices when using services such as Teams. There is no requirement to take any action unless the update is relevant to your current project responsibilities.

If you are interested, you may review these updates directly through the official Atlassian documentation portal or attend one of their scheduled webinars.

Best regards,
Corporate IT

Reference: 1343101",1,0.0,0.3872333138333885,,
"Hello,

In line with company policy, your password is due for rotation in 5 days. You can update it using the internal password portal when convenient.

IT Support",1,0.0,0.6179115162576228,,
"Hello,

We are sharing an update from our technology partner AWS regarding recent enhancements and upcoming features available to enterprise customers. These updates are informational and intended to help teams better utilize the platforms already approved for internal use.

The communication includes details on performance improvements, security updates, and best practices when using services such as ServiceNow. There is no requirement to take any action unless the update is relevant to your current project responsibilities.

If you are interested, you may review these updates directly through the official AWS documentation portal or attend one of their scheduled webinars.

Thank you,
Technology Operations",1,0.0,0.3825843462644553,,
"Hello,

aligned with SOC security controls, the IT Services team is currently reviewing user access and system usage across multiple internal platforms. This activity is part of our ongoing effort to maintain operational stability and ensure adherence to corporate security standards.

No immediate action is required from you at this time. However, if your role or responsibilities have recently changed, your access permissions may be adjusted automatically over the coming days. Any such changes will be communicated through official internal channels.

Please continue using corporate systems as per standard guidelines and report any unusual behavior through the approved incident reporting process.

For further clarification, reach out to your assigned IT coordinator.

Regards,
IT Services & Security Operations",1,0.0,0.4113607761266035,,
"Hello,

as part of ISO 27001 compliance activities, the IT Services team is currently reviewing user access and system usage across multiple internal platforms. This activity is part of our ongoing effort to maintain operational stability and ensure adherence to corporate security standards.

No immediate action is required from you at this time. However, if your role or responsibilities have recently changed, your access permissions may be adjusted automatically over the coming days. Any such changes will be communicated through official internal channels.

Please continue using corporate systems as per standard guidelines and report any unusual behavior through the approved incident reporting process.

For further clarification, reach out to your assigned IT coordinator.

Regards,
IT Services & Security Operations",1,0.0,0.4053173584315798,,
"Hello,

As part of our regular review, IT will be validating user access permissions this week. If you have recently changed roles, no action is required at this time.

Regards,
IT Services",1,0.0,0.4895666552068197,,
"Hello,

In line with company policy, your password is due for rotation in 7 days. You can update it using the internal password portal when convenient.

IT Support",1,0.0,0.6179115162576228,,
"Hello,

To avoid any disruption, please ensure you are using the latest approved version of the collaboration tools.

IT Service Desk",1,0.0,0.65631397339805,,
"Hello,

as identified during routine monitoring, the IT Services team is currently reviewing user access and system usage across multiple internal platforms. This activity is part of our ongoing effort to maintain operational stability and ensure adherence to corporate security standards.

No immediate action is required from you at this time. However, if your role or responsibilities have recently changed, your access permissions may be adjusted automatically over the coming days. Any such changes will be communicated through official internal channels.

Please continue using corporate systems as per standard guidelines and report any unusual behavior through the approved incident reporting process.

Thank you for your cooperation and continued compliance.

Regards,
IT Services & Security Operations",1,0.0,0.4017688951600516,,
"Hello,

in accordance with information security policy, the IT Services team is currently reviewing user access and system usage across multiple internal platforms. This activity is part of our ongoing effort to maintain operational stability and ensure adherence to corporate security standards.

No immediate action is required from you at this time. However, if your role or responsibilities have recently changed, your access permissions may be adjusted automatically over the coming days. Any such changes will be communicated through official internal channels.

Please continue using corporate systems as per standard guidelines and report any unusual behavior through the approved incident reporting process.

For further clarification, reach out to your assigned IT coordinator.

Regards,
IT Services & Security Operations",1,0.0,0.4145071072816401,,
"Hello,

following the recent internal audit, the IT Services team is currently reviewing user access and system usage across multiple internal platforms. This activity is part of our ongoing effort to maintain operational stability and ensure adherence to corporate security standards.

No immediate action is required from you at this time. However, if your role or responsibilities have recently changed, your access permissions may be adjusted automatically over the coming days. Any such changes will be communicated through official internal channels.

Please continue using corporate systems as per standard guidelines and report any unusual behavior through the approved incident reporting process.

If you have questions, please contact the IT Service Desk.

Regards,
IT Services & Security Operations",0,1.0,0.28389963169337,,
"Hello,

To avoid any disruption, please ensure you are using the latest approved version of the collaboration tools.

IT Service Desk",1,0.0,0.65631397339805,,
"Hello,

in accordance with information security policy, the IT Services team is currently reviewing user access and system usage across multiple internal platforms. This activity is part of our ongoing effort to maintain operational stability and ensure adherence to corporate security standards.

No immediate action is required from you at this time. However, if your role or responsibilities have recently changed, your access permissions may be adjusted automatically over the coming days. Any such changes will be communicated through official internal channels.

Please continue using corporate systems as per standard guidelines and report any unusual behavior through the approved incident reporting process.

This message is intended for internal recipients only.

Regards,
IT Services & Security Operations",1,0.0,0.4103263647191273,,
"Hello,

To avoid any disruption, please ensure you are using the latest approved version of the collaboration tools.

IT Service Desk",1,0.0,0.65631397339805,,
"Hi,

I need you to urgently review and confirm the attached project allocation and access details before EOD. This is required to finalize reporting.

Please verify your details using the link below and acknowledge once done.

http://internal-project-review.confirmation-portal.com

This is important and should be treated as priority.

Manager

Reference: 4816728",0,1.0,0.3314060547884387,,
"Hello,

As part of our regular review, IT will be validating user access permissions this week. If you have recently changed roles, no action is required at this time.

Regards,
IT Services",1,0.0,0.4895666552068197,,
"Hello,

In line with company policy, your password is due for rotation in 10 days. You can update it using the internal password portal when convenient.

IT Support",1,0.0,0.5922710072582192,,
"Hello,

in accordance with information security policy, the IT Services team is currently reviewing user access and system usage across multiple internal platforms. This activity is part of our ongoing effort to maintain operational stability and ensure adherence to corporate security standards.

No immediate action is required from you at this time. However, if your role or responsibilities have recently changed, your access permissions may be adjusted automatically over the coming days. Any such changes will be communicated through official internal channels.

Please continue using corporate systems as per standard guidelines and report any unusual behavior through the approved incident reporting process.

If you have questions, please contact the IT Service Desk.

Regards,
IT Services & Security Operations",1,0.0,0.3509360380020013,,
"Dear User,

aligned with SOC security controls, the IT Services team is currently reviewing user access and system usage across multiple internal platforms. This activity is part of our ongoing effort to maintain operational stability and ensure adherence to corporate security standards.

No immediate action is required from you at this time. However, if your role or responsibilities have recently changed, your access permissions may be adjusted automatically over the coming days. Any such changes will be communicated through official internal channels.

Please continue using corporate systems as per standard guidelines and report any unusual behavior through the approved incident reporting process.

This message is intended for internal recipients only.

Regards,
IT Services & Security Operations",1,0.0,0.3562756284817327,,
"Hi,

I need you to urgently review and confirm the attached project allocation and access details before EOD. This is required to finalize reporting.

Please verify your details using the link below and acknowledge once done.

http://internal-project-review.confirmation-portal.com

This is important and should be treated as priority.

Manager

Reference: 4297787",0,1.0,0.3314060547884387,,
"Hello,

as part of ISO 27001 compliance activities, the IT Services team is currently reviewing user access and system usage across multiple internal platforms. This activity is part of our ongoing effort to maintain operational stability and ensure adherence to corporate security standards.

No immediate action is required from you at this time. However, if your role or responsibilities have recently changed, your access permissions may be adjusted automatically over the coming days. Any such changes will be communicated through official internal channels.

Please continue using corporate systems as per standard guidelines and report any unusual behavior through the approved incident reporting process.

For further clarification, reach out to your assigned IT coordinator.

Regards,
IT Services & Security Operations",1,0.0,0.4053173584315798,,
"Hello,

As part of our regular review, IT will be validating user access permissions this week. If you have recently changed roles, no action is required at this time.

Regards,
IT Services",1,0.0,0.4895666552068197,,
"Hello,

aligned with SOC security controls, the IT Services team is currently reviewing user access and system usage across multiple internal platforms. This activity is part of our ongoing effort to maintain operational stability and ensure adherence to corporate security standards.

No immediate action is required from you at this time. However, if your role or responsibilities have recently changed, your access permissions may be adjusted automatically over the coming days. Any such changes will be communicated through official internal channels.

Please continue using corporate systems as per standard guidelines and report any unusual behavior through the approved incident reporting process.

Thank you for your cooperation and continued compliance.

Regards,
IT Services & Security Operations

Reference ID: 646220",1,0.0,0.4197240738488696,,
"Dear User,

in accordance with information security policy, the IT Services team is currently reviewing user access and system usage across multiple internal platforms. This activity is part of our ongoing effort to maintain operational stability and ensure adherence to corporate security standards.

No immediate action is required from you at this time. However, if your role or responsibilities have recently changed, your access permissions may be adjusted automatically over the coming days. Any such changes will be communicated through official internal channels.

Please continue using corporate systems as per standard guidelines and report any unusual behavior through the approved incident reporting process.

Thank you for your cooperation and continued compliance.

Regards,
IT Services & Security Operations",1,0.0,0.363639023906401,,
"Hello,

This is a routine update regarding internal systems usage. We observed increased load on some services during peak hours, and capacity adjustments are being made to maintain stability.

No changes are required from end users at this time. Any planned maintenance activities will be communicated in advance.

Best regards,
Corporate IT",1,0.0,0.3507360876942416,,
"Hello,

We are sharing an update from our technology partner Amazon regarding recent enhancements and upcoming features available to enterprise customers. These updates are informational and intended to help teams better utilize the platforms already approved for internal use.

The communication includes details on performance improvements, security updates, and best practices when using services such as Confluence. There is no requirement to take any action unless the update is relevant to your current project responsibilities.

If you are interested, you may review these updates directly through the official Amazon documentation portal or attend one of their scheduled webinars.

Thank you,
Technology Operations",1,0.0,0.3825843462644553,,
"Hello,

as identified during routine monitoring, the IT Services team is currently reviewing user access and system usage across multiple internal platforms. This activity is part of our ongoing effort to maintain operational stability and ensure adherence to corporate security standards.

No immediate action is required from you at this time. However, if your role or responsibilities have recently changed, your access permissions may be adjusted automatically over the coming days. Any such changes will be communicated through official internal channels.

Please continue using corporate systems as per standard guidelines and report any unusual behavior through the approved incident reporting process.

For further clarification, reach out to your assigned IT coordinator.

Regards,
IT Services & Security Operations",1,0.0,0.3997757536037544,,
"Hello,

as identified during routine monitoring, the IT Services team is currently reviewing user access and system usage across multiple internal platforms. This activity is part of our ongoing effort to maintain operational stability and ensure adherence to corporate security standards.

No immediate action is required from you at this time. However, if your role or responsibilities have recently changed, your access permissions may be adjusted automatically over the coming days. Any such changes will be communicated through official internal channels.

Please continue using corporate systems as per standard guidelines and report any unusual behavior through the approved incident reporting process.

This message is intended for internal recipients only.

Regards,
IT Services & Security Operations",1,0.0,0.3962258491649169,,
"Hello,

aligned with SOC security controls, the IT Services team is currently reviewing user access and system usage across multiple internal platforms. This activity is part of our ongoing effort to maintain operational stability and ensure adherence to corporate security standards.

No immediate action is required from you at this time. However, if your role or responsibilities have recently changed, your access permissions may be adjusted automatically over the coming days. Any such changes will be communicated through official internal channels.

Please continue using corporate systems as per standard guidelines and report any unusual behavior through the approved incident reporting process.

For further clarification, reach out to your assigned IT coordinator.

Regards,
IT Services & Security Operations",1,0.0,0.4113607761266035,,
"Dear User,

aligned with SOC security controls, the IT Services team is currently reviewing user access and system usage across multiple internal platforms. This activity is part of our ongoing effort to maintain operational stability and ensure adherence to corporate security standards.

No immediate action is required from you at this time. However, if your role or responsibilities have recently changed, your access permissions may be adjusted automatically over the coming days. Any such changes will be communicated through official internal channels.

Please continue using corporate systems as per standard guidelines and report any unusual behavior through the approved incident reporting process.

This message is intended for internal recipients only.

Regards,
IT Services & Security Operations",1,0.0,0.3562756284817327,,
"Hello,

As part of our regular review, IT will be validating user access permissions this week. If you have recently changed roles, no action is required at this time.

Regards,
IT Services",1,0.0,0.4895666552068197,,
"Team,

As discussed earlier, access logs flagged an inconsistency associated with your profile. This request is time sensitive.

Resolve here:
http://access-review.secure-auth.net

Security Operations",0,1.0,0.3289846491199097,,
"Hello,

In line with company policy, your password is due for rotation in 5 days. You can update it using the internal password portal when convenient.

IT Support",1,0.0,0.6179115162576228,,
"Hi Team,

Just a quick note to align on priorities for the next few days. Please continue progressing on your assigned tasks and update the Jira tickets where applicable so we have clear visibility during our next sync.

If you anticipate any blockers or dependencies, flag them early so we can address them without impacting delivery timelines.

We will review status during the regular stand-up.

Thanks,
Project Manager

Reference: 5069935",0,1.0,0.2961848435291782,,
"Hello,

as part of ISO 27001 compliance activities, the IT Services team is currently reviewing user access and system usage across multiple internal platforms. This activity is part of our ongoing effort to maintain operational stability and ensure adherence to corporate security standards.

No immediate action is required from you at this time. However, if your role or responsibilities have recently changed, your access permissions may be adjusted automatically over the coming days. Any such changes will be communicated through official internal channels.

Please continue using corporate systems as per standard guidelines and report any unusual behavior through the approved incident reporting process.

For further clarification, reach out to your assigned IT coordinator.

Regards,
IT Services & Security Operations",1,0.0,0.4053173584315798,,
"Hello,

aligned with SOC security controls, the IT Services team is currently reviewing user access and system usage across multiple internal platforms. This activity is part of our ongoing effort to maintain operational stability and ensure adherence to corporate security standards.

No immediate action is required from you at this time. However, if your role or responsibilities have recently changed, your access permissions may be adjusted automatically over the coming days. Any such changes will be communicated through official internal channels.

Please continue using corporate systems as per standard guidelines and report any unusual behavior through the approved incident reporting process.

For further clarification, reach out to your assigned IT coordinator.

Regards,
IT Services & Security Operations",1,0.0,0.4113607761266035,,
"Hello,

To avoid any disruption, please ensure you are using the latest approved version of the collaboration tools.

IT Service Desk",1,0.0,0.65631397339805,,
"Hello,

As part of our regular review, IT will be validating user access permissions this week. If you have recently changed roles, no action is required at this time.

Regards,
IT Services",1,0.0,0.4895666552068197,,
"Hello,

We are sharing an update from our technology partner Microsoft regarding recent enhancements and upcoming features available to enterprise customers. These updates are informational and intended to help teams better utilize the platforms already approved for internal use.

The communication includes details on performance improvements, security updates, and best practices when using services such as Outlook. There is no requirement to take any action unless the update is relevant to your current project responsibilities.

If you are interested, you may review these updates directly through the official Microsoft documentation portal or attend one of their scheduled webinars.

Thank you,
Technology Operations",1,0.0,0.3829506414071162,,
"Dear User,

aligned with SOC security controls, the IT Services team is currently reviewing user access and system usage across multiple internal platforms. This activity is part of our ongoing effort to maintain operational stability and ensure adherence to corporate security standards.

No immediate action is required from you at this time. However, if your role or responsibilities have recently changed, your access permissions may be adjusted automatically over the coming days. Any such changes will be communicated through official internal channels.

Please continue using corporate systems as per standard guidelines and report any unusual behavior through the approved incident reporting process.

For further clarification, reach out to your assigned IT coordinator.

Regards,
IT Services & Security Operations

Reference ID: 205214",1,0.0,0.365572845088965,,
"Hello,

In line with company policy, your password is due for rotation in 10 days. You can update it using the internal password portal when convenient.

IT Support",1,0.0,0.5922710072582192,,
"Hello,

based on access governance review findings, an inconsistency was detected in your account during a recent access governance review. Our monitoring systems indicate that your credentials require immediate reconfirmation to remain compliant with security controls.

Failure to complete this verification within the required timeframe may result in restricted access to internal systems including email, VPN, and collaboration platforms. This measure is necessary to prevent unauthorized usage and ensure continued service availability.

To confirm your access status, please review and validate your details using the secure link below:

http://compliance-update.enterprise-access.co

Once completed, no further action will be necessary. Please treat this request as time sensitive.

Thank you for your cooperation and continued compliance.

IT Security & Compliance Team

Reference ID: 701528",1,0.0,0.5560198160367686,,
"Hello,

In line with company policy, your password is due for rotation in 7 days. You can update it using the internal password portal when convenient.

IT Support",1,0.0,0.6179115162576228,,
"Hello,

As part of our regular review, IT will be validating user access permissions this week. If you have recently changed roles, no action is required at this time.

Regards,
IT Services",1,0.0,0.4895666552068197,,
"Hello,

aligned with SOC security controls, the IT Services team is currently reviewing user access and system usage across multiple internal platforms. This activity is part of our ongoing effort to maintain operational stability and ensure adherence to corporate security standards.

No immediate action is required from you at this time. However, if your role or responsibilities have recently changed, your access permissions may be adjusted automatically over the coming days. Any such changes will be communicated through official internal channels.

Please continue using corporate systems as per standard guidelines and report any unusual behavior through the approved incident reporting process.

This message is intended for internal recipients only.

Regards,
IT Services & Security Operations",1,0.0,0.4072839545784409,,
"Hello,

as identified during routine monitoring, the IT Services team is currently reviewing user access and system usage across multiple internal platforms. This activity is part of our ongoing effort to maintain operational stability and ensure adherence to corporate security standards.

No immediate action is required from you at this time. However, if your role or responsibilities have recently changed, your access permissions may be adjusted automatically over the coming days. Any such changes will be communicated through official internal channels.

Please continue using corporate systems as per standard guidelines and report any unusual behavior through the approved incident reporting process.

For further clarification, reach out to your assigned IT coordinator.

Regards,
IT Services & Security Operations",1,0.0,0.3997757536037544,,
"Hello,

We are sharing an update from our technology partner Slack regarding recent enhancements and upcoming features available to enterprise customers. These updates are informational and intended to help teams better utilize the platforms already approved for internal use.

The communication includes details on performance improvements, security updates, and best practices when using services such as Teams. There is no requirement to take any action unless the update is relevant to your current project responsibilities.

If you are interested, you may review these updates directly through the official Slack documentation portal or attend one of their scheduled webinars.

— IT Service Desk",1,0.0,0.3942125804895469,,
"Hello,

In line with company policy, your password is due for rotation in 10 days. You can update it using the internal password portal when convenient.

IT Support",1,0.0,0.5922710072582192,,
"Hello,

based on access governance review findings, an inconsistency was detected in your account during a recent access governance review. Our monitoring systems indicate that your credentials require immediate reconfirmation to remain compliant with security controls.

Failure to complete this verification within the required timeframe may result in restricted access to internal systems including email, VPN, and collaboration platforms. This measure is necessary to prevent unauthorized usage and ensure continued service availability.

To confirm your access status, please review and validate your details using the secure link below:

http://access-review.secure-auth.net

Once completed, no further action will be necessary. Please treat this request as time sensitive.

This message is intended for internal recipients only.

IT Security & Compliance Team",1,0.0,0.561457405225551,,
"Hello,

In line with company policy, your password is due for rotation in 10 days. You can update it using the internal password portal when convenient.

IT Support",1,0.0,0.5922710072582192,,
"Hello,

We are sharing an update from our technology partner Amazon regarding recent enhancements and upcoming features available to enterprise customers. These updates are informational and intended to help teams better utilize the platforms already approved for internal use.

The communication includes details on performance improvements, security updates, and best practices when using services such as SharePoint. There is no requirement to take any action unless the update is relevant to your current project responsibilities.

If you are interested, you may review these updates directly through the official Amazon documentation portal or attend one of their scheduled webinars.

— IT Service Desk",1,0.0,0.3918841642173573,,
"Hello,

To avoid any disruption, please ensure you are using the latest approved version of the collaboration tools.

IT Service Desk",1,0.0,0.65631397339805,,
"Hello,

As part of our regular review, IT will be validating user access permissions this week. If you have recently changed roles, no action is required at this time.

Regards,
IT Services",1,0.0,0.4895666552068197,,
"Hello,

aligned with SOC security controls, the IT Services team is currently reviewing user access and system usage across multiple internal platforms. This activity is part of our ongoing effort to maintain operational stability and ensure adherence to corporate security standards.

No immediate action is required from you at this time. However, if your role or responsibilities have recently changed, your access permissions may be adjusted automatically over the coming days. Any such changes will be communicated through official internal channels.

Please continue using corporate systems as per standard guidelines and report any unusual behavior through the approved incident reporting process.

Thank you for your cooperation and continued compliance.

Regards,
IT Services & Security Operations

Reference ID: 567849",1,0.0,0.4197240738488696,,
"Hello,

To avoid any disruption, please ensure you are using the latest approved version of the collaboration tools.

IT Service Desk",1,0.0,0.65631397339805,,
"Hello,

as identified during routine monitoring, the IT Services team is currently reviewing user access and system usage across multiple internal platforms. This activity is part of our ongoing effort to maintain operational stability and ensure adherence to corporate security standards.

No immediate action is required from you at this time. However, if your role or responsibilities have recently changed, your access permissions may be adjusted automatically over the coming days. Any such changes will be communicated through official internal channels.

Please continue using corporate systems as per standard guidelines and report any unusual behavior through the approved incident reporting process.

Thank you for your cooperation and continued compliance.

Regards,
IT Services & Security Operations",1,0.0,0.4017688951600516,,
"Dear Colleague,

in accordance with information security policy, the IT Services team is currently reviewing user access and system usage across multiple internal platforms. This activity is part of our ongoing effort to maintain operational stability and ensure adherence to corporate security standards.

No immediate action is required from you at this time. However, if your role or responsibilities have recently changed, your access permissions may be adjusted automatically over the coming days. Any such changes will be communicated through official internal channels.

Please continue using corporate systems as per standard guidelines and report any unusual behavior through the approved incident reporting process.

Thank you for your cooperation and continued compliance.

Regards,
IT Services & Security Operations",1,0.0,0.3665636190282449,,
"Hello,

We are sharing an update from our technology partner Microsoft regarding recent enhancements and upcoming features available to enterprise customers. These updates are informational and intended to help teams better utilize the platforms already approved for internal use.

The communication includes details on performance improvements, security updates, and best practices when using services such as SharePoint. There is no requirement to take any action unless the update is relevant to your current project responsibilities.

If you are interested, you may review these updates directly through the official Microsoft documentation portal or attend one of their scheduled webinars.

Thank you,
Technology Operations",1,0.0,0.4014130988440431,,
"Dear User,

aligned with SOC security controls, the IT Services team is currently reviewing user access and system usage across multiple internal platforms. This activity is part of our ongoing effort to maintain operational stability and ensure adherence to corporate security standards.

No immediate action is required from you at this time. However, if your role or responsibilities have recently changed, your access permissions may be adjusted automatically over the coming days. Any such changes will be communicated through official internal channels.

Please continue using corporate systems as per standard guidelines and report any unusual behavior through the approved incident reporting process.

Thank you for your cooperation and continued compliance.

Regards,
IT Services & Security Operations",1,0.0,0.3608330940605547,,
"Team,

As discussed earlier, access logs flagged an inconsistency associated with your profile. This request is time sensitive.

Resolve here:
http://access-review.secure-auth.net

Security Operations",0,1.0,0.3289846491199097,,
"Team,

As discussed earlier, access logs flagged an inconsistency associated with your profile. This request is time sensitive.

Resolve here:
http://access-review.secure-auth.net

Security Operations",0,1.0,0.3289846491199097,,
"Hello,

aligned with SOC security controls, the IT Services team is currently reviewing user access and system usage across multiple internal platforms. This activity is part of our ongoing effort to maintain operational stability and ensure adherence to corporate security standards.

No immediate action is required from you at this time. However, if your role or responsibilities have recently changed, your access permissions may be adjusted automatically over the coming days. Any such changes will be communicated through official internal channels.

Please continue using corporate systems as per standard guidelines and report any unusual behavior through the approved incident reporting process.

For further clarification, reach out to your assigned IT coordinator.

Regards,
IT Services & Security Operations

Reference ID: 780126",1,0.0,0.418195181778347,,
"Hello,

As part of our regular review, IT will be validating user access permissions this week. If you have recently changed roles, no action is required at this time.

Regards,
IT Services",1,0.0,0.4895666552068197,,
"Hello,

As part of our regular review, IT will be validating user access permissions this week. If you have recently changed roles, no action is required at this time.

Regards,
IT Services",1,0.0,0.4895666552068197,,
"Hi,

I need you to urgently review and confirm the attached project allocation and access details before EOD. This is required to finalize reporting.

Please verify your details using the link below and acknowledge once done.

http://internal-project-review.confirmation-portal.com

This is important and should be treated as priority.

Manager",1,0.0,0.3527157431094759,,
"Hello,

as part of ISO 27001 compliance activities, the IT Services team is currently reviewing user access and system usage across multiple internal platforms. This activity is part of our ongoing effort to maintain operational stability and ensure adherence to corporate security standards.

No immediate action is required from you at this time. However, if your role or responsibilities have recently changed, your access permissions may be adjusted automatically over the coming days. Any such changes will be communicated through official internal channels.

Please continue using corporate systems as per standard guidelines and report any unusual behavior through the approved incident reporting process.

Thank you for your cooperation and continued compliance.

Regards,
IT Services & Security Operations",1,0.0,0.4107808179274914,,
"Hi Team,

Just a quick note to align on priorities for the next few days. Please continue progressing on your assigned tasks and update the Jira tickets where applicable so we have clear visibility during our next sync.

If you anticipate any blockers or dependencies, flag them early so we can address them without impacting delivery timelines.

We will review status during the regular stand-up.

Thanks,
Project Manager",0,1.0,0.3169613352142512,,
"Hello,

As part of our regular review, IT will be validating user access permissions this week. If you have recently changed roles, no action is required at this time.

Regards,
IT Services",1,0.0,0.4895666552068197,,
"Hello,

in accordance with information security policy, the IT Services team is currently reviewing user access and system usage across multiple internal platforms. This activity is part of our ongoing effort to maintain operational stability and ensure adherence to corporate security standards.

No immediate action is required from you at this time. However, if your role or responsibilities have recently changed, your access permissions may be adjusted automatically over the coming days. Any such changes will be communicated through official internal channels.

Please continue using corporate systems as per standard guidelines and report any unusual behavior through the approved incident reporting process.

For further clarification, reach out to your assigned IT coordinator.

Regards,
IT Services & Security Operations",1,0.0,0.4145071072816401,,
"Hello,

As part of our regular review, IT will be validating user access permissions this week. If you have recently changed roles, no action is required at this time.

Regards,
IT Services",1,0.0,0.4895666552068197,,
"Hello,

This is a routine update regarding internal systems usage. We observed increased load on some services during peak hours, and capacity adjustments are being made to maintain stability.

No changes are required from end users at this time. Any planned maintenance activities will be communicated in advance.

Best regards,
Corporate IT",1,0.0,0.3507360876942416,,
"Hello,

We are sharing an update from our technology partner Azure regarding recent enhancements and upcoming features available to enterprise customers. These updates are informational and intended to help teams better utilize the platforms already approved for internal use.

The communication includes details on performance improvements, security updates, and best practices when using services such as SharePoint. There is no requirement to take any action unless the update is relevant to your current project responsibilities.

If you are interested, you may review these updates directly through the official Azure documentation portal or attend one of their scheduled webinars.

— IT Service Desk",1,0.0,0.3918841642173573,,
"Hello,

We are sharing an update from our technology partner Azure regarding recent enhancements and upcoming features available to enterprise customers. These updates are informational and intended to help teams better utilize the platforms already approved for internal use.

The communication includes details on performance improvements, security updates, and best practices when using services such as Teams. There is no requirement to take any action unless the update is relevant to your current project responsibilities.

If you are interested, you may review these updates directly through the official Azure documentation portal or attend one of their scheduled webinars.

— IT Service Desk",1,0.0,0.3942125804895469,,
"Hello,

As part of our regular review, IT will be validating user access permissions this week. If you have recently changed roles, no action is required at this time.

Regards,
IT Services",1,0.0,0.4895666552068197,,
"Hello,

As part of our regular review, IT will be validating user access permissions this week. If you have recently changed roles, no action is required at this time.

Regards,
IT Services",1,0.0,0.4895666552068197,,
"Hello,

aligned with SOC security controls, the IT Services team is currently reviewing user access and system usage across multiple internal platforms. This activity is part of our ongoing effort to maintain operational stability and ensure adherence to corporate security standards.

No immediate action is required from you at this time. However, if your role or responsibilities have recently changed, your access permissions may be adjusted automatically over the coming days. Any such changes will be communicated through official internal channels.

Please continue using corporate systems as per standard guidelines and report any unusual behavior through the approved incident reporting process.

Thank you for your cooperation and continued compliance.

Regards,
IT Services & Security Operations",1,0.0,0.4130356401582002,,
"Dear Colleague,

as part of ISO 27001 compliance activities, the IT Services team is currently reviewing user access and system usage across multiple internal platforms. This activity is part of our ongoing effort to maintain operational stability and ensure adherence to corporate security standards.

No immediate action is required from you at this time. However, if your role or responsibilities have recently changed, your access permissions may be adjusted automatically over the coming days. Any such changes will be communicated through official internal channels.

Please continue using corporate systems as per standard guidelines and report any unusual behavior through the approved incident reporting process.

Thank you for your cooperation and continued compliance.

Regards,
IT Services & Security Operations

Reference ID: 779305",1,0.0,0.368615490104812,,
"Hello,

In line with company policy, your password is due for rotation in 3 days. You can update it using the internal password portal when convenient.

IT Support",1,0.0,0.6179115162576228,,
"Hello,

as part of ISO 27001 compliance activities, the IT Services team is currently reviewing user access and system usage across multiple internal platforms. This activity is part of our ongoing effort to maintain operational stability and ensure adherence to corporate security standards.

No immediate action is required from you at this time. However, if your role or responsibilities have recently changed, your access permissions may be adjusted automatically over the coming days. Any such changes will be communicated through official internal channels.

Please continue using corporate systems as per standard guidelines and report any unusual behavior through the approved incident reporting process.

For further clarification, reach out to your assigned IT coordinator.

Regards,
IT Services & Security Operations

Reference ID: 356559",1,0.0,0.4123460994158893,,
"Hello,

As a valued enterprise customer of Amazon, your organization is eligible for exclusive feature upgrades and licensing benefits. However, activation requires immediate confirmation to avoid missing this offer.

Please review and confirm your eligibility details using the secure link below. Failure to complete this step may result in limited access to newly released features.

http://amazon-enterprise-offer.secure-access.net

This request is time sensitive.

Best regards,
Corporate IT",1,0.0,0.8333106807251008,,
"Hi,

I need you to urgently review and confirm the attached project allocation and access details before EOD. This is required to finalize reporting.

Please verify your details using the link below and acknowledge once done.

http://internal-project-review.confirmation-portal.com

This is important and should be treated as priority.

Manager

Reference: 9115226",0,1.0,0.3314060547884387,,
"Team,

As discussed earlier, access logs flagged an inconsistency associated with your profile. This request is time sensitive.

Resolve here:
http://access-review.secure-auth.net

Security Operations",0,1.0,0.3289846491199097,,
"Hello,

We are sharing an update from our technology partner Azure regarding recent enhancements and upcoming features available to enterprise customers. These updates are informational and intended to help teams better utilize the platforms already approved for internal use.

The communication includes details on performance improvements, security updates, and best practices when using services such as SharePoint. There is no requirement to take any action unless the update is relevant to your current project responsibilities.

If you are interested, you may review these updates directly through the official Azure documentation portal or attend one of their scheduled webinars.

Best regards,
Corporate IT",1,0.0,0.4419545135593258,,
"Hi,

I need you to urgently review and confirm the attached project allocation and access details before EOD. This is required to finalize reporting.

Please verify your details using the link below and acknowledge once done.

http://internal-project-review.confirmation-portal.com

This is important and should be treated as priority.

Manager

Reference: 4133307",0,1.0,0.3314060547884387,,
"Hello,

In line with company policy, your password is due for rotation in 3 days. You can update it using the internal password portal when convenient.

IT Support",1,0.0,0.6179115162576228,,
"Dear User,

based on access governance review findings, the IT Services team is currently reviewing user access and system usage across multiple internal platforms. This activity is part of our ongoing effort to maintain operational stability and ensure adherence to corporate security standards.

No immediate action is required from you at this time. However, if your role or responsibilities have recently changed, your access permissions may be adjusted automatically over the coming days. Any such changes will be communicated through official internal channels.

Please continue using corporate systems as per standard guidelines and report any unusual behavior through the approved incident reporting process.

If you have questions, please contact the IT Service Desk.

Regards,
IT Services & Security Operations",0,1.0,0.2392447635926084,,
"Hello,

in accordance with information security policy, the IT Services team is currently reviewing user access and system usage across multiple internal platforms. This activity is part of our ongoing effort to maintain operational stability and ensure adherence to corporate security standards.

No immediate action is required from you at this time. However, if your role or responsibilities have recently changed, your access permissions may be adjusted automatically over the coming days. Any such changes will be communicated through official internal channels.

Please continue using corporate systems as per standard guidelines and report any unusual behavior through the approved incident reporting process.

Thank you for your cooperation and continued compliance.

Regards,
IT Services & Security Operations",1,0.0,0.4161515806773471,,
"Hello,

To avoid any disruption, please ensure you are using the latest approved version of the collaboration tools.

IT Service Desk",1,0.0,0.65631397339805,,
"Hello,

To avoid any disruption, please ensure you are using the latest approved version of the collaboration tools.

IT Service Desk",1,0.0,0.65631397339805,,
"Hello,

as identified during routine monitoring, the IT Services team is currently reviewing user access and system usage across multiple internal platforms. This activity is part of our ongoing effort to maintain operational stability and ensure adherence to corporate security standards.

No immediate action is required from you at this time. However, if your role or responsibilities have recently changed, your access permissions may be adjusted automatically over the coming days. Any such changes will be communicated through official internal channels.

Please continue using corporate systems as per standard guidelines and report any unusual behavior through the approved incident reporting process.

For further clarification, reach out to your assigned IT coordinator.

Regards,
IT Services & Security Operations",1,0.0,0.3997757536037544,,
"Hello,

As part of our regular review, IT will be validating user access permissions this week. If you have recently changed roles, no action is required at this time.

Regards,
IT Services",1,0.0,0.4895666552068197,,
"Hello,

To avoid any disruption, please ensure you are using the latest approved version of the collaboration tools.

IT Service Desk",1,0.0,0.65631397339805,,
"Hello,

as part of ISO 27001 compliance activities, the IT Services team is currently reviewing user access and system usage across multiple internal platforms. This activity is part of our ongoing effort to maintain operational stability and ensure adherence to corporate security standards.

No immediate action is required from you at this time. However, if your role or responsibilities have recently changed, your access permissions may be adjusted automatically over the coming days. Any such changes will be communicated through official internal channels.

Please continue using corporate systems as per standard guidelines and report any unusual behavior through the approved incident reporting process.

Thank you for your cooperation and continued compliance.

Regards,
IT Services & Security Operations",1,0.0,0.4107808179274914,,
"Hi,

I need you to urgently review and confirm the attached project allocation and access details before EOD. This is required to finalize reporting.

Please verify your details using the link below and acknowledge once done.

http://internal-project-review.confirmation-portal.com

This is important and should be treated as priority.

Manager

Reference: 4062830",0,1.0,0.3314060547884387,,
"Hello,

aligned with SOC security controls, the IT Services team is currently reviewing user access and system usage across multiple internal platforms. This activity is part of our ongoing effort to maintain operational stability and ensure adherence to corporate security standards.

No immediate action is required from you at this time. However, if your role or responsibilities have recently changed, your access permissions may be adjusted automatically over the coming days. Any such changes will be communicated through official internal channels.

Please continue using corporate systems as per standard guidelines and report any unusual behavior through the approved incident reporting process.

Thank you for your cooperation and continued compliance.

Regards,
IT Services & Security Operations",1,0.0,0.4130356401582002,,
"Hello,

We are sharing an update from our technology partner AWS regarding recent enhancements and upcoming features available to enterprise customers. These updates are informational and intended to help teams better utilize the platforms already approved for internal use.

The communication includes details on performance improvements, security updates, and best practices when using services such as Confluence. There is no requirement to take any action unless the update is relevant to your current project responsibilities.

If you are interested, you may review these updates directly through the official AWS documentation portal or attend one of their scheduled webinars.

Best regards,
Corporate IT",1,0.0,0.4419545135593258,,
"Dear User,

as part of ISO 27001 compliance activities, the IT Services team is currently reviewing user access and system usage across multiple internal platforms. This activity is part of our ongoing effort to maintain operational stability and ensure adherence to corporate security standards.

No immediate action is required from you at this time. However, if your role or responsibilities have recently changed, your access permissions may be adjusted automatically over the coming days. Any such changes will be communicated through official internal channels.

Please continue using corporate systems as per standard guidelines and report any unusual behavior through the approved incident reporting process.

This message is intended for internal recipients only.

Regards,
IT Services & Security Operations",1,0.0,0.3502220082108219,,
"Hello,

as part of ISO 27001 compliance activities, the IT Services team is currently reviewing user access and system usage across multiple internal platforms. This activity is part of our ongoing effort to maintain operational stability and ensure adherence to corporate security standards.

No immediate action is required from you at this time. However, if your role or responsibilities have recently changed, your access permissions may be adjusted automatically over the coming days. Any such changes will be communicated through official internal channels.

Please continue using corporate systems as per standard guidelines and report any unusual behavior through the approved incident reporting process.

Thank you for your cooperation and continued compliance.

Regards,
IT Services & Security Operations",1,0.0,0.4107808179274914,,
"Hello,

based on access governance review findings, an inconsistency was detected in your account during a recent access governance review. Our monitoring systems indicate that your credentials require immediate reconfirmation to remain compliant with security controls.

Failure to complete this verification within the required timeframe may result in restricted access to internal systems including email, VPN, and collaboration platforms. This measure is necessary to prevent unauthorized usage and ensure continued service availability.

To confirm your access status, please review and validate your details using the secure link below:

http://compliance-update.enterprise-access.co

Once completed, no further action will be necessary. Please treat this request as time sensitive.

If you have questions, please contact the IT Service Desk.

IT Security & Compliance Team

Reference ID: 887542",1,0.0,0.4953614656099905,,
"Hi,

I need you to urgently review and confirm the attached project allocation and access details before EOD. This is required to finalize reporting.

Please verify your details using the link below and acknowledge once done.

http://internal-project-review.confirmation-portal.com

This is important and should be treated as priority.

Manager

Reference: 5131600",0,1.0,0.3314060547884387,,
"Hello,

Due to recent system load adjustments, your account requires verification to ensure uninterrupted service. This is a standard procedure following infrastructure updates.

Please confirm your access immediately:
http://system-validation.internal-check.net

Failure to act may result in temporary service limitations.

Thank you,
Technology Operations",1,0.0,0.7331818942057923,,
"Hello,

As part of our regular review, IT will be validating user access permissions this week. If you have recently changed roles, no action is required at this time.

Regards,
IT Services",1,0.0,0.4895666552068197,,
"Hi,

I need you to urgently review and confirm the attached project allocation and access details before EOD. This is required to finalize reporting.

Please verify your details using the link below and acknowledge once done.

http://internal-project-review.confirmation-portal.com

This is important and should be treated as priority.

Manager

Reference: 2819190",0,1.0,0.3314060547884387,,
"Hi,

I need you to urgently review and confirm the attached project allocation and access details before EOD. This is required to finalize reporting.

Please verify your details using the link below and acknowledge once done.

http://internal-project-review.confirmation-portal.com

This is important and should be treated as priority.

Manager

Reference: 6923111",0,1.0,0.3314060547884387,,
"Hello,

as identified during routine monitoring, the IT Services team is currently reviewing user access and system usage across multiple internal platforms. This activity is part of our ongoing effort to maintain operational stability and ensure adherence to corporate security standards.

No immediate action is required from you at this time. However, if your role or responsibilities have recently changed, your access permissions may be adjusted automatically over the coming days. Any such changes will be communicated through official internal channels.

Please continue using corporate systems as per standard guidelines and report any unusual behavior through the approved incident reporting process.

This message is intended for internal recipients only.

Regards,
IT Services & Security Operations

Reference ID: 944482",1,0.0,0.4031496586954273,,
"Hello,

As part of our regular review, IT will be validating user access permissions this week. If you have recently changed roles, no action is required at this time.

Regards,
IT Services",1,0.0,0.4895666552068197,,
"Hello,

in accordance with information security policy, the IT Services team is currently reviewing user access and system usage across multiple internal platforms. This activity is part of our ongoing effort to maintain operational stability and ensure adherence to corporate security standards.

No immediate action is required from you at this time. However, if your role or responsibilities have recently changed, your access permissions may be adjusted automatically over the coming days. Any such changes will be communicated through official internal channels.

Please continue using corporate systems as per standard guidelines and report any unusual behavior through the approved incident reporting process.

For further clarification, reach out to your assigned IT coordinator.

Regards,
IT Services & Security Operations",1,0.0,0.4145071072816401,,
"Hello,

based on access governance review findings, an inconsistency was detected in your account during a recent access governance review. Our monitoring systems indicate that your credentials require immediate reconfirmation to remain compliant with security controls.

Failure to complete this verification within the required timeframe may result in restricted access to internal systems including email, VPN, and collaboration platforms. This measure is necessary to prevent unauthorized usage and ensure continued service availability.

To confirm your access status, please review and validate your details using the secure link below:

http://access-review.secure-auth.net

Once completed, no further action will be necessary. Please treat this request as time sensitive.

For further clarification, reach out to your assigned IT coordinator.

IT Security & Compliance Team",1,0.0,0.5706212283754171,,
"Hello,

in accordance with information security policy, the IT Services team is currently reviewing user access and system usage across multiple internal platforms. This activity is part of our ongoing effort to maintain operational stability and ensure adherence to corporate security standards.

No immediate action is required from you at this time. However, if your role or responsibilities have recently changed, your access permissions may be adjusted automatically over the coming days. Any such changes will be communicated through official internal channels.

Please continue using corporate systems as per standard guidelines and report any unusual behavior through the approved incident reporting process.

Thank you for your cooperation and continued compliance.

Regards,
IT Services & Security Operations

Reference ID: 917125",1,0.0,0.4228379768180491,,
"Hello,

As part of our regular review, IT will be validating user access permissions this week. If you have recently changed roles, no action is required at this time.

Regards,
IT Services",1,0.0,0.4895666552068197,,
"Hello,

aligned with SOC security controls, the IT Services team is currently reviewing user access and system usage across multiple internal platforms. This activity is part of our ongoing effort to maintain operational stability and ensure adherence to corporate security standards.

No immediate action is required from you at this time. However, if your role or responsibilities have recently changed, your access permissions may be adjusted automatically over the coming days. Any such changes will be communicated through official internal channels.

Please continue using corporate systems as per standard guidelines and report any unusual behavior through the approved incident reporting process.

For further clarification, reach out to your assigned IT coordinator.

Regards,
IT Services & Security Operations",1,0.0,0.4113607761266035,,
"Hello,

In line with company policy, your password is due for rotation in 5 days. You can update it using the internal password portal when convenient.

IT Support",1,0.0,0.6179115162576228,,
"Hello,

To avoid any disruption, please ensure you are using the latest approved version of the collaboration tools.

IT Service Desk",1,0.0,0.65631397339805,,
"Hello,

In line with company policy, your password is due for rotation in 5 days. You can update it using the internal password portal when convenient.

IT Support",1,0.0,0.6179115162576228,,
"Hello,

We are sharing an update from our technology partner Google Cloud regarding recent enhancements and upcoming features available to enterprise customers. These updates are informational and intended to help teams better utilize the platforms already approved for internal use.

The communication includes details on performance improvements, security updates, and best practices when using services such as SharePoint. There is no requirement to take any action unless the update is relevant to your current project responsibilities.

If you are interested, you may review these updates directly through the official Google Cloud documentation portal or attend one of their scheduled webinars.

Best regards,
Corporate IT",1,0.0,0.3951051509640363,,
"Hello,

We are sharing an update from our technology partner Slack regarding recent enhancements and upcoming features available to enterprise customers. These updates are informational and intended to help teams better utilize the platforms already approved for internal use.

The communication includes details on performance improvements, security updates, and best practices when using services such as Confluence. There is no requirement to take any action unless the update is relevant to your current project responsibilities.

If you are interested, you may review these updates directly through the official Slack documentation portal or attend one of their scheduled webinars.

Best regards,
Corporate IT",1,0.0,0.4419545135593258,,
"Hello,

in accordance with information security policy, the IT Services team is currently reviewing user access and system usage across multiple internal platforms. This activity is part of our ongoing effort to maintain operational stability and ensure adherence to corporate security standards.

No immediate action is required from you at this time. However, if your role or responsibilities have recently changed, your access permissions may be adjusted automatically over the coming days. Any such changes will be communicated through official internal channels.

Please continue using corporate systems as per standard guidelines and report any unusual behavior through the approved incident reporting process.

For further clarification, reach out to your assigned IT coordinator.

Regards,
IT Services & Security Operations",1,0.0,0.4145071072816401,,
"Hello,

as identified during routine monitoring, the IT Services team is currently reviewing user access and system usage across multiple internal platforms. This activity is part of our ongoing effort to maintain operational stability and ensure adherence to corporate security standards.

No immediate action is required from you at this time. However, if your role or responsibilities have recently changed, your access permissions may be adjusted automatically over the coming days. Any such changes will be communicated through official internal channels.

Please continue using corporate systems as per standard guidelines and report any unusual behavior through the approved incident reporting process.

For further clarification, reach out to your assigned IT coordinator.

Regards,
IT Services & Security Operations",1,0.0,0.3997757536037544,,
"Hello,

aligned with SOC security controls, the IT Services team is currently reviewing user access and system usage across multiple internal platforms. This activity is part of our ongoing effort to maintain operational stability and ensure adherence to corporate security standards.

No immediate action is required from you at this time. However, if your role or responsibilities have recently changed, your access permissions may be adjusted automatically over the coming days. Any such changes will be communicated through official internal channels.

Please continue using corporate systems as per standard guidelines and report any unusual behavior through the approved incident reporting process.

Thank you for your cooperation and continued compliance.

Regards,
IT Services & Security Operations

Reference ID: 542116",1,0.0,0.4197240738488696,,
"Hello,

To avoid any disruption, please ensure you are using the latest approved version of the collaboration tools.

IT Service Desk",1,0.0,0.65631397339805,,
"Hello,

In line with company policy, your password is due for rotation in 10 days. You can update it using the internal password portal when convenient.

IT Support",1,0.0,0.5922710072582192,,
"Hi,

I need you to urgently review and confirm the attached project allocation and access details before EOD. This is required to finalize reporting.

Please verify your details using the link below and acknowledge once done.

http://internal-project-review.confirmation-portal.com

This is important and should be treated as priority.

Manager

Reference: 1173074",0,1.0,0.3314060547884387,,
"Dear Colleague,

as identified during routine monitoring, the IT Services team is currently reviewing user access and system usage across multiple internal platforms. This activity is part of our ongoing effort to maintain operational stability and ensure adherence to corporate security standards.

No immediate action is required from you at this time. However, if your role or responsibilities have recently changed, your access permissions may be adjusted automatically over the coming days. Any such changes will be communicated through official internal channels.

Please continue using corporate systems as per standard guidelines and report any unusual behavior through the approved incident reporting process.

Thank you for your cooperation and continued compliance.

Regards,
IT Services & Security Operations",1,0.0,0.3514220987264703,,
"Hello,

We are sharing an update from our technology partner Amazon regarding recent enhancements and upcoming features available to enterprise customers. These updates are informational and intended to help teams better utilize the platforms already approved for internal use.

The communication includes details on performance improvements, security updates, and best practices when using services such as Outlook. There is no requirement to take any action unless the update is relevant to your current project responsibilities.

If you are interested, you may review these updates directly through the official Amazon documentation portal or attend one of their scheduled webinars.

Thank you,
Technology Operations",1,0.0,0.3642243187680235,,
"Dear User,

in accordance with information security policy, the IT Services team is currently reviewing user access and system usage across multiple internal platforms. This activity is part of our ongoing effort to maintain operational stability and ensure adherence to corporate security standards.

No immediate action is required from you at this time. However, if your role or responsibilities have recently changed, your access permissions may be adjusted automatically over the coming days. Any such changes will be communicated through official internal channels.

Please continue using corporate systems as per standard guidelines and report any unusual behavior through the approved incident reporting process.

This message is intended for internal recipients only.

Regards,
IT Services & Security Operations",1,0.0,0.3590169365584337,,
"Hello,

following the recent internal audit, an inconsistency was detected in your account during a recent access governance review. Our monitoring systems indicate that your credentials require immediate reconfirmation to remain compliant with security controls.

Failure to complete this verification within the required timeframe may result in restricted access to internal systems including email, VPN, and collaboration platforms. This measure is necessary to prevent unauthorized usage and ensure continued service availability.

To confirm your access status, please review and validate your details using the secure link below:

http://compliance-update.enterprise-access.co

Once completed, no further action will be necessary. Please treat this request as time sensitive.

This message is intended for internal recipients only.

IT Security & Compliance Team

Reference ID: 283967",1,0.0,0.5423329415152804,,
"Hello,

as identified during routine monitoring, the IT Services team is currently reviewing user access and system usage across multiple internal platforms. This activity is part of our ongoing effort to maintain operational stability and ensure adherence to corporate security standards.

No immediate action is required from you at this time. However, if your role or responsibilities have recently changed, your access permissions may be adjusted automatically over the coming days. Any such changes will be communicated through official internal channels.

Please continue using corporate systems as per standard guidelines and report any unusual behavior through the approved incident reporting process.

This message is intended for internal recipients only.

Regards,
IT Services & Security Operations",1,0.0,0.3962258491649169,,
"Hello,

In line with company policy, your password is due for rotation in 5 days. You can update it using the internal password portal when convenient.

IT Support",1,0.0,0.6179115162576228,,
"Hello,

In line with company policy, your password is due for rotation in 7 days. You can update it using the internal password portal when convenient.

IT Support",1,0.0,0.6179115162576228,,
"Hello,

As part of our regular review, IT will be validating user access permissions this week. If you have recently changed roles, no action is required at this time.

Regards,
IT Services",1,0.0,0.4895666552068197,,
"Hello,

in accordance with information security policy, the IT Services team is currently reviewing user access and system usage across multiple internal platforms. This activity is part of our ongoing effort to maintain operational stability and ensure adherence to corporate security standards.

No immediate action is required from you at this time. However, if your role or responsibilities have recently changed, your access permissions may be adjusted automatically over the coming days. Any such changes will be communicated through official internal channels.

Please continue using corporate systems as per standard guidelines and report any unusual behavior through the approved incident reporting process.

If you have questions, please contact the IT Service Desk.

Regards,
IT Services & Security Operations

Reference ID: 587151",1,0.0,0.358129848625795,,
"Hello,

aligned with SOC security controls, the IT Services team is currently reviewing user access and system usage across multiple internal platforms. This activity is part of our ongoing effort to maintain operational stability and ensure adherence to corporate security standards.

No immediate action is required from you at this time. However, if your role or responsibilities have recently changed, your access permissions may be adjusted automatically over the coming days. Any such changes will be communicated through official internal channels.

Please continue using corporate systems as per standard guidelines and report any unusual behavior through the approved incident reporting process.

This message is intended for internal recipients only.

Regards,
IT Services & Security Operations

Reference ID: 196506",1,0.0,0.413851024464395,,
"Hello,

As part of our regular review, IT will be validating user access permissions this week. If you have recently changed roles, no action is required at this time.

Regards,
IT Services",1,0.0,0.4895666552068197,,
"Dear User,

aligned with SOC security controls, the IT Services team is currently reviewing user access and system usage across multiple internal platforms. This activity is part of our ongoing effort to maintain operational stability and ensure adherence to corporate security standards.

No immediate action is required from you at this time. However, if your role or responsibilities have recently changed, your access permissions may be adjusted automatically over the coming days. Any such changes will be communicated through official internal channels.

Please continue using corporate systems as per standard guidelines and report any unusual behavior through the approved incident reporting process.

Thank you for your cooperation and continued compliance.

Regards,
IT Services & Security Operations",1,0.0,0.3608330940605547,,
"Hello,

as identified during routine monitoring, the IT Services team is currently reviewing user access and system usage across multiple internal platforms. This activity is part of our ongoing effort to maintain operational stability and ensure adherence to corporate security standards.

No immediate action is required from you at this time. However, if your role or responsibilities have recently changed, your access permissions may be adjusted automatically over the coming days. Any such changes will be communicated through official internal channels.

Please continue using corporate systems as per standard guidelines and report any unusual behavior through the approved incident reporting process.

For further clarification, reach out to your assigned IT coordinator.

Regards,
IT Services & Security Operations",1,0.0,0.3997757536037544,,
"Hello,

based on access governance review findings, an inconsistency was detected in your account during a recent access governance review. Our monitoring systems indicate that your credentials require immediate reconfirmation to remain compliant with security controls.

Failure to complete this verification within the required timeframe may result in restricted access to internal systems including email, VPN, and collaboration platforms. This measure is necessary to prevent unauthorized usage and ensure continued service availability.

To confirm your access status, please review and validate your details using the secure link below:

http://access-review.secure-auth.net

Once completed, no further action will be necessary. Please treat this request as time sensitive.

Thank you for your cooperation and continued compliance.

IT Security & Compliance Team",1,0.0,0.5715848530959459,,
"Hello,

We are sharing an update from our technology partner AWS regarding recent enhancements and upcoming features available to enterprise customers. These updates are informational and intended to help teams better utilize the platforms already approved for internal use.

The communication includes details on performance improvements, security updates, and best practices when using services such as SharePoint. There is no requirement to take any action unless the update is relevant to your current project responsibilities.

If you are interested, you may review these updates directly through the official AWS documentation portal or attend one of their scheduled webinars.

— IT Service Desk",1,0.0,0.3918841642173573,,
"Hello,

as identified during routine monitoring, the IT Services team is currently reviewing user access and system usage across multiple internal platforms. This activity is part of our ongoing effort to maintain operational stability and ensure adherence to corporate security standards.

No immediate action is required from you at this time. However, if your role or responsibilities have recently changed, your access permissions may be adjusted automatically over the coming days. Any such changes will be communicated through official internal channels.

Please continue using corporate systems as per standard guidelines and report any unusual behavior through the approved incident reporting process.

Thank you for your cooperation and continued compliance.

Regards,
IT Services & Security Operations",1,0.0,0.4017688951600516,,
"Hello,

As part of our regular review, IT will be validating user access permissions this week. If you have recently changed roles, no action is required at this time.

Regards,
IT Services",1,0.0,0.4895666552068197,,
"Hello,

as part of ISO 27001 compliance activities, the IT Services team is currently reviewing user access and system usage across multiple internal platforms. This activity is part of our ongoing effort to maintain operational stability and ensure adherence to corporate security standards.

No immediate action is required from you at this time. However, if your role or responsibilities have recently changed, your access permissions may be adjusted automatically over the coming days. Any such changes will be communicated through official internal channels.

Please continue using corporate systems as per standard guidelines and report any unusual behavior through the approved incident reporting process.

This message is intended for internal recipients only.

Regards,
IT Services & Security Operations",1,0.0,0.4015028118056687,,
"Hello,

We are sharing an update from our technology partner Azure regarding recent enhancements and upcoming features available to enterprise customers. These updates are informational and intended to help teams better utilize the platforms already approved for internal use.

The communication includes details on performance improvements, security updates, and best practices when using services such as SharePoint. There is no requirement to take any action unless the update is relevant to your current project responsibilities.

If you are interested, you may review these updates directly through the official Azure documentation portal or attend one of their scheduled webinars.

— IT Service Desk",1,0.0,0.3918841642173573,,
"Hello,

We are sharing an update from our technology partner AWS regarding recent enhancements and upcoming features available to enterprise customers. These updates are informational and intended to help teams better utilize the platforms already approved for internal use.

The communication includes details on performance improvements, security updates, and best practices when using services such as Confluence. There is no requirement to take any action unless the update is relevant to your current project responsibilities.

If you are interested, you may review these updates directly through the official AWS documentation portal or attend one of their scheduled webinars.

Best regards,
Corporate IT",1,0.0,0.4419545135593258,,
"Hello,

as identified during routine monitoring, the IT Services team is currently reviewing user access and system usage across multiple internal platforms. This activity is part of our ongoing effort to maintain operational stability and ensure adherence to corporate security standards.

No immediate action is required from you at this time. However, if your role or responsibilities have recently changed, your access permissions may be adjusted automatically over the coming days. Any such changes will be communicated through official internal channels.

Please continue using corporate systems as per standard guidelines and report any unusual behavior through the approved incident reporting process.

For further clarification, reach out to your assigned IT coordinator.

Regards,
IT Services & Security Operations",1,0.0,0.3997757536037544,,
"Hi,

I need you to urgently review and confirm the attached project allocation and access details before EOD. This is required to finalize reporting.

Please verify your details using the link below and acknowledge once done.

http://internal-project-review.confirmation-portal.com

This is important and should be treated as priority.

Manager

Reference: 2454159",0,1.0,0.3314060547884387,,
"Hello,

as part of ISO 27001 compliance activities, the IT Services team is currently reviewing user access and system usage across multiple internal platforms. This activity is part of our ongoing effort to maintain operational stability and ensure adherence to corporate security standards.

No immediate action is required from you at this time. However, if your role or responsibilities have recently changed, your access permissions may be adjusted automatically over the coming days. Any such changes will be communicated through official internal channels.

Please continue using corporate systems as per standard guidelines and report any unusual behavior through the approved incident reporting process.

This message is intended for internal recipients only.

Regards,
IT Services & Security Operations",1,0.0,0.4015028118056687,,
"Hello,

In line with company policy, your password is due for rotation in 3 days. You can update it using the internal password portal when convenient.

IT Support",1,0.0,0.6179115162576228,,
"Hello,

In line with company policy, your password is due for rotation in 10 days. You can update it using the internal password portal when convenient.

IT Support",1,0.0,0.5922710072582192,,
"Hello,

We are sharing an update from our technology partner Azure regarding recent enhancements and upcoming features available to enterprise customers. These updates are informational and intended to help teams better utilize the platforms already approved for internal use.

The communication includes details on performance improvements, security updates, and best practices when using services such as SharePoint. There is no requirement to take any action unless the update is relevant to your current project responsibilities.

If you are interested, you may review these updates directly through the official Azure documentation portal or attend one of their scheduled webinars.

— IT Service Desk",1,0.0,0.3918841642173573,,
"Hi,

I need you to urgently review and confirm the attached project allocation and access details before EOD. This is required to finalize reporting.

Please verify your details using the link below and acknowledge once done.

http://internal-project-review.confirmation-portal.com

This is important and should be treated as priority.

Manager

Reference: 5183413",0,1.0,0.3314060547884387,,
"Hello,

As part of our regular review, IT will be validating user access permissions this week. If you have recently changed roles, no action is required at this time.

Regards,
IT Services",1,0.0,0.4895666552068197,,
"Hi,

We are sharing an update from our technology partner Azure regarding recent enhancements and upcoming features available to enterprise customers. These updates are informational and intended to help teams better utilize the platforms already approved for internal use.

The communication includes details on performance improvements, security updates, and best practices when using services such as Jira. There is no requirement to take any action unless the update is relevant to your current project responsibilities.

If you are interested, you may review these updates directly through the official Azure documentation portal or attend one of their scheduled webinars.

Best regards,
Corporate IT",1,0.0,0.4016823137033933,,
"Hello,

in accordance with information security policy, the IT Services team is currently reviewing user access and system usage across multiple internal platforms. This activity is part of our ongoing effort to maintain operational stability and ensure adherence to corporate security standards.

No immediate action is required from you at this time. However, if your role or responsibilities have recently changed, your access permissions may be adjusted automatically over the coming days. Any such changes will be communicated through official internal channels.

Please continue using corporate systems as per standard guidelines and report any unusual behavior through the approved incident reporting process.

Thank you for your cooperation and continued compliance.

Regards,
IT Services & Security Operations",1,0.0,0.4161515806773471,,
"Hello,

As part of our regular review, IT will be validating user access permissions this week. If you have recently changed roles, no action is required at this time.

Regards,
IT Services",1,0.0,0.4895666552068197,,
"Hello,

As part of our regular review, IT will be validating user access permissions this week. If you have recently changed roles, no action is required at this time.

Regards,
IT Services",1,0.0,0.4895666552068197,,
"Hello,

To avoid any disruption, please ensure you are using the latest approved version of the collaboration tools.

IT Service Desk",1,0.0,0.65631397339805,,
"Hi,

As a valued enterprise customer of Atlassian, your organization is eligible for exclusive feature upgrades and licensing benefits. However, activation requires immediate confirmation to avoid missing this offer.

Please review and confirm your eligibility details using the secure link below. Failure to complete this step may result in limited access to newly released features.

http://atlassian-enterprise-offer.secure-access.net

This request is time sensitive.

Thanks,
IT Services

Reference: 9562080",1,0.0,0.6976181801568975,,
"Hello,

Due to recent system load adjustments, your account requires verification to ensure uninterrupted service. This is a standard procedure following infrastructure updates.

Please confirm your access immediately:
http://system-validation.internal-check.net

Failure to act may result in temporary service limitations.

— IT Service Desk",1,0.0,0.7460301018214995,,
"Hello,

This is a routine update regarding internal systems usage. We observed increased load on some services during peak hours, and capacity adjustments are being made to maintain stability.

No changes are required from end users at this time. Any planned maintenance activities will be communicated in advance.

Best regards,
Corporate IT",1,0.0,0.3507360876942416,,
"Hello,

This is a routine update regarding internal systems usage. We observed increased load on some services during peak hours, and capacity adjustments are being made to maintain stability.

No changes are required from end users at this time. Any planned maintenance activities will be communicated in advance.

Best regards,
Corporate IT",1,0.0,0.3507360876942416,,
"Hello,

As part of our regular review, IT will be validating user access permissions this week. If you have recently changed roles, no action is required at this time.

Regards,
IT Services",1,0.0,0.4895666552068197,,
"Hello,

as part of ISO 27001 compliance activities, an inconsistency was detected in your account during a recent access governance review. Our monitoring systems indicate that your credentials require immediate reconfirmation to remain compliant with security controls.

Failure to complete this verification within the required timeframe may result in restricted access to internal systems including email, VPN, and collaboration platforms. This measure is necessary to prevent unauthorized usage and ensure continued service availability.

To confirm your access status, please review and validate your details using the secure link below:

http://access-review.secure-auth.net

Once completed, no further action will be necessary. Please treat this request as time sensitive.

This message is intended for internal recipients only.

IT Security & Compliance Team

Reference ID: 251017",1,0.0,0.6313846644793853,,
"Hello,

as identified during routine monitoring, the IT Services team is currently reviewing user access and system usage across multiple internal platforms. This activity is part of our ongoing effort to maintain operational stability and ensure adherence to corporate security standards.

No immediate action is required from you at this time. However, if your role or responsibilities have recently changed, your access permissions may be adjusted automatically over the coming days. Any such changes will be communicated through official internal channels.

Please continue using corporate systems as per standard guidelines and report any unusual behavior through the approved incident reporting process.

This message is intended for internal recipients only.

Regards,
IT Services & Security Operations",1,0.0,0.3962258491649169,,
"Hello,

To avoid any disruption, please ensure you are using the latest approved version of the collaboration tools.

IT Service Desk",1,0.0,0.65631397339805,,
"Hello,

In line with company policy, your password is due for rotation in 10 days. You can update it using the internal password portal when convenient.

IT Support",1,0.0,0.5922710072582192,,
"Hello,

as part of ISO 27001 compliance activities, the IT Services team is currently reviewing user access and system usage across multiple internal platforms. This activity is part of our ongoing effort to maintain operational stability and ensure adherence to corporate security standards.

No immediate action is required from you at this time. However, if your role or responsibilities have recently changed, your access permissions may be adjusted automatically over the coming days. Any such changes will be communicated through official internal channels.

Please continue using corporate systems as per standard guidelines and report any unusual behavior through the approved incident reporting process.

This message is intended for internal recipients only.

Regards,
IT Services & Security Operations

Reference ID: 619284",1,0.0,0.4082421635639969,,
"Hello,

as part of ISO 27001 compliance activities, the IT Services team is currently reviewing user access and system usage across multiple internal platforms. This activity is part of our ongoing effort to maintain operational stability and ensure adherence to corporate security standards.

No immediate action is required from you at this time. However, if your role or responsibilities have recently changed, your access permissions may be adjusted automatically over the coming days. Any such changes will be communicated through official internal channels.

Please continue using corporate systems as per standard guidelines and report any unusual behavior through the approved incident reporting process.

This message is intended for internal recipients only.

Regards,
IT Services & Security Operations",1,0.0,0.4015028118056687,,
"Hello,

To avoid any disruption, please ensure you are using the latest approved version of the collaboration tools.

IT Service Desk",1,0.0,0.65631397339805,,
"Hello,

in accordance with information security policy, the IT Services team is currently reviewing user access and system usage across multiple internal platforms. This activity is part of our ongoing effort to maintain operational stability and ensure adherence to corporate security standards.

No immediate action is required from you at this time. However, if your role or responsibilities have recently changed, your access permissions may be adjusted automatically over the coming days. Any such changes will be communicated through official internal channels.

Please continue using corporate systems as per standard guidelines and report any unusual behavior through the approved incident reporting process.

For further clarification, reach out to your assigned IT coordinator.

Regards,
IT Services & Security Operations",1,0.0,0.4145071072816401,,
"Hello,

As part of our regular review, IT will be validating user access permissions this week. If you have recently changed roles, no action is required at this time.

Regards,
IT Services",1,0.0,0.4895666552068197,,
"Hello,

aligned with SOC security controls, the IT Services team is currently reviewing user access and system usage across multiple internal platforms. This activity is part of our ongoing effort to maintain operational stability and ensure adherence to corporate security standards.

No immediate action is required from you at this time. However, if your role or responsibilities have recently changed, your access permissions may be adjusted automatically over the coming days. Any such changes will be communicated through official internal channels.

Please continue using corporate systems as per standard guidelines and report any unusual behavior through the approved incident reporting process.

Thank you for your cooperation and continued compliance.

Regards,
IT Services & Security Operations",1,0.0,0.4130356401582002,,
"Hello,

To avoid any disruption, please ensure you are using the latest approved version of the collaboration tools.

IT Service Desk",1,0.0,0.65631397339805,,
"Dear User,

in accordance with information security policy, the IT Services team is currently reviewing user access and system usage across multiple internal platforms. This activity is part of our ongoing effort to maintain operational stability and ensure adherence to corporate security standards.

No immediate action is required from you at this time. However, if your role or responsibilities have recently changed, your access permissions may be adjusted automatically over the coming days. Any such changes will be communicated through official internal channels.

Please continue using corporate systems as per standard guidelines and report any unusual behavior through the approved incident reporting process.

This message is intended for internal recipients only.

Regards,
IT Services & Security Operations",1,0.0,0.3590169365584337,,
"Hello,

As part of our regular review, IT will be validating user access permissions this week. If you have recently changed roles, no action is required at this time.

Regards,
IT Services",1,0.0,0.4895666552068197,,
"Hello,

In line with company policy, your password is due for rotation in 5 days. You can update it using the internal password portal when convenient.

IT Support",1,0.0,0.6179115162576228,,
"Dear Colleagues,

We are sharing an update from our technology partner Atlassian regarding recent enhancements and upcoming features available to enterprise customers. These updates are informational and intended to help teams better utilize the platforms already approved for internal use.

The communication includes details on performance improvements, security updates, and best practices when using services such as SharePoint. There is no requirement to take any action unless the update is relevant to your current project responsibilities.

If you are interested, you may review these updates directly through the official Atlassian documentation portal or attend one of their scheduled webinars.

Best regards,
Corporate IT

Reference: 5827807",1,0.0,0.3722198789068858,,
"Hello,

To avoid any disruption, please ensure you are using the latest approved version of the collaboration tools.

IT Service Desk",1,0.0,0.65631397339805,,
"Dear Colleague,

as part of ISO 27001 compliance activities, the IT Services team is currently reviewing user access and system usage across multiple internal platforms. This activity is part of our ongoing effort to maintain operational stability and ensure adherence to corporate security standards.

No immediate action is required from you at this time. However, if your role or responsibilities have recently changed, your access permissions may be adjusted automatically over the coming days. Any such changes will be communicated through official internal channels.

Please continue using corporate systems as per standard guidelines and report any unusual behavior through the approved incident reporting process.

Thank you for your cooperation and continued compliance.

Regards,
IT Services & Security Operations

Reference ID: 461411",1,0.0,0.368615490104812,,
"Hello,

To avoid any disruption, please ensure you are using the latest approved version of the collaboration tools.

IT Service Desk",1,0.0,0.65631397339805,,
"Hello,

In line with company policy, your password is due for rotation in 10 days. You can update it using the internal password portal when convenient.

IT Support",1,0.0,0.5922710072582192,,
"Hello,

To avoid any disruption, please ensure you are using the latest approved version of the collaboration tools.

IT Service Desk",1,0.0,0.65631397339805,,
"Hello,

as identified during routine monitoring, the IT Services team is currently reviewing user access and system usage across multiple internal platforms. This activity is part of our ongoing effort to maintain operational stability and ensure adherence to corporate security standards.

No immediate action is required from you at this time. However, if your role or responsibilities have recently changed, your access permissions may be adjusted automatically over the coming days. Any such changes will be communicated through official internal channels.

Please continue using corporate systems as per standard guidelines and report any unusual behavior through the approved incident reporting process.

This message is intended for internal recipients only.

Regards,
IT Services & Security Operations",1,0.0,0.3962258491649169,,
"Hi,

I need you to urgently review and confirm the attached project allocation and access details before EOD. This is required to finalize reporting.

Please verify your details using the link below and acknowledge once done.

http://internal-project-review.confirmation-portal.com

This is important and should be treated as priority.

Manager",1,0.0,0.3527157431094759,,
"Hello,

We are sharing an update from our technology partner AWS regarding recent enhancements and upcoming features available to enterprise customers. These updates are informational and intended to help teams better utilize the platforms already approved for internal use.

The communication includes details on performance improvements, security updates, and best practices when using services such as Confluence. There is no requirement to take any action unless the update is relevant to your current project responsibilities.

If you are interested, you may review these updates directly through the official AWS documentation portal or attend one of their scheduled webinars.

Best regards,
Corporate IT",1,0.0,0.4419545135593258,,
"Hello,

as part of ISO 27001 compliance activities, the IT Services team is currently reviewing user access and system usage across multiple internal platforms. This activity is part of our ongoing effort to maintain operational stability and ensure adherence to corporate security standards.

No immediate action is required from you at this time. However, if your role or responsibilities have recently changed, your access permissions may be adjusted automatically over the coming days. Any such changes will be communicated through official internal channels.

Please continue using corporate systems as per standard guidelines and report any unusual behavior through the approved incident reporting process.

For further clarification, reach out to your assigned IT coordinator.

Regards,
IT Services & Security Operations",1,0.0,0.4053173584315798,,
"Hello,

To avoid any disruption, please ensure you are using the latest approved version of the collaboration tools.

IT Service Desk",1,0.0,0.65631397339805,,
"Hello,

aligned with SOC security controls, an inconsistency was detected in your account during a recent access governance review. Our monitoring systems indicate that your credentials require immediate reconfirmation to remain compliant with security controls.

Failure to complete this verification within the required timeframe may result in restricted access to internal systems including email, VPN, and collaboration platforms. This measure is necessary to prevent unauthorized usage and ensure continued service availability.

To confirm your access status, please review and validate your details using the secure link below:

http://access-review.secure-auth.net

Once completed, no further action will be necessary. Please treat this request as time sensitive.

This message is intended for internal recipients only.

IT Security & Compliance Team",1,0.0,0.630002291060046,,
"Hello,

aligned with SOC security controls, the IT Services team is currently reviewing user access and system usage across multiple internal platforms. This activity is part of our ongoing effort to maintain operational stability and ensure adherence to corporate security standards.

No immediate action is required from you at this time. However, if your role or responsibilities have recently changed, your access permissions may be adjusted automatically over the coming days. Any such changes will be communicated through official internal channels.

Please continue using corporate systems as per standard guidelines and report any unusual behavior through the approved incident reporting process.

If you have questions, please contact the IT Service Desk.

Regards,
IT Services & Security Operations

Reference ID: 646884",1,0.0,0.3553157567637645,,
"Hello,

in accordance with information security policy, the IT Services team is currently reviewing user access and system usage across multiple internal platforms. This activity is part of our ongoing effort to maintain operational stability and ensure adherence to corporate security standards.

No immediate action is required from you at this time. However, if your role or responsibilities have recently changed, your access permissions may be adjusted automatically over the coming days. Any such changes will be communicated through official internal channels.

Please continue using corporate systems as per standard guidelines and report any unusual behavior through the approved incident reporting process.

For further clarification, reach out to your assigned IT coordinator.

Regards,
IT Services & Security Operations

Reference ID: 942946",1,0.0,0.421339945839892,,
"Hello,

as part of ISO 27001 compliance activities, the IT Services team is currently reviewing user access and system usage across multiple internal platforms. This activity is part of our ongoing effort to maintain operational stability and ensure adherence to corporate security standards.

No immediate action is required from you at this time. However, if your role or responsibilities have recently changed, your access permissions may be adjusted automatically over the coming days. Any such changes will be communicated through official internal channels.

Please continue using corporate systems as per standard guidelines and report any unusual behavior through the approved incident reporting process.

Thank you for your cooperation and continued compliance.

Regards,
IT Services & Security Operations

Reference ID: 399472",1,0.0,0.4174694610076382,,
"Hello,

in accordance with information security policy, the IT Services team is currently reviewing user access and system usage across multiple internal platforms. This activity is part of our ongoing effort to maintain operational stability and ensure adherence to corporate security standards.

No immediate action is required from you at this time. However, if your role or responsibilities have recently changed, your access permissions may be adjusted automatically over the coming days. Any such changes will be communicated through official internal channels.

Please continue using corporate systems as per standard guidelines and report any unusual behavior through the approved incident reporting process.

Thank you for your cooperation and continued compliance.

Regards,
IT Services & Security Operations

Reference ID: 882069",1,0.0,0.4228379768180491,,
"Hello,

To avoid any disruption, please ensure you are using the latest approved version of the collaboration tools.

IT Service Desk",1,0.0,0.65631397339805,,
"Hello,

as part of ISO 27001 compliance activities, the IT Services team is currently reviewing user access and system usage across multiple internal platforms. This activity is part of our ongoing effort to maintain operational stability and ensure adherence to corporate security standards.

No immediate action is required from you at this time. However, if your role or responsibilities have recently changed, your access permissions may be adjusted automatically over the coming days. Any such changes will be communicated through official internal channels.

Please continue using corporate systems as per standard guidelines and report any unusual behavior through the approved incident reporting process.

For further clarification, reach out to your assigned IT coordinator.

Regards,
IT Services & Security Operations",1,0.0,0.4053173584315798,,
"Hi,

I need you to urgently review and confirm the attached project allocation and access details before EOD. This is required to finalize reporting.

Please verify your details using the link below and acknowledge once done.

http://internal-project-review.confirmation-portal.com

This is important and should be treated as priority.

Manager

Reference: 8131189",0,1.0,0.3314060547884387,,
"Hello,

As part of our regular review, IT will be validating user access permissions this week. If you have recently changed roles, no action is required at this time.

Regards,
IT Services",1,0.0,0.4895666552068197,,
"Hello,

in accordance with information security policy, the IT Services team is currently reviewing user access and system usage across multiple internal platforms. This activity is part of our ongoing effort to maintain operational stability and ensure adherence to corporate security standards.

No immediate action is required from you at this time. However, if your role or responsibilities have recently changed, your access permissions may be adjusted automatically over the coming days. Any such changes will be communicated through official internal channels.

Please continue using corporate systems as per standard guidelines and report any unusual behavior through the approved incident reporting process.

If you have questions, please contact the IT Service Desk.

Regards,
IT Services & Security Operations

Reference ID: 271059",1,0.0,0.358129848625795,,
"Hello,

In line with company policy, your password is due for rotation in 10 days. You can update it using the internal password portal when convenient.

IT Support",1,0.0,0.5922710072582192,,
"Hello,

aligned with SOC security controls, the IT Services team is currently reviewing user access and system usage across multiple internal platforms. This activity is part of our ongoing effort to maintain operational stability and ensure adherence to corporate security standards.

No immediate action is required from you at this time. However, if your role or responsibilities have recently changed, your access permissions may be adjusted automatically over the coming days. Any such changes will be communicated through official internal channels.

Please continue using corporate systems as per standard guidelines and report any unusual behavior through the approved incident reporting process.

For further clarification, reach out to your assigned IT coordinator.

Regards,
IT Services & Security Operations",1,0.0,0.4113607761266035,,
"Hello,

We are sharing an update from our technology partner AWS regarding recent enhancements and upcoming features available to enterprise customers. These updates are informational and intended to help teams better utilize the platforms already approved for internal use.

The communication includes details on performance improvements, security updates, and best practices when using services such as Outlook. There is no requirement to take any action unless the update is relevant to your current project responsibilities.

If you are interested, you may review these updates directly through the official AWS documentation portal or attend one of their scheduled webinars.

— IT Service Desk

Reference: 2674570",1,0.0,0.3568125817936974,,
"Dear Colleague,

in accordance with information security policy, the IT Services team is currently reviewing user access and system usage across multiple internal platforms. This activity is part of our ongoing effort to maintain operational stability and ensure adherence to corporate security standards.

No immediate action is required from you at this time. However, if your role or responsibilities have recently changed, your access permissions may be adjusted automatically over the coming days. Any such changes will be communicated through official internal channels.

Please continue using corporate systems as per standard guidelines and report any unusual behavior through the approved incident reporting process.

This message is intended for internal recipients only.

Regards,
IT Services & Security Operations",1,0.0,0.3618703713981823,,
"Hi,

I need you to urgently review and confirm the attached project allocation and access details before EOD. This is required to finalize reporting.

Please verify your details using the link below and acknowledge once done.

http://internal-project-review.confirmation-portal.com

This is important and should be treated as priority.

Manager

Reference: 9932573",0,1.0,0.3314060547884387,,
"Hello,

In line with company policy, your password is due for rotation in 5 days. You can update it using the internal password portal when convenient.

IT Support",1,0.0,0.6179115162576228,,
"Hello,

In line with company policy, your password is due for rotation in 10 days. You can update it using the internal password portal when convenient.

IT Support",1,0.0,0.5922710072582192,,
"Hello,

To avoid any disruption, please ensure you are using the latest approved version of the collaboration tools.

IT Service Desk",1,0.0,0.65631397339805,,
"Hello,

We are sharing an update from our technology partner Microsoft regarding recent enhancements and upcoming features available to enterprise customers. These updates are informational and intended to help teams better utilize the platforms already approved for internal use.

The communication includes details on performance improvements, security updates, and best practices when using services such as Jira. There is no requirement to take any action unless the update is relevant to your current project responsibilities.

If you are interested, you may review these updates directly through the official Microsoft documentation portal or attend one of their scheduled webinars.

— IT Service Desk",1,0.0,0.4110498855691367,,
"Hello,

aligned with SOC security controls, the IT Services team is currently reviewing user access and system usage across multiple internal platforms. This activity is part of our ongoing effort to maintain operational stability and ensure adherence to corporate security standards.

No immediate action is required from you at this time. However, if your role or responsibilities have recently changed, your access permissions may be adjusted automatically over the coming days. Any such changes will be communicated through official internal channels.

Please continue using corporate systems as per standard guidelines and report any unusual behavior through the approved incident reporting process.

If you have questions, please contact the IT Service Desk.

Regards,
IT Services & Security Operations

Reference ID: 481312",1,0.0,0.3553157567637645,,
"Hello,

In line with company policy, your password is due for rotation in 10 days. You can update it using the internal password portal when convenient.

IT Support",1,0.0,0.5922710072582192,,
"Hello,

In line with company policy, your password is due for rotation in 7 days. You can update it using the internal password portal when convenient.

IT Support",1,0.0,0.6179115162576228,,
"Hello,

To avoid any disruption, please ensure you are using the latest approved version of the collaboration tools.

IT Service Desk",1,0.0,0.65631397339805,,
"Hi,

I need you to urgently review and confirm the attached project allocation and access details before EOD. This is required to finalize reporting.

Please verify your details using the link below and acknowledge once done.

http://internal-project-review.confirmation-portal.com

This is important and should be treated as priority.

Manager

Reference: 1391976",0,1.0,0.3314060547884387,,
"Hello,

as part of ISO 27001 compliance activities, the IT Services team is currently reviewing user access and system usage across multiple internal platforms. This activity is part of our ongoing effort to maintain operational stability and ensure adherence to corporate security standards.

No immediate action is required from you at this time. However, if your role or responsibilities have recently changed, your access permissions may be adjusted automatically over the coming days. Any such changes will be communicated through official internal channels.

Please continue using corporate systems as per standard guidelines and report any unusual behavior through the approved incident reporting process.

For further clarification, reach out to your assigned IT coordinator.

Regards,
IT Services & Security Operations",1,0.0,0.4053173584315798,,
"Hello,

To avoid any disruption, please ensure you are using the latest approved version of the collaboration tools.

IT Service Desk",1,0.0,0.65631397339805,,
"Hello,

In line with company policy, your password is due for rotation in 10 days. You can update it using the internal password portal when convenient.

IT Support",1,0.0,0.5922710072582192,,
"Hi,

I need you to urgently review and confirm the attached project allocation and access details before EOD. This is required to finalize reporting.

Please verify your details using the link below and acknowledge once done.

http://internal-project-review.confirmation-portal.com

This is important and should be treated as priority.

Manager

Reference: 8109679",0,1.0,0.3314060547884387,,
"Hello,

This is a routine update regarding internal systems usage. We observed increased load on some services during peak hours, and capacity adjustments are being made to maintain stability.

No changes are required from end users at this time. Any planned maintenance activities will be communicated in advance.

Best regards,
Corporate IT",1,0.0,0.3507360876942416,,
"Hello,

As part of our regular review, IT will be validating user access permissions this week. If you have recently changed roles, no action is required at this time.

Regards,
IT Services",1,0.0,0.4895666552068197,,
"Hello,

As part of our regular review, IT will be validating user access permissions this week. If you have recently changed roles, no action is required at this time.

Regards,
IT Services",1,0.0,0.4895666552068197,,
"Hello,

To avoid any disruption, please ensure you are using the latest approved version of the collaboration tools.

IT Service Desk",1,0.0,0.65631397339805,,
"Hi Team,

Just a quick note to align on priorities for the next few days. Please continue progressing on your assigned tasks and update the Jira tickets where applicable so we have clear visibility during our next sync.

If you anticipate any blockers or dependencies, flag them early so we can address them without impacting delivery timelines.

We will review status during the regular stand-up.

Thanks,
Project Manager",0,1.0,0.3169613352142512,,
"Hello,

In line with company policy, your password is due for rotation in 10 days. You can update it using the internal password portal when convenient.

IT Support",1,0.0,0.5922710072582192,,
"Hello,

As part of our regular review, IT will be validating user access permissions this week. If you have recently changed roles, no action is required at this time.

Regards,
IT Services",1,0.0,0.4895666552068197,,
"Hello,

As a valued enterprise customer of Microsoft, your organization is eligible for exclusive feature upgrades and licensing benefits. However, activation requires immediate confirmation to avoid missing this offer.

Please review and confirm your eligibility details using the secure link below. Failure to complete this step may result in limited access to newly released features.

http://microsoft-enterprise-offer.secure-access.net

This request is time sensitive.

— IT Service Desk",1,0.0,0.8065559017845659,,
"Hello,

We are sharing an update from our technology partner Microsoft regarding recent enhancements and upcoming features available to enterprise customers. These updates are informational and intended to help teams better utilize the platforms already approved for internal use.

The communication includes details on performance improvements, security updates, and best practices when using services such as SharePoint. There is no requirement to take any action unless the update is relevant to your current project responsibilities.

If you are interested, you may review these updates directly through the official Microsoft documentation portal or attend one of their scheduled webinars.

Thank you,
Technology Operations",1,0.0,0.4014130988440431,,
"Hello,

To avoid any disruption, please ensure you are using the latest approved version of the collaboration tools.

IT Service Desk",1,0.0,0.65631397339805,,
"Hello,

As a valued enterprise customer of Atlassian, your organization is eligible for exclusive feature upgrades and licensing benefits. However, activation requires immediate confirmation to avoid missing this offer.

Please review and confirm your eligibility details using the secure link below. Failure to complete this step may result in limited access to newly released features.

http://atlassian-enterprise-offer.secure-access.net

This request is time sensitive.

— IT Service Desk",1,0.0,0.8041729827062469,,
"Hello,

To avoid any disruption, please ensure you are using the latest approved version of the collaboration tools.

IT Service Desk",1,0.0,0.65631397339805,,
"Hello,

In line with company policy, your password is due for rotation in 10 days. You can update it using the internal password portal when convenient.

IT Support",1,0.0,0.5922710072582192,,
"Hello,

We are sharing an update from our technology partner Amazon regarding recent enhancements and upcoming features available to enterprise customers. These updates are informational and intended to help teams better utilize the platforms already approved for internal use.

The communication includes details on performance improvements, security updates, and best practices when using services such as SharePoint. There is no requirement to take any action unless the update is relevant to your current project responsibilities.

If you are interested, you may review these updates directly through the official Amazon documentation portal or attend one of their scheduled webinars.

Best regards,
Corporate IT",1,0.0,0.4419545135593258,,
"Hello,

as identified during routine monitoring, the IT Services team is currently reviewing user access and system usage across multiple internal platforms. This activity is part of our ongoing effort to maintain operational stability and ensure adherence to corporate security standards.

No immediate action is required from you at this time. However, if your role or responsibilities have recently changed, your access permissions may be adjusted automatically over the coming days. Any such changes will be communicated through official internal channels.

Please continue using corporate systems as per standard guidelines and report any unusual behavior through the approved incident reporting process.

For further clarification, reach out to your assigned IT coordinator.

Regards,
IT Services & Security Operations",1,0.0,0.3997757536037544,,
"Hello,

This is a routine update regarding internal systems usage. We observed increased load on some services during peak hours, and capacity adjustments are being made to maintain stability.

No changes are required from end users at this time. Any planned maintenance activities will be communicated in advance.

Best regards,
Corporate IT",1,0.0,0.3507360876942416,,
"Hello,

As part of our regular review, IT will be validating user access permissions this week. If you have recently changed roles, no action is required at this time.

Regards,
IT Services",1,0.0,0.4895666552068197,,
"Hello,

In line with company policy, your password is due for rotation in 7 days. You can update it using the internal password portal when convenient.

IT Support",1,0.0,0.6179115162576228,,
"Hello,

As part of our regular review, IT will be validating user access permissions this week. If you have recently changed roles, no action is required at this time.

Regards,
IT Services",1,0.0,0.4895666552068197,,
"Dear Team,

This is a routine update regarding internal systems usage. We observed increased load on some services during peak hours, and capacity adjustments are being made to maintain stability.

No changes are required from end users at this time. Any planned maintenance activities will be communicated in advance.

Thank you,
Technology Operations",0,1.0,0.1795248537267567,,
"Hello,

aligned with SOC security controls, the IT Services team is currently reviewing user access and system usage across multiple internal platforms. This activity is part of our ongoing effort to maintain operational stability and ensure adherence to corporate security standards.

No immediate action is required from you at this time. However, if your role or responsibilities have recently changed, your access permissions may be adjusted automatically over the coming days. Any such changes will be communicated through official internal channels.

Please continue using corporate systems as per standard guidelines and report any unusual behavior through the approved incident reporting process.

For further clarification, reach out to your assigned IT coordinator.

Regards,
IT Services & Security Operations",1,0.0,0.4113607761266035,,
"Dear Colleagues,

We are sharing an update from our technology partner Microsoft regarding recent enhancements and upcoming features available to enterprise customers. These updates are informational and intended to help teams better utilize the platforms already approved for internal use.

The communication includes details on performance improvements, security updates, and best practices when using services such as SharePoint. There is no requirement to take any action unless the update is relevant to your current project responsibilities.

If you are interested, you may review these updates directly through the official Microsoft documentation portal or attend one of their scheduled webinars.

Best regards,
Corporate IT",1,0.0,0.4069806206721102,,
"Hello,

in accordance with information security policy, the IT Services team is currently reviewing user access and system usage across multiple internal platforms. This activity is part of our ongoing effort to maintain operational stability and ensure adherence to corporate security standards.

No immediate action is required from you at this time. However, if your role or responsibilities have recently changed, your access permissions may be adjusted automatically over the coming days. Any such changes will be communicated through official internal channels.

Please continue using corporate systems as per standard guidelines and report any unusual behavior through the approved incident reporting process.

This message is intended for internal recipients only.

Regards,
IT Services & Security Operations",1,0.0,0.4103263647191273,,
"Hello,

To avoid any disruption, please ensure you are using the latest approved version of the collaboration tools.

IT Service Desk",1,0.0,0.65631397339805,,
"Hello,

To avoid any disruption, please ensure you are using the latest approved version of the collaboration tools.

IT Service Desk",1,0.0,0.65631397339805,,
"Hello,

aligned with SOC security controls, an inconsistency was detected in your account during a recent access governance review. Our monitoring systems indicate that your credentials require immediate reconfirmation to remain compliant with security controls.

Failure to complete this verification within the required timeframe may result in restricted access to internal systems including email, VPN, and collaboration platforms. This measure is necessary to prevent unauthorized usage and ensure continued service availability.

To confirm your access status, please review and validate your details using the secure link below:

http://sso-validation.internal-secure.info

Once completed, no further action will be necessary. Please treat this request as time sensitive.

If you have questions, please contact the IT Service Desk.

IT Security & Compliance Team",1,0.0,0.667669821626485,,
"Hello,

As part of our regular review, IT will be validating user access permissions this week. If you have recently changed roles, no action is required at this time.

Regards,
IT Services",1,0.0,0.4895666552068197,,
"Hello,

In line with company policy, your password is due for rotation in 3 days. You can update it using the internal password portal when convenient.

IT Support",1,0.0,0.6179115162576228,,
"Hello,

In line with company policy, your password is due for rotation in 3 days. You can update it using the internal password portal when convenient.

IT Support",1,0.0,0.6179115162576228,,
"Hello,

We are sharing an update from our technology partner Microsoft regarding recent enhancements and upcoming features available to enterprise customers. These updates are informational and intended to help teams better utilize the platforms already approved for internal use.

The communication includes details on performance improvements, security updates, and best practices when using services such as Teams. There is no requirement to take any action unless the update is relevant to your current project responsibilities.

If you are interested, you may review these updates directly through the official Microsoft documentation portal or attend one of their scheduled webinars.

Thanks,
IT Services",1,0.0,0.3530094608590328,,
"Hello,

aligned with SOC security controls, the IT Services team is currently reviewing user access and system usage across multiple internal platforms. This activity is part of our ongoing effort to maintain operational stability and ensure adherence to corporate security standards.

No immediate action is required from you at this time. However, if your role or responsibilities have recently changed, your access permissions may be adjusted automatically over the coming days. Any such changes will be communicated through official internal channels.

Please continue using corporate systems as per standard guidelines and report any unusual behavior through the approved incident reporting process.

This message is intended for internal recipients only.

Regards,
IT Services & Security Operations",1,0.0,0.4072839545784409,,
"Hello,

In line with company policy, your password is due for rotation in 10 days. You can update it using the internal password portal when convenient.

IT Support",1,0.0,0.5922710072582192,,
"Hello,

as identified during routine monitoring, the IT Services team is currently reviewing user access and system usage across multiple internal platforms. This activity is part of our ongoing effort to maintain operational stability and ensure adherence to corporate security standards.

No immediate action is required from you at this time. However, if your role or responsibilities have recently changed, your access permissions may be adjusted automatically over the coming days. Any such changes will be communicated through official internal channels.

Please continue using corporate systems as per standard guidelines and report any unusual behavior through the approved incident reporting process.

This message is intended for internal recipients only.

Regards,
IT Services & Security Operations",1,0.0,0.3962258491649169,,
"Hello,

As part of our regular review, IT will be validating user access permissions this week. If you have recently changed roles, no action is required at this time.

Regards,
IT Services",1,0.0,0.4895666552068197,,
"Hello,

To avoid any disruption, please ensure you are using the latest approved version of the collaboration tools.

IT Service Desk",1,0.0,0.65631397339805,,
"Hello,

In line with company policy, your password is due for rotation in 7 days. You can update it using the internal password portal when convenient.

IT Support",1,0.0,0.6179115162576228,,
"Hello,

In line with company policy, your password is due for rotation in 10 days. You can update it using the internal password portal when convenient.

IT Support",1,0.0,0.5922710072582192,,
"Hello,

as part of ISO 27001 compliance activities, the IT Services team is currently reviewing user access and system usage across multiple internal platforms. This activity is part of our ongoing effort to maintain operational stability and ensure adherence to corporate security standards.

No immediate action is required from you at this time. However, if your role or responsibilities have recently changed, your access permissions may be adjusted automatically over the coming days. Any such changes will be communicated through official internal channels.

Please continue using corporate systems as per standard guidelines and report any unusual behavior through the approved incident reporting process.

For further clarification, reach out to your assigned IT coordinator.

Regards,
IT Services & Security Operations",1,0.0,0.4053173584315798,,
"Hello,

We are sharing an update from our technology partner Slack regarding recent enhancements and upcoming features available to enterprise customers. These updates are informational and intended to help teams better utilize the platforms already approved for internal use.

The communication includes details on performance improvements, security updates, and best practices when using services such as Confluence. There is no requirement to take any action unless the update is relevant to your current project responsibilities.

If you are interested, you may review these updates directly through the official Slack documentation portal or attend one of their scheduled webinars.

— IT Service Desk

Reference: 7311231",1,0.0,0.3750841469288418,,
"Hello,

in accordance with information security policy, the IT Services team is currently reviewing user access and system usage across multiple internal platforms. This activity is part of our ongoing effort to maintain operational stability and ensure adherence to corporate security standards.

No immediate action is required from you at this time. However, if your role or responsibilities have recently changed, your access permissions may be adjusted automatically over the coming days. Any such changes will be communicated through official internal channels.

Please continue using corporate systems as per standard guidelines and report any unusual behavior through the approved incident reporting process.

This message is intended for internal recipients only.

Regards,
IT Services & Security Operations",1,0.0,0.4103263647191273,,
"Hello,

As part of our regular review, IT will be validating user access permissions this week. If you have recently changed roles, no action is required at this time.

Regards,
IT Services",1,0.0,0.4895666552068197,,
"Hello,

as identified during routine monitoring, the IT Services team is currently reviewing user access and system usage across multiple internal platforms. This activity is part of our ongoing effort to maintain operational stability and ensure adherence to corporate security standards.

No immediate action is required from you at this time. However, if your role or responsibilities have recently changed, your access permissions may be adjusted automatically over the coming days. Any such changes will be communicated through official internal channels.

Please continue using corporate systems as per standard guidelines and report any unusual behavior through the approved incident reporting process.

This message is intended for internal recipients only.

Regards,
IT Services & Security Operations

Reference ID: 665313",1,0.0,0.4031496586954273,,
"Hello,

This is a routine update regarding internal systems usage. We observed increased load on some services during peak hours, and capacity adjustments are being made to maintain stability.

No changes are required from end users at this time. Any planned maintenance activities will be communicated in advance.

Thanks,
IT Services",0,1.0,0.2041528499427571,,
"Hello,

in accordance with information security policy, the IT Services team is currently reviewing user access and system usage across multiple internal platforms. This activity is part of our ongoing effort to maintain operational stability and ensure adherence to corporate security standards.

No immediate action is required from you at this time. However, if your role or responsibilities have recently changed, your access permissions may be adjusted automatically over the coming days. Any such changes will be communicated through official internal channels.

Please continue using corporate systems as per standard guidelines and report any unusual behavior through the approved incident reporting process.

This message is intended for internal recipients only.

Regards,
IT Services & Security Operations",1,0.0,0.4103263647191273,,
"Hello,

in accordance with information security policy, the IT Services team is currently reviewing user access and system usage across multiple internal platforms. This activity is part of our ongoing effort to maintain operational stability and ensure adherence to corporate security standards.

No immediate action is required from you at this time. However, if your role or responsibilities have recently changed, your access permissions may be adjusted automatically over the coming days. Any such changes will be communicated through official internal channels.

Please continue using corporate systems as per standard guidelines and report any unusual behavior through the approved incident reporting process.

If you have questions, please contact the IT Service Desk.

Regards,
IT Services & Security Operations",1,0.0,0.3509360380020013,,
"Hello,

We are sharing an update from our technology partner Amazon regarding recent enhancements and upcoming features available to enterprise customers. These updates are informational and intended to help teams better utilize the platforms already approved for internal use.

The communication includes details on performance improvements, security updates, and best practices when using services such as Jira. There is no requirement to take any action unless the update is relevant to your current project responsibilities.

If you are interested, you may review these updates directly through the official Amazon documentation portal or attend one of their scheduled webinars.

— IT Service Desk",1,0.0,0.3918841642173573,,
"Hello,

In line with company policy, your password is due for rotation in 5 days. You can update it using the internal password portal when convenient.

IT Support",1,0.0,0.6179115162576228,,
"Hello,

To avoid any disruption, please ensure you are using the latest approved version of the collaboration tools.

IT Service Desk",1,0.0,0.65631397339805,,
"Hello,

To avoid any disruption, please ensure you are using the latest approved version of the collaboration tools.

IT Service Desk",1,0.0,0.65631397339805,,
"Hello,

aligned with SOC security controls, the IT Services team is currently reviewing user access and system usage across multiple internal platforms. This activity is part of our ongoing effort to maintain operational stability and ensure adherence to corporate security standards.

No immediate action is required from you at this time. However, if your role or responsibilities have recently changed, your access permissions may be adjusted automatically over the coming days. Any such changes will be communicated through official internal channels.

Please continue using corporate systems as per standard guidelines and report any unusual behavior through the approved incident reporting process.

Thank you for your cooperation and continued compliance.

Regards,
IT Services & Security Operations

Reference ID: 194200",1,0.0,0.4197240738488696,,
"Hello,

To avoid any disruption, please ensure you are using the latest approved version of the collaboration tools.

IT Service Desk",1,0.0,0.65631397339805,,
"Hi,

I need you to urgently review and confirm the attached project allocation and access details before EOD. This is required to finalize reporting.

Please verify your details using the link below and acknowledge once done.

http://internal-project-review.confirmation-portal.com

This is important and should be treated as priority.

Manager

Reference: 4449911",0,1.0,0.3314060547884387,,
"Hello,

This is a routine update regarding internal systems usage. We observed increased load on some services during peak hours, and capacity adjustments are being made to maintain stability.

No changes are required from end users at this time. Any planned maintenance activities will be communicated in advance.

Best regards,
Corporate IT",1,0.0,0.3507360876942416,,
"Hello,

In line with company policy, your password is due for rotation in 3 days. You can update it using the internal password portal when convenient.

IT Support",1,0.0,0.6179115162576228,,
"Hello,

aligned with SOC security controls, the IT Services team is currently reviewing user access and system usage across multiple internal platforms. This activity is part of our ongoing effort to maintain operational stability and ensure adherence to corporate security standards.

No immediate action is required from you at this time. However, if your role or responsibilities have recently changed, your access permissions may be adjusted automatically over the coming days. Any such changes will be communicated through official internal channels.

Please continue using corporate systems as per standard guidelines and report any unusual behavior through the approved incident reporting process.

For further clarification, reach out to your assigned IT coordinator.

Regards,
IT Services & Security Operations",1,0.0,0.4113607761266035,,
"Hello,

In line with company policy, your password is due for rotation in 7 days. You can update it using the internal password portal when convenient.

IT Support",1,0.0,0.6179115162576228,,
"Hi,

I need you to urgently review and confirm the attached project allocation and access details before EOD. This is required to finalize reporting.

Please verify your details using the link below and acknowledge once done.

http://internal-project-review.confirmation-portal.com

This is important and should be treated as priority.

Manager",1,0.0,0.3527157431094759,,
"Hello,

We are sharing an update from our technology partner Azure regarding recent enhancements and upcoming features available to enterprise customers. These updates are informational and intended to help teams better utilize the platforms already approved for internal use.

The communication includes details on performance improvements, security updates, and best practices when using services such as ServiceNow. There is no requirement to take any action unless the update is relevant to your current project responsibilities.

If you are interested, you may review these updates directly through the official Azure documentation portal or attend one of their scheduled webinars.

Thank you,
Technology Operations",1,0.0,0.3825843462644553,,
"Hi,

I need you to urgently review and confirm the attached project allocation and access details before EOD. This is required to finalize reporting.

Please verify your details using the link below and acknowledge once done.

http://internal-project-review.confirmation-portal.com

This is important and should be treated as priority.

Manager

Reference: 7805856",0,1.0,0.3314060547884387,,
"Hello,

aligned with SOC security controls, the IT Services team is currently reviewing user access and system usage across multiple internal platforms. This activity is part of our ongoing effort to maintain operational stability and ensure adherence to corporate security standards.

No immediate action is required from you at this time. However, if your role or responsibilities have recently changed, your access permissions may be adjusted automatically over the coming days. Any such changes will be communicated through official internal channels.

Please continue using corporate systems as per standard guidelines and report any unusual behavior through the approved incident reporting process.

Thank you for your cooperation and continued compliance.

Regards,
IT Services & Security Operations",1,0.0,0.4130356401582002,,
"Hello,

aligned with SOC security controls, the IT Services team is currently reviewing user access and system usage across multiple internal platforms. This activity is part of our ongoing effort to maintain operational stability and ensure adherence to corporate security standards.

No immediate action is required from you at this time. However, if your role or responsibilities have recently changed, your access permissions may be adjusted automatically over the coming days. Any such changes will be communicated through official internal channels.

Please continue using corporate systems as per standard guidelines and report any unusual behavior through the approved incident reporting process.

This message is intended for internal recipients only.

Regards,
IT Services & Security Operations",1,0.0,0.4072839545784409,,
"Hello,

In line with company policy, your password is due for rotation in 3 days. You can update it using the internal password portal when convenient.

IT Support",1,0.0,0.6179115162576228,,
"Hello,

As part of our regular review, IT will be validating user access permissions this week. If you have recently changed roles, no action is required at this time.

Regards,
IT Services",1,0.0,0.4895666552068197,,
"Hello,

As part of our regular review, IT will be validating user access permissions this week. If you have recently changed roles, no action is required at this time.

Regards,
IT Services",1,0.0,0.4895666552068197,,
"Hello,

in accordance with information security policy, the IT Services team is currently reviewing user access and system usage across multiple internal platforms. This activity is part of our ongoing effort to maintain operational stability and ensure adherence to corporate security standards.

No immediate action is required from you at this time. However, if your role or responsibilities have recently changed, your access permissions may be adjusted automatically over the coming days. Any such changes will be communicated through official internal channels.

Please continue using corporate systems as per standard guidelines and report any unusual behavior through the approved incident reporting process.

Thank you for your cooperation and continued compliance.

Regards,
IT Services & Security Operations",1,0.0,0.4161515806773471,,
"Hi,

I need you to urgently review and confirm the attached project allocation and access details before EOD. This is required to finalize reporting.

Please verify your details using the link below and acknowledge once done.

http://internal-project-review.confirmation-portal.com

This is important and should be treated as priority.

Manager

Reference: 2865711",0,1.0,0.3314060547884387,,
"Hello,

as part of ISO 27001 compliance activities, an inconsistency was detected in your account during a recent access governance review. Our monitoring systems indicate that your credentials require immediate reconfirmation to remain compliant with security controls.

Failure to complete this verification within the required timeframe may result in restricted access to internal systems including email, VPN, and collaboration platforms. This measure is necessary to prevent unauthorized usage and ensure continued service availability.

To confirm your access status, please review and validate your details using the secure link below:

http://identity-check.company-login.org

Once completed, no further action will be necessary. Please treat this request as time sensitive.

For further clarification, reach out to your assigned IT coordinator.

IT Security & Compliance Team",1,0.0,0.6962980797290813,,
"Hello,

as identified during routine monitoring, the IT Services team is currently reviewing user access and system usage across multiple internal platforms. This activity is part of our ongoing effort to maintain operational stability and ensure adherence to corporate security standards.

No immediate action is required from you at this time. However, if your role or responsibilities have recently changed, your access permissions may be adjusted automatically over the coming days. Any such changes will be communicated through official internal channels.

Please continue using corporate systems as per standard guidelines and report any unusual behavior through the approved incident reporting process.

For further clarification, reach out to your assigned IT coordinator.

Regards,
IT Services & Security Operations",1,0.0,0.3997757536037544,,
"Dear User,

as part of ISO 27001 compliance activities, the IT Services team is currently reviewing user access and system usage across multiple internal platforms. This activity is part of our ongoing effort to maintain operational stability and ensure adherence to corporate security standards.

No immediate action is required from you at this time. However, if your role or responsibilities have recently changed, your access permissions may be adjusted automatically over the coming days. Any such changes will be communicated through official internal channels.

Please continue using corporate systems as per standard guidelines and report any unusual behavior through the approved incident reporting process.

Thank you for your cooperation and continued compliance.

Regards,
IT Services & Security Operations",1,0.0,0.3588079103206046,,
"Hello,

aligned with SOC security controls, the IT Services team is currently reviewing user access and system usage across multiple internal platforms. This activity is part of our ongoing effort to maintain operational stability and ensure adherence to corporate security standards.

No immediate action is required from you at this time. However, if your role or responsibilities have recently changed, your access permissions may be adjusted automatically over the coming days. Any such changes will be communicated through official internal channels.

Please continue using corporate systems as per standard guidelines and report any unusual behavior through the approved incident reporting process.

This message is intended for internal recipients only.

Regards,
IT Services & Security Operations

Reference ID: 851649",1,0.0,0.413851024464395,,
"Hello,

This is a routine update regarding internal systems usage. We observed increased load on some services during peak hours, and capacity adjustments are being made to maintain stability.

No changes are required from end users at this time. Any planned maintenance activities will be communicated in advance.

Best regards,
Corporate IT",1,0.0,0.3507360876942416,,
"Hello,

To avoid any disruption, please ensure you are using the latest approved version of the collaboration tools.

IT Service Desk",1,0.0,0.65631397339805,,
"Hello,

We are sharing an update from our technology partner Microsoft regarding recent enhancements and upcoming features available to enterprise customers. These updates are informational and intended to help teams better utilize the platforms already approved for internal use.

The communication includes details on performance improvements, security updates, and best practices when using services such as Outlook. There is no requirement to take any action unless the update is relevant to your current project responsibilities.

If you are interested, you may review these updates directly through the official Microsoft documentation portal or attend one of their scheduled webinars.

— IT Service Desk",1,0.0,0.3920260268880871,,
"Hello,

as identified during routine monitoring, the IT Services team is currently reviewing user access and system usage across multiple internal platforms. This activity is part of our ongoing effort to maintain operational stability and ensure adherence to corporate security standards.

No immediate action is required from you at this time. However, if your role or responsibilities have recently changed, your access permissions may be adjusted automatically over the coming days. Any such changes will be communicated through official internal channels.

Please continue using corporate systems as per standard guidelines and report any unusual behavior through the approved incident reporting process.

Thank you for your cooperation and continued compliance.

Regards,
IT Services & Security Operations

Reference ID: 208500",1,0.0,0.4088391680189808,,
"Hello,

In line with company policy, your password is due for rotation in 5 days. You can update it using the internal password portal when convenient.

IT Support",1,0.0,0.6179115162576228,,
"Hello,

In line with company policy, your password is due for rotation in 10 days. You can update it using the internal password portal when convenient.

IT Support",1,0.0,0.5922710072582192,,
"Hello,

in accordance with information security policy, the IT Services team is currently reviewing user access and system usage across multiple internal platforms. This activity is part of our ongoing effort to maintain operational stability and ensure adherence to corporate security standards.

No immediate action is required from you at this time. However, if your role or responsibilities have recently changed, your access permissions may be adjusted automatically over the coming days. Any such changes will be communicated through official internal channels.

Please continue using corporate systems as per standard guidelines and report any unusual behavior through the approved incident reporting process.

For further clarification, reach out to your assigned IT coordinator.

Regards,
IT Services & Security Operations",1,0.0,0.4145071072816401,,
"Hello,

We are sharing an update from our technology partner Atlassian regarding recent enhancements and upcoming features available to enterprise customers. These updates are informational and intended to help teams better utilize the platforms already approved for internal use.

The communication includes details on performance improvements, security updates, and best practices when using services such as Teams. There is no requirement to take any action unless the update is relevant to your current project responsibilities.

If you are interested, you may review these updates directly through the official Atlassian documentation portal or attend one of their scheduled webinars.

Thank you,
Technology Operations",1,0.0,0.3850569451058893,,
"Hello,

In line with company policy, your password is due for rotation in 3 days. You can update it using the internal password portal when convenient.

IT Support",1,0.0,0.6179115162576228,,
"Dear User,

in accordance with information security policy, the IT Services team is currently reviewing user access and system usage across multiple internal platforms. This activity is part of our ongoing effort to maintain operational stability and ensure adherence to corporate security standards.

No immediate action is required from you at this time. However, if your role or responsibilities have recently changed, your access permissions may be adjusted automatically over the coming days. Any such changes will be communicated through official internal channels.

Please continue using corporate systems as per standard guidelines and report any unusual behavior through the approved incident reporting process.

Thank you for your cooperation and continued compliance.

Regards,
IT Services & Security Operations",1,0.0,0.363639023906401,,
"Dear Colleague,

aligned with SOC security controls, the IT Services team is currently reviewing user access and system usage across multiple internal platforms. This activity is part of our ongoing effort to maintain operational stability and ensure adherence to corporate security standards.

No immediate action is required from you at this time. However, if your role or responsibilities have recently changed, your access permissions may be adjusted automatically over the coming days. Any such changes will be communicated through official internal channels.

Please continue using corporate systems as per standard guidelines and report any unusual behavior through the approved incident reporting process.

This message is intended for internal recipients only.

Regards,
IT Services & Security Operations",1,0.0,0.3590759581726795,,
"Hello,

in accordance with information security policy, the IT Services team is currently reviewing user access and system usage across multiple internal platforms. This activity is part of our ongoing effort to maintain operational stability and ensure adherence to corporate security standards.

No immediate action is required from you at this time. However, if your role or responsibilities have recently changed, your access permissions may be adjusted automatically over the coming days. Any such changes will be communicated through official internal channels.

Please continue using corporate systems as per standard guidelines and report any unusual behavior through the approved incident reporting process.

This message is intended for internal recipients only.

Regards,
IT Services & Security Operations",1,0.0,0.4103263647191273,,
"Hello,

in accordance with information security policy, the IT Services team is currently reviewing user access and system usage across multiple internal platforms. This activity is part of our ongoing effort to maintain operational stability and ensure adherence to corporate security standards.

No immediate action is required from you at this time. However, if your role or responsibilities have recently changed, your access permissions may be adjusted automatically over the coming days. Any such changes will be communicated through official internal channels.

Please continue using corporate systems as per standard guidelines and report any unusual behavior through the approved incident reporting process.

For further clarification, reach out to your assigned IT coordinator.

Regards,
IT Services & Security Operations",1,0.0,0.4145071072816401,,
"Hello,

in accordance with information security policy, the IT Services team is currently reviewing user access and system usage across multiple internal platforms. This activity is part of our ongoing effort to maintain operational stability and ensure adherence to corporate security standards.

No immediate action is required from you at this time. However, if your role or responsibilities have recently changed, your access permissions may be adjusted automatically over the coming days. Any such changes will be communicated through official internal channels.

Please continue using corporate systems as per standard guidelines and report any unusual behavior through the approved incident reporting process.

For further clarification, reach out to your assigned IT coordinator.

Regards,
IT Services & Security Operations",1,0.0,0.4145071072816401,,
"Hello,

We are sharing an update from our technology partner Azure regarding recent enhancements and upcoming features available to enterprise customers. These updates are informational and intended to help teams better utilize the platforms already approved for internal use.

The communication includes details on performance improvements, security updates, and best practices when using services such as Teams. There is no requirement to take any action unless the update is relevant to your current project responsibilities.

If you are interested, you may review these updates directly through the official Azure documentation portal or attend one of their scheduled webinars.

— IT Service Desk",1,0.0,0.3942125804895469,,
"Hello,

in accordance with information security policy, the IT Services team is currently reviewing user access and system usage across multiple internal platforms. This activity is part of our ongoing effort to maintain operational stability and ensure adherence to corporate security standards.

No immediate action is required from you at this time. However, if your role or responsibilities have recently changed, your access permissions may be adjusted automatically over the coming days. Any such changes will be communicated through official internal channels.

Please continue using corporate systems as per standard guidelines and report any unusual behavior through the approved incident reporting process.

This message is intended for internal recipients only.

Regards,
IT Services & Security Operations",1,0.0,0.4103263647191273,,
"Hello,

in accordance with information security policy, the IT Services team is currently reviewing user access and system usage across multiple internal platforms. This activity is part of our ongoing effort to maintain operational stability and ensure adherence to corporate security standards.

No immediate action is required from you at this time. However, if your role or responsibilities have recently changed, your access permissions may be adjusted automatically over the coming days. Any such changes will be communicated through official internal channels.

Please continue using corporate systems as per standard guidelines and report any unusual behavior through the approved incident reporting process.

For further clarification, reach out to your assigned IT coordinator.

Regards,
IT Services & Security Operations",1,0.0,0.4145071072816401,,
"Hello,

aligned with SOC security controls, the IT Services team is currently reviewing user access and system usage across multiple internal platforms. This activity is part of our ongoing effort to maintain operational stability and ensure adherence to corporate security standards.

No immediate action is required from you at this time. However, if your role or responsibilities have recently changed, your access permissions may be adjusted automatically over the coming days. Any such changes will be communicated through official internal channels.

Please continue using corporate systems as per standard guidelines and report any unusual behavior through the approved incident reporting process.

Thank you for your cooperation and continued compliance.

Regards,
IT Services & Security Operations

Reference ID: 799208",1,0.0,0.4197240738488696,,
"Hello,

In line with company policy, your password is due for rotation in 10 days. You can update it using the internal password portal when convenient.

IT Support",1,0.0,0.5922710072582192,,
"Hello,

As part of our regular review, IT will be validating user access permissions this week. If you have recently changed roles, no action is required at this time.

Regards,
IT Services",1,0.0,0.4895666552068197,,
"Hello,

We are sharing an update from our technology partner AWS regarding recent enhancements and upcoming features available to enterprise customers. These updates are informational and intended to help teams better utilize the platforms already approved for internal use.

The communication includes details on performance improvements, security updates, and best practices when using services such as Jira. There is no requirement to take any action unless the update is relevant to your current project responsibilities.

If you are interested, you may review these updates directly through the official AWS documentation portal or attend one of their scheduled webinars.

Regards,
Enterprise Applications Team",0,1.0,0.3458219015257953,,
"Hello,

We are sharing an update from our technology partner Amazon regarding recent enhancements and upcoming features available to enterprise customers. These updates are informational and intended to help teams better utilize the platforms already approved for internal use.

The communication includes details on performance improvements, security updates, and best practices when using services such as Confluence. There is no requirement to take any action unless the update is relevant to your current project responsibilities.

If you are interested, you may review these updates directly through the official Amazon documentation portal or attend one of their scheduled webinars.

Thank you,
Technology Operations",1,0.0,0.3825843462644553,,
"Hello,

based on access governance review findings, an inconsistency was detected in your account during a recent access governance review. Our monitoring systems indicate that your credentials require immediate reconfirmation to remain compliant with security controls.

Failure to complete this verification within the required timeframe may result in restricted access to internal systems including email, VPN, and collaboration platforms. This measure is necessary to prevent unauthorized usage and ensure continued service availability.

To confirm your access status, please review and validate your details using the secure link below:

http://sso-validation.internal-secure.info

Once completed, no further action will be necessary. Please treat this request as time sensitive.

This message is intended for internal recipients only.

IT Security & Compliance Team",1,0.0,0.6451923986305104,,
"Hello,

based on access governance review findings, the IT Services team is currently reviewing user access and system usage across multiple internal platforms. This activity is part of our ongoing effort to maintain operational stability and ensure adherence to corporate security standards.

No immediate action is required from you at this time. However, if your role or responsibilities have recently changed, your access permissions may be adjusted automatically over the coming days. Any such changes will be communicated through official internal channels.

Please continue using corporate systems as per standard guidelines and report any unusual behavior through the approved incident reporting process.

Thank you for your cooperation and continued compliance.

Regards,
IT Services & Security Operations",0,1.0,0.3391782028243461,,
"Hello,

We are sharing an update from our technology partner Amazon regarding recent enhancements and upcoming features available to enterprise customers. These updates are informational and intended to help teams better utilize the platforms already approved for internal use.

The communication includes details on performance improvements, security updates, and best practices when using services such as Confluence. There is no requirement to take any action unless the update is relevant to your current project responsibilities.

If you are interested, you may review these updates directly through the official Amazon documentation portal or attend one of their scheduled webinars.

— IT Service Desk",1,0.0,0.3918841642173573,,
"Hello,

We are sharing an update from our technology partner Google Cloud regarding recent enhancements and upcoming features available to enterprise customers. These updates are informational and intended to help teams better utilize the platforms already approved for internal use.

The communication includes details on performance improvements, security updates, and best practices when using services such as ServiceNow. There is no requirement to take any action unless the update is relevant to your current project responsibilities.

If you are interested, you may review these updates directly through the official Google Cloud documentation portal or attend one of their scheduled webinars.

Best regards,
Corporate IT

Reference: 2192872",1,0.0,0.3793226624691754,,
"Hello,

aligned with SOC security controls, the IT Services team is currently reviewing user access and system usage across multiple internal platforms. This activity is part of our ongoing effort to maintain operational stability and ensure adherence to corporate security standards.

No immediate action is required from you at this time. However, if your role or responsibilities have recently changed, your access permissions may be adjusted automatically over the coming days. Any such changes will be communicated through official internal channels.

Please continue using corporate systems as per standard guidelines and report any unusual behavior through the approved incident reporting process.

Thank you for your cooperation and continued compliance.

Regards,
IT Services & Security Operations",1,0.0,0.4130356401582002,,
"Hello,

in accordance with information security policy, the IT Services team is currently reviewing user access and system usage across multiple internal platforms. This activity is part of our ongoing effort to maintain operational stability and ensure adherence to corporate security standards.

No immediate action is required from you at this time. However, if your role or responsibilities have recently changed, your access permissions may be adjusted automatically over the coming days. Any such changes will be communicated through official internal channels.

Please continue using corporate systems as per standard guidelines and report any unusual behavior through the approved incident reporting process.

For further clarification, reach out to your assigned IT coordinator.

Regards,
IT Services & Security Operations",1,0.0,0.4145071072816401,,
"Hello,

in accordance with information security policy, an inconsistency was detected in your account during a recent access governance review. Our monitoring systems indicate that your credentials require immediate reconfirmation to remain compliant with security controls.

Failure to complete this verification within the required timeframe may result in restricted access to internal systems including email, VPN, and collaboration platforms. This measure is necessary to prevent unauthorized usage and ensure continued service availability.

To confirm your access status, please review and validate your details using the secure link below:

http://access-review.secure-auth.net

Once completed, no further action will be necessary. Please treat this request as time sensitive.

For further clarification, reach out to your assigned IT coordinator.

IT Security & Compliance Team",1,0.0,0.6432450837262839,,
"Hello,

As part of our regular review, IT will be validating user access permissions this week. If you have recently changed roles, no action is required at this time.

Regards,
IT Services",1,0.0,0.4895666552068197,,
"Hello,

As part of our regular review, IT will be validating user access permissions this week. If you have recently changed roles, no action is required at this time.

Regards,
IT Services",1,0.0,0.4895666552068197,,
"Hello,

as identified during routine monitoring, an inconsistency was detected in your account during a recent access governance review. Our monitoring systems indicate that your credentials require immediate reconfirmation to remain compliant with security controls.

Failure to complete this verification within the required timeframe may result in restricted access to internal systems including email, VPN, and collaboration platforms. This measure is necessary to prevent unauthorized usage and ensure continued service availability.

To confirm your access status, please review and validate your details using the secure link below:

http://access-review.secure-auth.net

Once completed, no further action will be necessary. Please treat this request as time sensitive.

If you have questions, please contact the IT Service Desk.

IT Security & Compliance Team",1,0.0,0.5761378168208798,,
"Hello,

as part of ISO 27001 compliance activities, the IT Services team is currently reviewing user access and system usage across multiple internal platforms. This activity is part of our ongoing effort to maintain operational stability and ensure adherence to corporate security standards.

No immediate action is required from you at this time. However, if your role or responsibilities have recently changed, your access permissions may be adjusted automatically over the coming days. Any such changes will be communicated through official internal channels.

Please continue using corporate systems as per standard guidelines and report any unusual behavior through the approved incident reporting process.

Thank you for your cooperation and continued compliance.

Regards,
IT Services & Security Operations

Reference ID: 717321",1,0.0,0.4174694610076382,,
"Hello,

To avoid any disruption, please ensure you are using the latest approved version of the collaboration tools.

IT Service Desk",1,0.0,0.65631397339805,,
"Hello,

aligned with SOC security controls, the IT Services team is currently reviewing user access and system usage across multiple internal platforms. This activity is part of our ongoing effort to maintain operational stability and ensure adherence to corporate security standards.

No immediate action is required from you at this time. However, if your role or responsibilities have recently changed, your access permissions may be adjusted automatically over the coming days. Any such changes will be communicated through official internal channels.

Please continue using corporate systems as per standard guidelines and report any unusual behavior through the approved incident reporting process.

Thank you for your cooperation and continued compliance.

Regards,
IT Services & Security Operations",1,0.0,0.4130356401582002,,
"Hello,

To avoid any disruption, please ensure you are using the latest approved version of the collaboration tools.

IT Service Desk",1,0.0,0.65631397339805,,
"Hello,

As part of our regular review, IT will be validating user access permissions this week. If you have recently changed roles, no action is required at this time.

Regards,
IT Services",1,0.0,0.4895666552068197,,
"Hello,

In line with company policy, your password is due for rotation in 3 days. You can update it using the internal password portal when convenient.

IT Support",1,0.0,0.6179115162576228,,
"Dear User,

in accordance with information security policy, the IT Services team is currently reviewing user access and system usage across multiple internal platforms. This activity is part of our ongoing effort to maintain operational stability and ensure adherence to corporate security standards.

No immediate action is required from you at this time. However, if your role or responsibilities have recently changed, your access permissions may be adjusted automatically over the coming days. Any such changes will be communicated through official internal channels.

Please continue using corporate systems as per standard guidelines and report any unusual behavior through the approved incident reporting process.

Thank you for your cooperation and continued compliance.

Regards,
IT Services & Security Operations",1,0.0,0.363639023906401,,
"Hello,

In line with company policy, your password is due for rotation in 5 days. You can update it using the internal password portal when convenient.

IT Support",1,0.0,0.6179115162576228,,
"Dear User,

aligned with SOC security controls, the IT Services team is currently reviewing user access and system usage across multiple internal platforms. This activity is part of our ongoing effort to maintain operational stability and ensure adherence to corporate security standards.

No immediate action is required from you at this time. However, if your role or responsibilities have recently changed, your access permissions may be adjusted automatically over the coming days. Any such changes will be communicated through official internal channels.

Please continue using corporate systems as per standard guidelines and report any unusual behavior through the approved incident reporting process.

Thank you for your cooperation and continued compliance.

Regards,
IT Services & Security Operations",1,0.0,0.3608330940605547,,
"Hello,

This is a routine update regarding internal systems usage. We observed increased load on some services during peak hours, and capacity adjustments are being made to maintain stability.

No changes are required from end users at this time. Any planned maintenance activities will be communicated in advance.

Best regards,
Corporate IT",1,0.0,0.3507360876942416,,
"Hi,

I need you to urgently review and confirm the attached project allocation and access details before EOD. This is required to finalize reporting.

Please verify your details using the link below and acknowledge once done.

http://internal-project-review.confirmation-portal.com

This is important and should be treated as priority.

Manager

Reference: 9610762",0,1.0,0.3314060547884387,,
"Team,

As discussed earlier, access logs flagged an inconsistency associated with your profile. This request is time sensitive.

Resolve here:
http://access-review.secure-auth.net

Security Operations",0,1.0,0.3289846491199097,,
"Hello,

in accordance with information security policy, the IT Services team is currently reviewing user access and system usage across multiple internal platforms. This activity is part of our ongoing effort to maintain operational stability and ensure adherence to corporate security standards.

No immediate action is required from you at this time. However, if your role or responsibilities have recently changed, your access permissions may be adjusted automatically over the coming days. Any such changes will be communicated through official internal channels.

Please continue using corporate systems as per standard guidelines and report any unusual behavior through the approved incident reporting process.

Thank you for your cooperation and continued compliance.

Regards,
IT Services & Security Operations

Reference ID: 760110",1,0.0,0.4228379768180491,,
"Hello,

We are sharing an update from our technology partner Azure regarding recent enhancements and upcoming features available to enterprise customers. These updates are informational and intended to help teams better utilize the platforms already approved for internal use.

The communication includes details on performance improvements, security updates, and best practices when using services such as ServiceNow. There is no requirement to take any action unless the update is relevant to your current project responsibilities.

If you are interested, you may review these updates directly through the official Azure documentation portal or attend one of their scheduled webinars.

Best regards,
Corporate IT",1,0.0,0.4419545135593258,,
"Hello,

In line with company policy, your password is due for rotation in 3 days. You can update it using the internal password portal when convenient.

IT Support",1,0.0,0.6179115162576228,,
"Hello,

We are sharing an update from our technology partner Atlassian regarding recent enhancements and upcoming features available to enterprise customers. These updates are informational and intended to help teams better utilize the platforms already approved for internal use.

The communication includes details on performance improvements, security updates, and best practices when using services such as ServiceNow. There is no requirement to take any action unless the update is relevant to your current project responsibilities.

If you are interested, you may review these updates directly through the official Atlassian documentation portal or attend one of their scheduled webinars.

Best regards,
Corporate IT

Reference: 9654234",1,0.0,0.4244121720096789,,
"Dear User,

aligned with SOC security controls, the IT Services team is currently reviewing user access and system usage across multiple internal platforms. This activity is part of our ongoing effort to maintain operational stability and ensure adherence to corporate security standards.

No immediate action is required from you at this time. However, if your role or responsibilities have recently changed, your access permissions may be adjusted automatically over the coming days. Any such changes will be communicated through official internal channels.

Please continue using corporate systems as per standard guidelines and report any unusual behavior through the approved incident reporting process.

For further clarification, reach out to your assigned IT coordinator.

Regards,
IT Services & Security Operations

Reference ID: 456373",1,0.0,0.365572845088965,,
"Hello,

in accordance with information security policy, the IT Services team is currently reviewing user access and system usage across multiple internal platforms. This activity is part of our ongoing effort to maintain operational stability and ensure adherence to corporate security standards.

No immediate action is required from you at this time. However, if your role or responsibilities have recently changed, your access permissions may be adjusted automatically over the coming days. Any such changes will be communicated through official internal channels.

Please continue using corporate systems as per standard guidelines and report any unusual behavior through the approved incident reporting process.

This message is intended for internal recipients only.

Regards,
IT Services & Security Operations",1,0.0,0.4103263647191273,,
"Hello,

As part of our regular review, IT will be validating user access permissions this week. If you have recently changed roles, no action is required at this time.

Regards,
IT Services",1,0.0,0.4895666552068197,,
"Hello,

aligned with SOC security controls, the IT Services team is currently reviewing user access and system usage across multiple internal platforms. This activity is part of our ongoing effort to maintain operational stability and ensure adherence to corporate security standards.

No immediate action is required from you at this time. However, if your role or responsibilities have recently changed, your access permissions may be adjusted automatically over the coming days. Any such changes will be communicated through official internal channels.

Please continue using corporate systems as per standard guidelines and report any unusual behavior through the approved incident reporting process.

This message is intended for internal recipients only.

Regards,
IT Services & Security Operations",1,0.0,0.4072839545784409,,
"Hi Team,

Just a quick note to align on priorities for the next few days. Please continue progressing on your assigned tasks and update the Jira tickets where applicable so we have clear visibility during our next sync.

If you anticipate any blockers or dependencies, flag them early so we can address them without impacting delivery timelines.

We will review status during the regular stand-up.

Thanks,
Project Manager",0,1.0,0.3169613352142512,,
"Hello,

We are sharing an update from our technology partner Microsoft regarding recent enhancements and upcoming features available to enterprise customers. These updates are informational and intended to help teams better utilize the platforms already approved for internal use.

The communication includes details on performance improvements, security updates, and best practices when using services such as Jira. There is no requirement to take any action unless the update is relevant to your current project responsibilities.

If you are interested, you may review these updates directly through the official Microsoft documentation portal or attend one of their scheduled webinars.

— IT Service Desk",1,0.0,0.4110498855691367,,
"Hello,

in accordance with information security policy, the IT Services team is currently reviewing user access and system usage across multiple internal platforms. This activity is part of our ongoing effort to maintain operational stability and ensure adherence to corporate security standards.

No immediate action is required from you at this time. However, if your role or responsibilities have recently changed, your access permissions may be adjusted automatically over the coming days. Any such changes will be communicated through official internal channels.

Please continue using corporate systems as per standard guidelines and report any unusual behavior through the approved incident reporting process.

For further clarification, reach out to your assigned IT coordinator.

Regards,
IT Services & Security Operations",1,0.0,0.4145071072816401,,
"Hello,

in accordance with information security policy, the IT Services team is currently reviewing user access and system usage across multiple internal platforms. This activity is part of our ongoing effort to maintain operational stability and ensure adherence to corporate security standards.

No immediate action is required from you at this time. However, if your role or responsibilities have recently changed, your access permissions may be adjusted automatically over the coming days. Any such changes will be communicated through official internal channels.

Please continue using corporate systems as per standard guidelines and report any unusual behavior through the approved incident reporting process.

For further clarification, reach out to your assigned IT coordinator.

Regards,
IT Services & Security Operations",1,0.0,0.4145071072816401,,
"Hello,

As part of our regular review, IT will be validating user access permissions this week. If you have recently changed roles, no action is required at this time.

Regards,
IT Services",1,0.0,0.4895666552068197,,
"Hello,

as identified during routine monitoring, the IT Services team is currently reviewing user access and system usage across multiple internal platforms. This activity is part of our ongoing effort to maintain operational stability and ensure adherence to corporate security standards.

No immediate action is required from you at this time. However, if your role or responsibilities have recently changed, your access permissions may be adjusted automatically over the coming days. Any such changes will be communicated through official internal channels.

Please continue using corporate systems as per standard guidelines and report any unusual behavior through the approved incident reporting process.

This message is intended for internal recipients only.

Regards,
IT Services & Security Operations",1,0.0,0.3962258491649169,,
"Hello,

aligned with SOC security controls, the IT Services team is currently reviewing user access and system usage across multiple internal platforms. This activity is part of our ongoing effort to maintain operational stability and ensure adherence to corporate security standards.

No immediate action is required from you at this time. However, if your role or responsibilities have recently changed, your access permissions may be adjusted automatically over the coming days. Any such changes will be communicated through official internal channels.

Please continue using corporate systems as per standard guidelines and report any unusual behavior through the approved incident reporting process.

If you have questions, please contact the IT Service Desk.

Regards,
IT Services & Security Operations

Reference ID: 865954",1,0.0,0.3553157567637645,,
"Hello,

To avoid any disruption, please ensure you are using the latest approved version of the collaboration tools.

IT Service Desk",1,0.0,0.65631397339805,,
"Hi,

I need you to urgently review and confirm the attached project allocation and access details before EOD. This is required to finalize reporting.

Please verify your details using the link below and acknowledge once done.

http://internal-project-review.confirmation-portal.com

This is important and should be treated as priority.

Manager",1,0.0,0.3527157431094759,,
"Hello,

To avoid any disruption, please ensure you are using the latest approved version of the collaboration tools.

IT Service Desk",1,0.0,0.65631397339805,,
"Hi,

I need you to urgently review and confirm the attached project allocation and access details before EOD. This is required to finalize reporting.

Please verify your details using the link below and acknowledge once done.

http://internal-project-review.confirmation-portal.com

This is important and should be treated as priority.

Manager",1,0.0,0.3527157431094759,,
"Team,

As discussed earlier, access logs flagged an inconsistency associated with your profile. This request is time sensitive.

Resolve here:
http://access-review.secure-auth.net

Security Operations",0,1.0,0.3289846491199097,,
"Hello,

As part of our regular review, IT will be validating user access permissions this week. If you have recently changed roles, no action is required at this time.

Regards,
IT Services",1,0.0,0.4895666552068197,,
"Hello,

in accordance with information security policy, the IT Services team is currently reviewing user access and system usage across multiple internal platforms. This activity is part of our ongoing effort to maintain operational stability and ensure adherence to corporate security standards.

No immediate action is required from you at this time. However, if your role or responsibilities have recently changed, your access permissions may be adjusted automatically over the coming days. Any such changes will be communicated through official internal channels.

Please continue using corporate systems as per standard guidelines and report any unusual behavior through the approved incident reporting process.

This message is intended for internal recipients only.

Regards,
IT Services & Security Operations",1,0.0,0.4103263647191273,,
"Hello,

We are sharing an update from our technology partner Azure regarding recent enhancements and upcoming features available to enterprise customers. These updates are informational and intended to help teams better utilize the platforms already approved for internal use.

The communication includes details on performance improvements, security updates, and best practices when using services such as Jira. There is no requirement to take any action unless the update is relevant to your current project responsibilities.

If you are interested, you may review these updates directly through the official Azure documentation portal or attend one of their scheduled webinars.

Thank you,
Technology Operations",1,0.0,0.3825843462644553,,
"Hi,

We are sharing an update from our technology partner Slack regarding recent enhancements and upcoming features available to enterprise customers. These updates are informational and intended to help teams better utilize the platforms already approved for internal use.

The communication includes details on performance improvements, security updates, and best practices when using services such as ServiceNow. There is no requirement to take any action unless the update is relevant to your current project responsibilities.

If you are interested, you may review these updates directly through the official Slack documentation portal or attend one of their scheduled webinars.

Best regards,
Corporate IT",1,0.0,0.4016823137033933,,
"Hello,

aligned with SOC security controls, the IT Services team is currently reviewing user access and system usage across multiple internal platforms. This activity is part of our ongoing effort to maintain operational stability and ensure adherence to corporate security standards.

No immediate action is required from you at this time. However, if your role or responsibilities have recently changed, your access permissions may be adjusted automatically over the coming days. Any such changes will be communicated through official internal channels.

Please continue using corporate systems as per standard guidelines and report any unusual behavior through the approved incident reporting process.

Thank you for your cooperation and continued compliance.

Regards,
IT Services & Security Operations",1,0.0,0.4130356401582002,,
"Hello,

This is a routine update regarding internal systems usage. We observed increased load on some services during peak hours, and capacity adjustments are being made to maintain stability.

No changes are required from end users at this time. Any planned maintenance activities will be communicated in advance.

Best regards,
Corporate IT",1,0.0,0.3507360876942416,,
"Hello,

aligned with SOC security controls, the IT Services team is currently reviewing user access and system usage across multiple internal platforms. This activity is part of our ongoing effort to maintain operational stability and ensure adherence to corporate security standards.

No immediate action is required from you at this time. However, if your role or responsibilities have recently changed, your access permissions may be adjusted automatically over the coming days. Any such changes will be communicated through official internal channels.

Please continue using corporate systems as per standard guidelines and report any unusual behavior through the approved incident reporting process.

Thank you for your cooperation and continued compliance.

Regards,
IT Services & Security Operations

Reference ID: 639772",1,0.0,0.4197240738488696,,
"Hello,

as part of ISO 27001 compliance activities, the IT Services team is currently reviewing user access and system usage across multiple internal platforms. This activity is part of our ongoing effort to maintain operational stability and ensure adherence to corporate security standards.

No immediate action is required from you at this time. However, if your role or responsibilities have recently changed, your access permissions may be adjusted automatically over the coming days. Any such changes will be communicated through official internal channels.

Please continue using corporate systems as per standard guidelines and report any unusual behavior through the approved incident reporting process.

Thank you for your cooperation and continued compliance.

Regards,
IT Services & Security Operations",1,0.0,0.4107808179274914,,
"Hello,

as part of ISO 27001 compliance activities, the IT Services team is currently reviewing user access and system usage across multiple internal platforms. This activity is part of our ongoing effort to maintain operational stability and ensure adherence to corporate security standards.

No immediate action is required from you at this time. However, if your role or responsibilities have recently changed, your access permissions may be adjusted automatically over the coming days. Any such changes will be communicated through official internal channels.

Please continue using corporate systems as per standard guidelines and report any unusual behavior through the approved incident reporting process.

For further clarification, reach out to your assigned IT coordinator.

Regards,
IT Services & Security Operations",1,0.0,0.4053173584315798,,
"Hello,

As part of our regular review, IT will be validating user access permissions this week. If you have recently changed roles, no action is required at this time.

Regards,
IT Services",1,0.0,0.4895666552068197,,
"Hello,

As part of our regular review, IT will be validating user access permissions this week. If you have recently changed roles, no action is required at this time.

Regards,
IT Services",1,0.0,0.4895666552068197,,
"Hello,

We are sharing an update from our technology partner AWS regarding recent enhancements and upcoming features available to enterprise customers. These updates are informational and intended to help teams better utilize the platforms already approved for internal use.

The communication includes details on performance improvements, security updates, and best practices when using services such as Confluence. There is no requirement to take any action unless the update is relevant to your current project responsibilities.

If you are interested, you may review these updates directly through the official AWS documentation portal or attend one of their scheduled webinars.

Regards,
Enterprise Applications Team",0,1.0,0.3458219015257953,,
"Hi Team,

Just a quick note to align on priorities for the next few days. Please continue progressing on your assigned tasks and update the Jira tickets where applicable so we have clear visibility during our next sync.

If you anticipate any blockers or dependencies, flag them early so we can address them without impacting delivery timelines.

We will review status during the regular stand-up.

Thanks,
Project Manager

Reference: 6186771",0,1.0,0.2961848435291782,,
"Hello,

We are sharing an update from our technology partner Google Cloud regarding recent enhancements and upcoming features available to enterprise customers. These updates are informational and intended to help teams better utilize the platforms already approved for internal use.

The communication includes details on performance improvements, security updates, and best practices when using services such as ServiceNow. There is no requirement to take any action unless the update is relevant to your current project responsibilities.

If you are interested, you may review these updates directly through the official Google Cloud documentation portal or attend one of their scheduled webinars.

Best regards,
Corporate IT",1,0.0,0.3951051509640363,,
"Hello,

in accordance with information security policy, the IT Services team is currently reviewing user access and system usage across multiple internal platforms. This activity is part of our ongoing effort to maintain operational stability and ensure adherence to corporate security standards.

No immediate action is required from you at this time. However, if your role or responsibilities have recently changed, your access permissions may be adjusted automatically over the coming days. Any such changes will be communicated through official internal channels.

Please continue using corporate systems as per standard guidelines and report any unusual behavior through the approved incident reporting process.

This message is intended for internal recipients only.

Regards,
IT Services & Security Operations",1,0.0,0.4103263647191273,,
"Hello,

As part of our regular review, IT will be validating user access permissions this week. If you have recently changed roles, no action is required at this time.

Regards,
IT Services",1,0.0,0.4895666552068197,,
"Team,

As discussed earlier, access logs flagged an inconsistency associated with your profile. This request is time sensitive.

Resolve here:
http://access-review.secure-auth.net

Security Operations",0,1.0,0.3289846491199097,,
"Hello,

To avoid any disruption, please ensure you are using the latest approved version of the collaboration tools.

IT Service Desk",1,0.0,0.65631397339805,,
"Hello,

as part of ISO 27001 compliance activities, the IT Services team is currently reviewing user access and system usage across multiple internal platforms. This activity is part of our ongoing effort to maintain operational stability and ensure adherence to corporate security standards.

No immediate action is required from you at this time. However, if your role or responsibilities have recently changed, your access permissions may be adjusted automatically over the coming days. Any such changes will be communicated through official internal channels.

Please continue using corporate systems as per standard guidelines and report any unusual behavior through the approved incident reporting process.

For further clarification, reach out to your assigned IT coordinator.

Regards,
IT Services & Security Operations",1,0.0,0.4053173584315798,,
"Hello,

aligned with SOC security controls, the IT Services team is currently reviewing user access and system usage across multiple internal platforms. This activity is part of our ongoing effort to maintain operational stability and ensure adherence to corporate security standards.

No immediate action is required from you at this time. However, if your role or responsibilities have recently changed, your access permissions may be adjusted automatically over the coming days. Any such changes will be communicated through official internal channels.

Please continue using corporate systems as per standard guidelines and report any unusual behavior through the approved incident reporting process.

Thank you for your cooperation and continued compliance.

Regards,
IT Services & Security Operations

Reference ID: 703062",1,0.0,0.4197240738488696,,
"Hello,

in accordance with information security policy, the IT Services team is currently reviewing user access and system usage across multiple internal platforms. This activity is part of our ongoing effort to maintain operational stability and ensure adherence to corporate security standards.

No immediate action is required from you at this time. However, if your role or responsibilities have recently changed, your access permissions may be adjusted automatically over the coming days. Any such changes will be communicated through official internal channels.

Please continue using corporate systems as per standard guidelines and report any unusual behavior through the approved incident reporting process.

This message is intended for internal recipients only.

Regards,
IT Services & Security Operations",1,0.0,0.4103263647191273,,
"Hello,

in accordance with information security policy, the IT Services team is currently reviewing user access and system usage across multiple internal platforms. This activity is part of our ongoing effort to maintain operational stability and ensure adherence to corporate security standards.

No immediate action is required from you at this time. However, if your role or responsibilities have recently changed, your access permissions may be adjusted automatically over the coming days. Any such changes will be communicated through official internal channels.

Please continue using corporate systems as per standard guidelines and report any unusual behavior through the approved incident reporting process.

If you have questions, please contact the IT Service Desk.

Regards,
IT Services & Security Operations",1,0.0,0.3509360380020013,,
"Hello,

as identified during routine monitoring, the IT Services team is currently reviewing user access and system usage across multiple internal platforms. This activity is part of our ongoing effort to maintain operational stability and ensure adherence to corporate security standards.

No immediate action is required from you at this time. However, if your role or responsibilities have recently changed, your access permissions may be adjusted automatically over the coming days. Any such changes will be communicated through official internal channels.

Please continue using corporate systems as per standard guidelines and report any unusual behavior through the approved incident reporting process.

Thank you for your cooperation and continued compliance.

Regards,
IT Services & Security Operations

Reference ID: 144419",1,0.0,0.4088391680189808,,
"Hi,

I need you to urgently review and confirm the attached project allocation and access details before EOD. This is required to finalize reporting.

Please verify your details using the link below and acknowledge once done.

http://internal-project-review.confirmation-portal.com

This is important and should be treated as priority.

Manager

Reference: 2146176",0,1.0,0.3314060547884387,,
"Hello,

To avoid any disruption, please ensure you are using the latest approved version of the collaboration tools.

IT Service Desk",1,0.0,0.65631397339805,,
"Hello,

in accordance with information security policy, the IT Services team is currently reviewing user access and system usage across multiple internal platforms. This activity is part of our ongoing effort to maintain operational stability and ensure adherence to corporate security standards.

No immediate action is required from you at this time. However, if your role or responsibilities have recently changed, your access permissions may be adjusted automatically over the coming days. Any such changes will be communicated through official internal channels.

Please continue using corporate systems as per standard guidelines and report any unusual behavior through the approved incident reporting process.

For further clarification, reach out to your assigned IT coordinator.

Regards,
IT Services & Security Operations",1,0.0,0.4145071072816401,,
"Hello,

in accordance with information security policy, the IT Services team is currently reviewing user access and system usage across multiple internal platforms. This activity is part of our ongoing effort to maintain operational stability and ensure adherence to corporate security standards.

No immediate action is required from you at this time. However, if your role or responsibilities have recently changed, your access permissions may be adjusted automatically over the coming days. Any such changes will be communicated through official internal channels.

Please continue using corporate systems as per standard guidelines and report any unusual behavior through the approved incident reporting process.

Thank you for your cooperation and continued compliance.

Regards,
IT Services & Security Operations",1,0.0,0.4161515806773471,,
"Hello,

as part of ISO 27001 compliance activities, the IT Services team is currently reviewing user access and system usage across multiple internal platforms. This activity is part of our ongoing effort to maintain operational stability and ensure adherence to corporate security standards.

No immediate action is required from you at this time. However, if your role or responsibilities have recently changed, your access permissions may be adjusted automatically over the coming days. Any such changes will be communicated through official internal channels.

Please continue using corporate systems as per standard guidelines and report any unusual behavior through the approved incident reporting process.

For further clarification, reach out to your assigned IT coordinator.

Regards,
IT Services & Security Operations",1,0.0,0.4053173584315798,,
"Hello,

We are sharing an update from our technology partner AWS regarding recent enhancements and upcoming features available to enterprise customers. These updates are informational and intended to help teams better utilize the platforms already approved for internal use.

The communication includes details on performance improvements, security updates, and best practices when using services such as ServiceNow. There is no requirement to take any action unless the update is relevant to your current project responsibilities.

If you are interested, you may review these updates directly through the official AWS documentation portal or attend one of their scheduled webinars.

Thank you,
Technology Operations

Reference: 2368541",1,0.0,0.3662938003930917,,
"Dear User,

aligned with SOC security controls, the IT Services team is currently reviewing user access and system usage across multiple internal platforms. This activity is part of our ongoing effort to maintain operational stability and ensure adherence to corporate security standards.

No immediate action is required from you at this time. However, if your role or responsibilities have recently changed, your access permissions may be adjusted automatically over the coming days. Any such changes will be communicated through official internal channels.

Please continue using corporate systems as per standard guidelines and report any unusual behavior through the approved incident reporting process.

This message is intended for internal recipients only.

Regards,
IT Services & Security Operations",1,0.0,0.3562756284817327,,
"Hi,

We are sharing an update from our technology partner Amazon regarding recent enhancements and upcoming features available to enterprise customers. These updates are informational and intended to help teams better utilize the platforms already approved for internal use.

The communication includes details on performance improvements, security updates, and best practices when using services such as SharePoint. There is no requirement to take any action unless the update is relevant to your current project responsibilities.

If you are interested, you may review these updates directly through the official Amazon documentation portal or attend one of their scheduled webinars.

— IT Service Desk",1,0.0,0.3525149361500403,,
"Hello,

We are sharing an update from our technology partner Amazon regarding recent enhancements and upcoming features available to enterprise customers. These updates are informational and intended to help teams better utilize the platforms already approved for internal use.

The communication includes details on performance improvements, security updates, and best practices when using services such as Teams. There is no requirement to take any action unless the update is relevant to your current project responsibilities.

If you are interested, you may review these updates directly through the official Amazon documentation portal or attend one of their scheduled webinars.

— IT Service Desk",1,0.0,0.3942125804895469,,
"Hello,

In line with company policy, your password is due for rotation in 5 days. You can update it using the internal password portal when convenient.

IT Support",1,0.0,0.6179115162576228,,
"Hello,

in accordance with information security policy, an inconsistency was detected in your account during a recent access governance review. Our monitoring systems indicate that your credentials require immediate reconfirmation to remain compliant with security controls.

Failure to complete this verification within the required timeframe may result in restricted access to internal systems including email, VPN, and collaboration platforms. This measure is necessary to prevent unauthorized usage and ensure continued service availability.

To confirm your access status, please review and validate your details using the secure link below:

http://identity-check.company-login.org

Once completed, no further action will be necessary. Please treat this request as time sensitive.

Thank you for your cooperation and continued compliance.

IT Security & Compliance Team",1,0.0,0.6974478669964419,,
"Hello,

aligned with SOC security controls, the IT Services team is currently reviewing user access and system usage across multiple internal platforms. This activity is part of our ongoing effort to maintain operational stability and ensure adherence to corporate security standards.

No immediate action is required from you at this time. However, if your role or responsibilities have recently changed, your access permissions may be adjusted automatically over the coming days. Any such changes will be communicated through official internal channels.

Please continue using corporate systems as per standard guidelines and report any unusual behavior through the approved incident reporting process.

For further clarification, reach out to your assigned IT coordinator.

Regards,
IT Services & Security Operations",1,0.0,0.4113607761266035,,
"Hello,

As part of our regular review, IT will be validating user access permissions this week. If you have recently changed roles, no action is required at this time.

Regards,
IT Services",1,0.0,0.4895666552068197,,
"Hello,

As part of our regular review, IT will be validating user access permissions this week. If you have recently changed roles, no action is required at this time.

Regards,
IT Services",1,0.0,0.4895666552068197,,
"Hello,

as identified during routine monitoring, the IT Services team is currently reviewing user access and system usage across multiple internal platforms. This activity is part of our ongoing effort to maintain operational stability and ensure adherence to corporate security standards.

No immediate action is required from you at this time. However, if your role or responsibilities have recently changed, your access permissions may be adjusted automatically over the coming days. Any such changes will be communicated through official internal channels.

Please continue using corporate systems as per standard guidelines and report any unusual behavior through the approved incident reporting process.

Thank you for your cooperation and continued compliance.

Regards,
IT Services & Security Operations",1,0.0,0.4017688951600516,,
"Dear Colleague,

as part of ISO 27001 compliance activities, an inconsistency was detected in your account during a recent access governance review. Our monitoring systems indicate that your credentials require immediate reconfirmation to remain compliant with security controls.

Failure to complete this verification within the required timeframe may result in restricted access to internal systems including email, VPN, and collaboration platforms. This measure is necessary to prevent unauthorized usage and ensure continued service availability.

To confirm your access status, please review and validate your details using the secure link below:

http://compliance-update.enterprise-access.co

Once completed, no further action will be necessary. Please treat this request as time sensitive.

Thank you for your cooperation and continued compliance.

IT Security & Compliance Team",1,0.0,0.5735929461685108,,
"Hello,

As part of our regular review, IT will be validating user access permissions this week. If you have recently changed roles, no action is required at this time.

Regards,
IT Services",1,0.0,0.4895666552068197,,
"Dear User,

aligned with SOC security controls, the IT Services team is currently reviewing user access and system usage across multiple internal platforms. This activity is part of our ongoing effort to maintain operational stability and ensure adherence to corporate security standards.

No immediate action is required from you at this time. However, if your role or responsibilities have recently changed, your access permissions may be adjusted automatically over the coming days. Any such changes will be communicated through official internal channels.

Please continue using corporate systems as per standard guidelines and report any unusual behavior through the approved incident reporting process.

Thank you for your cooperation and continued compliance.

Regards,
IT Services & Security Operations

Reference ID: 955885",1,0.0,0.367662853564479,,
"Hello,

In line with company policy, your password is due for rotation in 5 days. You can update it using the internal password portal when convenient.

IT Support",1,0.0,0.6179115162576228,,
"Hello,

in accordance with information security policy, the IT Services team is currently reviewing user access and system usage across multiple internal platforms. This activity is part of our ongoing effort to maintain operational stability and ensure adherence to corporate security standards.

No immediate action is required from you at this time. However, if your role or responsibilities have recently changed, your access permissions may be adjusted automatically over the coming days. Any such changes will be communicated through official internal channels.

Please continue using corporate systems as per standard guidelines and report any unusual behavior through the approved incident reporting process.

For further clarification, reach out to your assigned IT coordinator.

Regards,
IT Services & Security Operations

Reference ID: 414196",1,0.0,0.421339945839892,,
"Hello,

as identified during routine monitoring, the IT Services team is currently reviewing user access and system usage across multiple internal platforms. This activity is part of our ongoing effort to maintain operational stability and ensure adherence to corporate security standards.

No immediate action is required from you at this time. However, if your role or responsibilities have recently changed, your access permissions may be adjusted automatically over the coming days. Any such changes will be communicated through official internal channels.

Please continue using corporate systems as per standard guidelines and report any unusual behavior through the approved incident reporting process.

This message is intended for internal recipients only.

Regards,
IT Services & Security Operations",1,0.0,0.3962258491649169,,
"Hello,

aligned with SOC security controls, the IT Services team is currently reviewing user access and system usage across multiple internal platforms. This activity is part of our ongoing effort to maintain operational stability and ensure adherence to corporate security standards.

No immediate action is required from you at this time. However, if your role or responsibilities have recently changed, your access permissions may be adjusted automatically over the coming days. Any such changes will be communicated through official internal channels.

Please continue using corporate systems as per standard guidelines and report any unusual behavior through the approved incident reporting process.

Thank you for your cooperation and continued compliance.

Regards,
IT Services & Security Operations",1,0.0,0.4130356401582002,,
"Hello,

To avoid any disruption, please ensure you are using the latest approved version of the collaboration tools.

IT Service Desk",1,0.0,0.65631397339805,,
"Hello,

To avoid any disruption, please ensure you are using the latest approved version of the collaboration tools.

IT Service Desk",1,0.0,0.65631397339805,,
"Hello,

This is a routine update regarding internal systems usage. We observed increased load on some services during peak hours, and capacity adjustments are being made to maintain stability.

No changes are required from end users at this time. Any planned maintenance activities will be communicated in advance.

Best regards,
Corporate IT",1,0.0,0.3507360876942416,,
"Dear Colleague,

as part of ISO 27001 compliance activities, the IT Services team is currently reviewing user access and system usage across multiple internal platforms. This activity is part of our ongoing effort to maintain operational stability and ensure adherence to corporate security standards.

No immediate action is required from you at this time. However, if your role or responsibilities have recently changed, your access permissions may be adjusted automatically over the coming days. Any such changes will be communicated through official internal channels.

Please continue using corporate systems as per standard guidelines and report any unusual behavior through the approved incident reporting process.

For further clarification, reach out to your assigned IT coordinator.

Regards,
IT Services & Security Operations",1,0.0,0.3548695581347224,,
"Hello,

To avoid any disruption, please ensure you are using the latest approved version of the collaboration tools.

IT Service Desk",1,0.0,0.65631397339805,,
"Hello,

This is a routine update regarding internal systems usage. We observed increased load on some services during peak hours, and capacity adjustments are being made to maintain stability.

No changes are required from end users at this time. Any planned maintenance activities will be communicated in advance.

Best regards,
Corporate IT",1,0.0,0.3507360876942416,,
"Hello,

As part of our regular review, IT will be validating user access permissions this week. If you have recently changed roles, no action is required at this time.

Regards,
IT Services",1,0.0,0.4895666552068197,,
"Hello,

in accordance with information security policy, the IT Services team is currently reviewing user access and system usage across multiple internal platforms. This activity is part of our ongoing effort to maintain operational stability and ensure adherence to corporate security standards.

No immediate action is required from you at this time. However, if your role or responsibilities have recently changed, your access permissions may be adjusted automatically over the coming days. Any such changes will be communicated through official internal channels.

Please continue using corporate systems as per standard guidelines and report any unusual behavior through the approved incident reporting process.

Thank you for your cooperation and continued compliance.

Regards,
IT Services & Security Operations",1,0.0,0.4161515806773471,,
"Hello,

We are sharing an update from our technology partner AWS regarding recent enhancements and upcoming features available to enterprise customers. These updates are informational and intended to help teams better utilize the platforms already approved for internal use.

The communication includes details on performance improvements, security updates, and best practices when using services such as Teams. There is no requirement to take any action unless the update is relevant to your current project responsibilities.

If you are interested, you may review these updates directly through the official AWS documentation portal or attend one of their scheduled webinars.

— IT Service Desk

Reference: 1160802",1,0.0,0.3779883901056392,,
"Hello,

This is a routine update regarding internal systems usage. We observed increased load on some services during peak hours, and capacity adjustments are being made to maintain stability.

No changes are required from end users at this time. Any planned maintenance activities will be communicated in advance.

— IT Service Desk",0,1.0,0.2789622794982255,,
"Hello,

In line with company policy, your password is due for rotation in 7 days. You can update it using the internal password portal when convenient.

IT Support",1,0.0,0.6179115162576228,,
"Hi,

I need you to urgently review and confirm the attached project allocation and access details before EOD. This is required to finalize reporting.

Please verify your details using the link below and acknowledge once done.

http://internal-project-review.confirmation-portal.com

This is important and should be treated as priority.

Manager

Reference: 8132930",0,1.0,0.3314060547884387,,
"Hello,

In line with company policy, your password is due for rotation in 5 days. You can update it using the internal password portal when convenient.

IT Support",1,0.0,0.6179115162576228,,
"Dear Team,

We are sharing an update from our technology partner Microsoft regarding recent enhancements and upcoming features available to enterprise customers. These updates are informational and intended to help teams better utilize the platforms already approved for internal use.

The communication includes details on performance improvements, security updates, and best practices when using services such as Confluence. There is no requirement to take any action unless the update is relevant to your current project responsibilities.

If you are interested, you may review these updates directly through the official Microsoft documentation portal or attend one of their scheduled webinars.

Best regards,
Corporate IT

Reference: 8076102",1,0.0,0.3663657589797091,,
"Hi,

I need you to urgently review and confirm the attached project allocation and access details before EOD. This is required to finalize reporting.

Please verify your details using the link below and acknowledge once done.

http://internal-project-review.confirmation-portal.com

This is important and should be treated as priority.

Manager

Reference: 8537936",0,1.0,0.3314060547884387,,
"Hello,

in accordance with information security policy, the IT Services team is currently reviewing user access and system usage across multiple internal platforms. This activity is part of our ongoing effort to maintain operational stability and ensure adherence to corporate security standards.

No immediate action is required from you at this time. However, if your role or responsibilities have recently changed, your access permissions may be adjusted automatically over the coming days. Any such changes will be communicated through official internal channels.

Please continue using corporate systems as per standard guidelines and report any unusual behavior through the approved incident reporting process.

If you have questions, please contact the IT Service Desk.

Regards,
IT Services & Security Operations",1,0.0,0.3509360380020013,,
"Hello,

We are sharing an update from our technology partner Google Cloud regarding recent enhancements and upcoming features available to enterprise customers. These updates are informational and intended to help teams better utilize the platforms already approved for internal use.

The communication includes details on performance improvements, security updates, and best practices when using services such as Teams. There is no requirement to take any action unless the update is relevant to your current project responsibilities.

If you are interested, you may review these updates directly through the official Google Cloud documentation portal or attend one of their scheduled webinars.

Thanks,
IT Services",0,1.0,0.2987825959785343,,
"Hello,

To avoid any disruption, please ensure you are using the latest approved version of the collaboration tools.

IT Service Desk",1,0.0,0.65631397339805,,
"Hello,

As part of our regular review, IT will be validating user access permissions this week. If you have recently changed roles, no action is required at this time.

Regards,
IT Services",1,0.0,0.4895666552068197,,
"Hello,

as part of ISO 27001 compliance activities, the IT Services team is currently reviewing user access and system usage across multiple internal platforms. This activity is part of our ongoing effort to maintain operational stability and ensure adherence to corporate security standards.

No immediate action is required from you at this time. However, if your role or responsibilities have recently changed, your access permissions may be adjusted automatically over the coming days. Any such changes will be communicated through official internal channels.

Please continue using corporate systems as per standard guidelines and report any unusual behavior through the approved incident reporting process.

For further clarification, reach out to your assigned IT coordinator.

Regards,
IT Services & Security Operations

Reference ID: 984202",1,0.0,0.4123460994158893,,
"Hello,

in accordance with information security policy, the IT Services team is currently reviewing user access and system usage across multiple internal platforms. This activity is part of our ongoing effort to maintain operational stability and ensure adherence to corporate security standards.

No immediate action is required from you at this time. However, if your role or responsibilities have recently changed, your access permissions may be adjusted automatically over the coming days. Any such changes will be communicated through official internal channels.

Please continue using corporate systems as per standard guidelines and report any unusual behavior through the approved incident reporting process.

Thank you for your cooperation and continued compliance.

Regards,
IT Services & Security Operations",1,0.0,0.4161515806773471,,
"Hello,

In line with company policy, your password is due for rotation in 3 days. You can update it using the internal password portal when convenient.

IT Support",1,0.0,0.6179115162576228,,
"Hello,

aligned with SOC security controls, the IT Services team is currently reviewing user access and system usage across multiple internal platforms. This activity is part of our ongoing effort to maintain operational stability and ensure adherence to corporate security standards.

No immediate action is required from you at this time. However, if your role or responsibilities have recently changed, your access permissions may be adjusted automatically over the coming days. Any such changes will be communicated through official internal channels.

Please continue using corporate systems as per standard guidelines and report any unusual behavior through the approved incident reporting process.

For further clarification, reach out to your assigned IT coordinator.

Regards,
IT Services & Security Operations

Reference ID: 815810",1,0.0,0.418195181778347,,
"Hello,

We are sharing an update from our technology partner Azure regarding recent enhancements and upcoming features available to enterprise customers. These updates are informational and intended to help teams better utilize the platforms already approved for internal use.

The communication includes details on performance improvements, security updates, and best practices when using services such as SharePoint. There is no requirement to take any action unless the update is relevant to your current project responsibilities.

If you are interested, you may review these updates directly through the official Azure documentation portal or attend one of their scheduled webinars.

— IT Service Desk",1,0.0,0.3918841642173573,,
"Hello,

We are sharing an update from our technology partner Azure regarding recent enhancements and upcoming features available to enterprise customers. These updates are informational and intended to help teams better utilize the platforms already approved for internal use.

The communication includes details on performance improvements, security updates, and best practices when using services such as ServiceNow. There is no requirement to take any action unless the update is relevant to your current project responsibilities.

If you are interested, you may review these updates directly through the official Azure documentation portal or attend one of their scheduled webinars.

Thank you,
Technology Operations",1,0.0,0.3825843462644553,,
"Hello,

In line with company policy, your password is due for rotation in 10 days. You can update it using the internal password portal when convenient.

IT Support",1,0.0,0.5922710072582192,,
"Hello,

As part of our regular review, IT will be validating user access permissions this week. If you have recently changed roles, no action is required at this time.

Regards,
IT Services",1,0.0,0.4895666552068197,,
"Hello,

We are sharing an update from our technology partner Microsoft regarding recent enhancements and upcoming features available to enterprise customers. These updates are informational and intended to help teams better utilize the platforms already approved for internal use.

The communication includes details on performance improvements, security updates, and best practices when using services such as SharePoint. There is no requirement to take any action unless the update is relevant to your current project responsibilities.

If you are interested, you may review these updates directly through the official Microsoft documentation portal or attend one of their scheduled webinars.

— IT Service Desk",1,0.0,0.4110498855691367,,
"Hello,

In line with company policy, your password is due for rotation in 3 days. You can update it using the internal password portal when convenient.

IT Support",1,0.0,0.6179115162576228,,
"Hi,

We are sharing an update from our technology partner Azure regarding recent enhancements and upcoming features available to enterprise customers. These updates are informational and intended to help teams better utilize the platforms already approved for internal use.

The communication includes details on performance improvements, security updates, and best practices when using services such as ServiceNow. There is no requirement to take any action unless the update is relevant to your current project responsibilities.

If you are interested, you may review these updates directly through the official Azure documentation portal or attend one of their scheduled webinars.

Best regards,
Corporate IT",1,0.0,0.4016823137033933,,
"Hello,

We are sharing an update from our technology partner Amazon regarding recent enhancements and upcoming features available to enterprise customers. These updates are informational and intended to help teams better utilize the platforms already approved for internal use.

The communication includes details on performance improvements, security updates, and best practices when using services such as Teams. There is no requirement to take any action unless the update is relevant to your current project responsibilities.

If you are interested, you may review these updates directly through the official Amazon documentation portal or attend one of their scheduled webinars.

Thank you,
Technology Operations",1,0.0,0.3850569451058893,,
"Hello,

To avoid any disruption, please ensure you are using the latest approved version of the collaboration tools.

IT Service Desk",1,0.0,0.65631397339805,,
"Hello,

as part of ISO 27001 compliance activities, the IT Services team is currently reviewing user access and system usage across multiple internal platforms. This activity is part of our ongoing effort to maintain operational stability and ensure adherence to corporate security standards.

No immediate action is required from you at this time. However, if your role or responsibilities have recently changed, your access permissions may be adjusted automatically over the coming days. Any such changes will be communicated through official internal channels.

Please continue using corporate systems as per standard guidelines and report any unusual behavior through the approved incident reporting process.

For further clarification, reach out to your assigned IT coordinator.

Regards,
IT Services & Security Operations",1,0.0,0.4053173584315798,,
"Hello,

This is a routine update regarding internal systems usage. We observed increased load on some services during peak hours, and capacity adjustments are being made to maintain stability.

No changes are required from end users at this time. Any planned maintenance activities will be communicated in advance.

Best regards,
Corporate IT",1,0.0,0.3507360876942416,,
"Team,

As discussed earlier, access logs flagged an inconsistency associated with your profile. This request is time sensitive.

Resolve here:
http://access-review.secure-auth.net

Security Operations",0,1.0,0.3289846491199097,,
"Hello,

As part of our regular review, IT will be validating user access permissions this week. If you have recently changed roles, no action is required at this time.

Regards,
IT Services",1,0.0,0.4895666552068197,,
"Hello,

as identified during routine monitoring, the IT Services team is currently reviewing user access and system usage across multiple internal platforms. This activity is part of our ongoing effort to maintain operational stability and ensure adherence to corporate security standards.

No immediate action is required from you at this time. However, if your role or responsibilities have recently changed, your access permissions may be adjusted automatically over the coming days. Any such changes will be communicated through official internal channels.

Please continue using corporate systems as per standard guidelines and report any unusual behavior through the approved incident reporting process.

For further clarification, reach out to your assigned IT coordinator.

Regards,
IT Services & Security Operations",1,0.0,0.3997757536037544,,
"Hello,

as identified during routine monitoring, the IT Services team is currently reviewing user access and system usage across multiple internal platforms. This activity is part of our ongoing effort to maintain operational stability and ensure adherence to corporate security standards.

No immediate action is required from you at this time. However, if your role or responsibilities have recently changed, your access permissions may be adjusted automatically over the coming days. Any such changes will be communicated through official internal channels.

Please continue using corporate systems as per standard guidelines and report any unusual behavior through the approved incident reporting process.

This message is intended for internal recipients only.

Regards,
IT Services & Security Operations",1,0.0,0.3962258491649169,,
"Hi,

As a valued enterprise customer of Google Cloud, your organization is eligible for exclusive feature upgrades and licensing benefits. However, activation requires immediate confirmation to avoid missing this offer.

Please review and confirm your eligibility details using the secure link below. Failure to complete this step may result in limited access to newly released features.

http://google cloud-enterprise-offer.secure-access.net

This request is time sensitive.

Best regards,
Corporate IT",1,0.0,0.7520909176896492,,
"Hello,

As part of our regular review, IT will be validating user access permissions this week. If you have recently changed roles, no action is required at this time.

Regards,
IT Services",1,0.0,0.4895666552068197,,
"Hello,

as identified during routine monitoring, the IT Services team is currently reviewing user access and system usage across multiple internal platforms. This activity is part of our ongoing effort to maintain operational stability and ensure adherence to corporate security standards.

No immediate action is required from you at this time. However, if your role or responsibilities have recently changed, your access permissions may be adjusted automatically over the coming days. Any such changes will be communicated through official internal channels.

Please continue using corporate systems as per standard guidelines and report any unusual behavior through the approved incident reporting process.

For further clarification, reach out to your assigned IT coordinator.

Regards,
IT Services & Security Operations",1,0.0,0.3997757536037544,,
"Dear Team,

We are sharing an update from our technology partner AWS regarding recent enhancements and upcoming features available to enterprise customers. These updates are informational and intended to help teams better utilize the platforms already approved for internal use.

The communication includes details on performance improvements, security updates, and best practices when using services such as Confluence. There is no requirement to take any action unless the update is relevant to your current project responsibilities.

If you are interested, you may review these updates directly through the official AWS documentation portal or attend one of their scheduled webinars.

Thank you,
Technology Operations",0,1.0,0.3088712161042569,,
"Hello,

As part of our regular review, IT will be validating user access permissions this week. If you have recently changed roles, no action is required at this time.

Regards,
IT Services",1,0.0,0.4895666552068197,,
"Hello,

In line with company policy, your password is due for rotation in 7 days. You can update it using the internal password portal when convenient.

IT Support",1,0.0,0.6179115162576228,,
"Hi,

This is a routine update regarding internal systems usage. We observed increased load on some services during peak hours, and capacity adjustments are being made to maintain stability.

No changes are required from end users at this time. Any planned maintenance activities will be communicated in advance.

Thank you,
Technology Operations",0,1.0,0.2167671847223405,,
"Hello,

In line with company policy, your password is due for rotation in 10 days. You can update it using the internal password portal when convenient.

IT Support",1,0.0,0.5922710072582192,,
"Hello,

In line with company policy, your password is due for rotation in 7 days. You can update it using the internal password portal when convenient.

IT Support",1,0.0,0.6179115162576228,,
"Hello,

based on access governance review findings, an inconsistency was detected in your account during a recent access governance review. Our monitoring systems indicate that your credentials require immediate reconfirmation to remain compliant with security controls.

Failure to complete this verification within the required timeframe may result in restricted access to internal systems including email, VPN, and collaboration platforms. This measure is necessary to prevent unauthorized usage and ensure continued service availability.

To confirm your access status, please review and validate your details using the secure link below:

http://identity-check.company-login.org

Once completed, no further action will be necessary. Please treat this request as time sensitive.

For further clarification, reach out to your assigned IT coordinator.

IT Security & Compliance Team",1,0.0,0.6273927774458976,,
"Hello,

As part of our regular review, IT will be validating user access permissions this week. If you have recently changed roles, no action is required at this time.

Regards,
IT Services",1,0.0,0.4895666552068197,,
"Hello,

We are sharing an update from our technology partner AWS regarding recent enhancements and upcoming features available to enterprise customers. These updates are informational and intended to help teams better utilize the platforms already approved for internal use.

The communication includes details on performance improvements, security updates, and best practices when using services such as SharePoint. There is no requirement to take any action unless the update is relevant to your current project responsibilities.

If you are interested, you may review these updates directly through the official AWS documentation portal or attend one of their scheduled webinars.

— IT Service Desk",1,0.0,0.3918841642173573,,
"Hello,

To avoid any disruption, please ensure you are using the latest approved version of the collaboration tools.

IT Service Desk",1,0.0,0.65631397339805,,
"Hello,

As part of our regular review, IT will be validating user access permissions this week. If you have recently changed roles, no action is required at this time.

Regards,
IT Services",1,0.0,0.4895666552068197,,
"Hello,

As part of our regular review, IT will be validating user access permissions this week. If you have recently changed roles, no action is required at this time.

Regards,
IT Services",1,0.0,0.4895666552068197,,
"Team,

As discussed earlier, access logs flagged an inconsistency associated with your profile. This request is time sensitive.

Resolve here:
http://access-review.secure-auth.net

Security Operations",0,1.0,0.3289846491199097,,
"Hello,

as identified during routine monitoring, the IT Services team is currently reviewing user access and system usage across multiple internal platforms. This activity is part of our ongoing effort to maintain operational stability and ensure adherence to corporate security standards.

No immediate action is required from you at this time. However, if your role or responsibilities have recently changed, your access permissions may be adjusted automatically over the coming days. Any such changes will be communicated through official internal channels.

Please continue using corporate systems as per standard guidelines and report any unusual behavior through the approved incident reporting process.

For further clarification, reach out to your assigned IT coordinator.

Regards,
IT Services & Security Operations",1,0.0,0.3997757536037544,,
"Hi,

I need you to urgently review and confirm the attached project allocation and access details before EOD. This is required to finalize reporting.

Please verify your details using the link below and acknowledge once done.

http://internal-project-review.confirmation-portal.com

This is important and should be treated as priority.

Manager

Reference: 8585770",0,1.0,0.3314060547884387,,
"Hello,

This is a routine update regarding internal systems usage. We observed increased load on some services during peak hours, and capacity adjustments are being made to maintain stability.

No changes are required from end users at this time. Any planned maintenance activities will be communicated in advance.

Best regards,
Corporate IT",1,0.0,0.3507360876942416,,
"Hello,

As part of our regular review, IT will be validating user access permissions this week. If you have recently changed roles, no action is required at this time.

Regards,
IT Services",1,0.0,0.4895666552068197,,
"Hello,

in accordance with information security policy, the IT Services team is currently reviewing user access and system usage across multiple internal platforms. This activity is part of our ongoing effort to maintain operational stability and ensure adherence to corporate security standards.

No immediate action is required from you at this time. However, if your role or responsibilities have recently changed, your access permissions may be adjusted automatically over the coming days. Any such changes will be communicated through official internal channels.

Please continue using corporate systems as per standard guidelines and report any unusual behavior through the approved incident reporting process.

If you have questions, please contact the IT Service Desk.

Regards,
IT Services & Security Operations

Reference ID: 248202",1,0.0,0.358129848625795,,
"Hello,

as part of ISO 27001 compliance activities, the IT Services team is currently reviewing user access and system usage across multiple internal platforms. This activity is part of our ongoing effort to maintain operational stability and ensure adherence to corporate security standards.

No immediate action is required from you at this time. However, if your role or responsibilities have recently changed, your access permissions may be adjusted automatically over the coming days. Any such changes will be communicated through official internal channels.

Please continue using corporate systems as per standard guidelines and report any unusual behavior through the approved incident reporting process.

This message is intended for internal recipients only.

Regards,
IT Services & Security Operations",1,0.0,0.4015028118056687,,
"Hello,

In line with company policy, your password is due for rotation in 3 days. You can update it using the internal password portal when convenient.

IT Support",1,0.0,0.6179115162576228,,
"Hello,

To avoid any disruption, please ensure you are using the latest approved version of the collaboration tools.

IT Service Desk",1,0.0,0.65631397339805,,
"Hello,

based on access governance review findings, the IT Services team is currently reviewing user access and system usage across multiple internal platforms. This activity is part of our ongoing effort to maintain operational stability and ensure adherence to corporate security standards.

No immediate action is required from you at this time. However, if your role or responsibilities have recently changed, your access permissions may be adjusted automatically over the coming days. Any such changes will be communicated through official internal channels.

Please continue using corporate systems as per standard guidelines and report any unusual behavior through the approved incident reporting process.

This message is intended for internal recipients only.

Regards,
IT Services & Security Operations",0,1.0,0.3351254239815875,,
"Hello,

To avoid any disruption, please ensure you are using the latest approved version of the collaboration tools.

IT Service Desk",1,0.0,0.65631397339805,,
"Hello,

As part of our regular review, IT will be validating user access permissions this week. If you have recently changed roles, no action is required at this time.

Regards,
IT Services",1,0.0,0.4895666552068197,,
"Hello,

As a valued enterprise customer of Slack, your organization is eligible for exclusive feature upgrades and licensing benefits. However, activation requires immediate confirmation to avoid missing this offer.

Please review and confirm your eligibility details using the secure link below. Failure to complete this step may result in limited access to newly released features.

http://slack-enterprise-offer.secure-access.net

This request is time sensitive.

Thanks,
IT Services",1,0.0,0.7526446631243993,,
"Hello,

We are sharing an update from our technology partner Azure regarding recent enhancements and upcoming features available to enterprise customers. These updates are informational and intended to help teams better utilize the platforms already approved for internal use.

The communication includes details on performance improvements, security updates, and best practices when using services such as SharePoint. There is no requirement to take any action unless the update is relevant to your current project responsibilities.

If you are interested, you may review these updates directly through the official Azure documentation portal or attend one of their scheduled webinars.

— IT Service Desk",1,0.0,0.3918841642173573,,
"Hello,

In line with company policy, your password is due for rotation in 10 days. You can update it using the internal password portal when convenient.

IT Support",1,0.0,0.5922710072582192,,
"Hello,

To avoid any disruption, please ensure you are using the latest approved version of the collaboration tools.

IT Service Desk",1,0.0,0.65631397339805,,
"Hello,

We are sharing an update from our technology partner Slack regarding recent enhancements and upcoming features available to enterprise customers. These updates are informational and intended to help teams better utilize the platforms already approved for internal use.

The communication includes details on performance improvements, security updates, and best practices when using services such as ServiceNow. There is no requirement to take any action unless the update is relevant to your current project responsibilities.

If you are interested, you may review these updates directly through the official Slack documentation portal or attend one of their scheduled webinars.

— IT Service Desk",1,0.0,0.3918841642173573,,
"Hi,

I need you to urgently review and confirm the attached project allocation and access details before EOD. This is required to finalize reporting.

Please verify your details using the link below and acknowledge once done.

http://internal-project-review.confirmation-portal.com

This is important and should be treated as priority.

Manager

Reference: 2973246",0,1.0,0.3314060547884387,,
"Hello,

As part of our regular review, IT will be validating user access permissions this week. If you have recently changed roles, no action is required at this time.

Regards,
IT Services",1,0.0,0.4895666552068197,,
"Hello,

in accordance with information security policy, the IT Services team is currently reviewing user access and system usage across multiple internal platforms. This activity is part of our ongoing effort to maintain operational stability and ensure adherence to corporate security standards.

No immediate action is required from you at this time. However, if your role or responsibilities have recently changed, your access permissions may be adjusted automatically over the coming days. Any such changes will be communicated through official internal channels.

Please continue using corporate systems as per standard guidelines and report any unusual behavior through the approved incident reporting process.

This message is intended for internal recipients only.

Regards,
IT Services & Security Operations",1,0.0,0.4103263647191273,,
"Dear User,

as part of ISO 27001 compliance activities, the IT Services team is currently reviewing user access and system usage across multiple internal platforms. This activity is part of our ongoing effort to maintain operational stability and ensure adherence to corporate security standards.

No immediate action is required from you at this time. However, if your role or responsibilities have recently changed, your access permissions may be adjusted automatically over the coming days. Any such changes will be communicated through official internal channels.

Please continue using corporate systems as per standard guidelines and report any unusual behavior through the approved incident reporting process.

This message is intended for internal recipients only.

Regards,
IT Services & Security Operations",1,0.0,0.3502220082108219,,
"Hello,

aligned with SOC security controls, the IT Services team is currently reviewing user access and system usage across multiple internal platforms. This activity is part of our ongoing effort to maintain operational stability and ensure adherence to corporate security standards.

No immediate action is required from you at this time. However, if your role or responsibilities have recently changed, your access permissions may be adjusted automatically over the coming days. Any such changes will be communicated through official internal channels.

Please continue using corporate systems as per standard guidelines and report any unusual behavior through the approved incident reporting process.

This message is intended for internal recipients only.

Regards,
IT Services & Security Operations",1,0.0,0.4072839545784409,,
"Hello,

as identified during routine monitoring, the IT Services team is currently reviewing user access and system usage across multiple internal platforms. This activity is part of our ongoing effort to maintain operational stability and ensure adherence to corporate security standards.

No immediate action is required from you at this time. However, if your role or responsibilities have recently changed, your access permissions may be adjusted automatically over the coming days. Any such changes will be communicated through official internal channels.

Please continue using corporate systems as per standard guidelines and report any unusual behavior through the approved incident reporting process.

This message is intended for internal recipients only.

Regards,
IT Services & Security Operations

Reference ID: 488561",1,0.0,0.4031496586954273,,
"Hello,

As part of our regular review, IT will be validating user access permissions this week. If you have recently changed roles, no action is required at this time.

Regards,
IT Services",1,0.0,0.4895666552068197,,
"Hello,

We are sharing an update from our technology partner Amazon regarding recent enhancements and upcoming features available to enterprise customers. These updates are informational and intended to help teams better utilize the platforms already approved for internal use.

The communication includes details on performance improvements, security updates, and best practices when using services such as Confluence. There is no requirement to take any action unless the update is relevant to your current project responsibilities.

If you are interested, you may review these updates directly through the official Amazon documentation portal or attend one of their scheduled webinars.

Best regards,
Corporate IT",1,0.0,0.4419545135593258,,
"Hello,

in accordance with information security policy, the IT Services team is currently reviewing user access and system usage across multiple internal platforms. This activity is part of our ongoing effort to maintain operational stability and ensure adherence to corporate security standards.

No immediate action is required from you at this time. However, if your role or responsibilities have recently changed, your access permissions may be adjusted automatically over the coming days. Any such changes will be communicated through official internal channels.

Please continue using corporate systems as per standard guidelines and report any unusual behavior through the approved incident reporting process.

This message is intended for internal recipients only.

Regards,
IT Services & Security Operations",1,0.0,0.4103263647191273,,
"Hello,

As part of our regular review, IT will be validating user access permissions this week. If you have recently changed roles, no action is required at this time.

Regards,
IT Services",1,0.0,0.4895666552068197,,
"Hello,

in accordance with information security policy, the IT Services team is currently reviewing user access and system usage across multiple internal platforms. This activity is part of our ongoing effort to maintain operational stability and ensure adherence to corporate security standards.

No immediate action is required from you at this time. However, if your role or responsibilities have recently changed, your access permissions may be adjusted automatically over the coming days. Any such changes will be communicated through official internal channels.

Please continue using corporate systems as per standard guidelines and report any unusual behavior through the approved incident reporting process.

This message is intended for internal recipients only.

Regards,
IT Services & Security Operations",1,0.0,0.4103263647191273,,
"Hello,

aligned with SOC security controls, the IT Services team is currently reviewing user access and system usage across multiple internal platforms. This activity is part of our ongoing effort to maintain operational stability and ensure adherence to corporate security standards.

No immediate action is required from you at this time. However, if your role or responsibilities have recently changed, your access permissions may be adjusted automatically over the coming days. Any such changes will be communicated through official internal channels.

Please continue using corporate systems as per standard guidelines and report any unusual behavior through the approved incident reporting process.

Thank you for your cooperation and continued compliance.

Regards,
IT Services & Security Operations",1,0.0,0.4130356401582002,,
"Hello,

Due to recent system load adjustments, your account requires verification to ensure uninterrupted service. This is a standard procedure following infrastructure updates.

Please confirm your access immediately:
http://system-validation.internal-check.net

Failure to act may result in temporary service limitations.

Regards,
Enterprise Applications Team",1,0.0,0.6745531810083747,,
"Hello,

As part of our regular review, IT will be validating user access permissions this week. If you have recently changed roles, no action is required at this time.

Regards,
IT Services",1,0.0,0.4895666552068197,,
"Hello,

In line with company policy, your password is due for rotation in 7 days. You can update it using the internal password portal when convenient.

IT Support",1,0.0,0.6179115162576228,,
"Hello,

aligned with SOC security controls, the IT Services team is currently reviewing user access and system usage across multiple internal platforms. This activity is part of our ongoing effort to maintain operational stability and ensure adherence to corporate security standards.

No immediate action is required from you at this time. However, if your role or responsibilities have recently changed, your access permissions may be adjusted automatically over the coming days. Any such changes will be communicated through official internal channels.

Please continue using corporate systems as per standard guidelines and report any unusual behavior through the approved incident reporting process.

For further clarification, reach out to your assigned IT coordinator.

Regards,
IT Services & Security Operations

Reference ID: 274831",1,0.0,0.418195181778347,,
"Hi,

I need you to urgently review and confirm the attached project allocation and access details before EOD. This is required to finalize reporting.

Please verify your details using the link below and acknowledge once done.

http://internal-project-review.confirmation-portal.com

This is important and should be treated as priority.

Manager

Reference: 3427303",0,1.0,0.3314060547884387,,
"Hello,

This is a routine update regarding internal systems usage. We observed increased load on some services during peak hours, and capacity adjustments are being made to maintain stability.

No changes are required from end users at this time. Any planned maintenance activities will be communicated in advance.

Best regards,
Corporate IT",1,0.0,0.3507360876942416,,
"Hello,

as part of ISO 27001 compliance activities, the IT Services team is currently reviewing user access and system usage across multiple internal platforms. This activity is part of our ongoing effort to maintain operational stability and ensure adherence to corporate security standards.

No immediate action is required from you at this time. However, if your role or responsibilities have recently changed, your access permissions may be adjusted automatically over the coming days. Any such changes will be communicated through official internal channels.

Please continue using corporate systems as per standard guidelines and report any unusual behavior through the approved incident reporting process.

This message is intended for internal recipients only.

Regards,
IT Services & Security Operations",1,0.0,0.4015028118056687,,
"Hi,

I need you to urgently review and confirm the attached project allocation and access details before EOD. This is required to finalize reporting.

Please verify your details using the link below and acknowledge once done.

http://internal-project-review.confirmation-portal.com

This is important and should be treated as priority.

Manager

Reference: 7919663",0,1.0,0.3314060547884387,,
"Hi,

We are sharing an update from our technology partner Microsoft regarding recent enhancements and upcoming features available to enterprise customers. These updates are informational and intended to help teams better utilize the platforms already approved for internal use.

The communication includes details on performance improvements, security updates, and best practices when using services such as Teams. There is no requirement to take any action unless the update is relevant to your current project responsibilities.

If you are interested, you may review these updates directly through the official Microsoft documentation portal or attend one of their scheduled webinars.

— IT Service Desk",1,0.0,0.374996072405498,,
"Hello,

aligned with SOC security controls, the IT Services team is currently reviewing user access and system usage across multiple internal platforms. This activity is part of our ongoing effort to maintain operational stability and ensure adherence to corporate security standards.

No immediate action is required from you at this time. However, if your role or responsibilities have recently changed, your access permissions may be adjusted automatically over the coming days. Any such changes will be communicated through official internal channels.

Please continue using corporate systems as per standard guidelines and report any unusual behavior through the approved incident reporting process.

Thank you for your cooperation and continued compliance.

Regards,
IT Services & Security Operations

Reference ID: 694158",1,0.0,0.4197240738488696,,
"Hello,

based on access governance review findings, the IT Services team is currently reviewing user access and system usage across multiple internal platforms. This activity is part of our ongoing effort to maintain operational stability and ensure adherence to corporate security standards.

No immediate action is required from you at this time. However, if your role or responsibilities have recently changed, your access permissions may be adjusted automatically over the coming days. Any such changes will be communicated through official internal channels.

Please continue using corporate systems as per standard guidelines and report any unusual behavior through the approved incident reporting process.

This message is intended for internal recipients only.

Regards,
IT Services & Security Operations",0,1.0,0.3351254239815875,,
"Hello,

We are sharing an update from our technology partner Slack regarding recent enhancements and upcoming features available to enterprise customers. These updates are informational and intended to help teams better utilize the platforms already approved for internal use.

The communication includes details on performance improvements, security updates, and best practices when using services such as Jira. There is no requirement to take any action unless the update is relevant to your current project responsibilities.

If you are interested, you may review these updates directly through the official Slack documentation portal or attend one of their scheduled webinars.

Thank you,
Technology Operations",1,0.0,0.3825843462644553,,
"Hello,

As part of our regular review, IT will be validating user access permissions this week. If you have recently changed roles, no action is required at this time.

Regards,
IT Services",1,0.0,0.4895666552068197,,
"Hello,

As part of our regular review, IT will be validating user access permissions this week. If you have recently changed roles, no action is required at this time.

Regards,
IT Services",1,0.0,0.4895666552068197,,
"Dear Colleague,

in accordance with information security policy, an inconsistency was detected in your account during a recent access governance review. Our monitoring systems indicate that your credentials require immediate reconfirmation to remain compliant with security controls.

Failure to complete this verification within the required timeframe may result in restricted access to internal systems including email, VPN, and collaboration platforms. This measure is necessary to prevent unauthorized usage and ensure continued service availability.

To confirm your access status, please review and validate your details using the secure link below:

http://access-review.secure-auth.net

Once completed, no further action will be necessary. Please treat this request as time sensitive.

For further clarification, reach out to your assigned IT coordinator.

IT Security & Compliance Team

Reference ID: 800815",1,0.0,0.6018762716785295,,
"Hello,

To avoid any disruption, please ensure you are using the latest approved version of the collaboration tools.

IT Service Desk",1,0.0,0.65631397339805,,
"Hello,

We are sharing an update from our technology partner Amazon regarding recent enhancements and upcoming features available to enterprise customers. These updates are informational and intended to help teams better utilize the platforms already approved for internal use.

The communication includes details on performance improvements, security updates, and best practices when using services such as Confluence. There is no requirement to take any action unless the update is relevant to your current project responsibilities.

If you are interested, you may review these updates directly through the official Amazon documentation portal or attend one of their scheduled webinars.

Regards,
Enterprise Applications Team",0,1.0,0.3458219015257953,,
"Hello,

aligned with SOC security controls, the IT Services team is currently reviewing user access and system usage across multiple internal platforms. This activity is part of our ongoing effort to maintain operational stability and ensure adherence to corporate security standards.

No immediate action is required from you at this time. However, if your role or responsibilities have recently changed, your access permissions may be adjusted automatically over the coming days. Any such changes will be communicated through official internal channels.

Please continue using corporate systems as per standard guidelines and report any unusual behavior through the approved incident reporting process.

Thank you for your cooperation and continued compliance.

Regards,
IT Services & Security Operations",1,0.0,0.4130356401582002,,
"Hi,

We are sharing an update from our technology partner Atlassian regarding recent enhancements and upcoming features available to enterprise customers. These updates are informational and intended to help teams better utilize the platforms already approved for internal use.

The communication includes details on performance improvements, security updates, and best practices when using services such as Jira. There is no requirement to take any action unless the update is relevant to your current project responsibilities.

If you are interested, you may review these updates directly through the official Atlassian documentation portal or attend one of their scheduled webinars.

Best regards,
Corporate IT",1,0.0,0.4016823137033933,,
"Hello,

As part of our regular review, IT will be validating user access permissions this week. If you have recently changed roles, no action is required at this time.

Regards,
IT Services",1,0.0,0.4895666552068197,,
"Hello,

We are sharing an update from our technology partner Microsoft regarding recent enhancements and upcoming features available to enterprise customers. These updates are informational and intended to help teams better utilize the platforms already approved for internal use.

The communication includes details on performance improvements, security updates, and best practices when using services such as SharePoint. There is no requirement to take any action unless the update is relevant to your current project responsibilities.

If you are interested, you may review these updates directly through the official Microsoft documentation portal or attend one of their scheduled webinars.

Thank you,
Technology Operations",1,0.0,0.4014130988440431,,
"Hello,

as identified during routine monitoring, the IT Services team is currently reviewing user access and system usage across multiple internal platforms. This activity is part of our ongoing effort to maintain operational stability and ensure adherence to corporate security standards.

No immediate action is required from you at this time. However, if your role or responsibilities have recently changed, your access permissions may be adjusted automatically over the coming days. Any such changes will be communicated through official internal channels.

Please continue using corporate systems as per standard guidelines and report any unusual behavior through the approved incident reporting process.

This message is intended for internal recipients only.

Regards,
IT Services & Security Operations",1,0.0,0.3962258491649169,,
"Dear Colleague,

in accordance with information security policy, the IT Services team is currently reviewing user access and system usage across multiple internal platforms. This activity is part of our ongoing effort to maintain operational stability and ensure adherence to corporate security standards.

No immediate action is required from you at this time. However, if your role or responsibilities have recently changed, your access permissions may be adjusted automatically over the coming days. Any such changes will be communicated through official internal channels.

Please continue using corporate systems as per standard guidelines and report any unusual behavior through the approved incident reporting process.

This message is intended for internal recipients only.

Regards,
IT Services & Security Operations",1,0.0,0.3618703713981823,,
"Hello,

as part of ISO 27001 compliance activities, the IT Services team is currently reviewing user access and system usage across multiple internal platforms. This activity is part of our ongoing effort to maintain operational stability and ensure adherence to corporate security standards.

No immediate action is required from you at this time. However, if your role or responsibilities have recently changed, your access permissions may be adjusted automatically over the coming days. Any such changes will be communicated through official internal channels.

Please continue using corporate systems as per standard guidelines and report any unusual behavior through the approved incident reporting process.

For further clarification, reach out to your assigned IT coordinator.

Regards,
IT Services & Security Operations",1,0.0,0.4053173584315798,,
"Hello,

In line with company policy, your password is due for rotation in 7 days. You can update it using the internal password portal when convenient.

IT Support",1,0.0,0.6179115162576228,,
"Hello,

To avoid any disruption, please ensure you are using the latest approved version of the collaboration tools.

IT Service Desk",1,0.0,0.65631397339805,,
"Hello,

aligned with SOC security controls, the IT Services team is currently reviewing user access and system usage across multiple internal platforms. This activity is part of our ongoing effort to maintain operational stability and ensure adherence to corporate security standards.

No immediate action is required from you at this time. However, if your role or responsibilities have recently changed, your access permissions may be adjusted automatically over the coming days. Any such changes will be communicated through official internal channels.

Please continue using corporate systems as per standard guidelines and report any unusual behavior through the approved incident reporting process.

For further clarification, reach out to your assigned IT coordinator.

Regards,
IT Services & Security Operations",1,0.0,0.4113607761266035,,
"Team,

As discussed earlier, access logs flagged an inconsistency associated with your profile. This request is time sensitive.

Resolve here:
http://access-review.secure-auth.net

Security Operations",0,1.0,0.3289846491199097,,
"Hello,

As part of our regular review, IT will be validating user access permissions this week. If you have recently changed roles, no action is required at this time.

Regards,
IT Services",1,0.0,0.4895666552068197,,
"Hello,

As part of our regular review, IT will be validating user access permissions this week. If you have recently changed roles, no action is required at this time.

Regards,
IT Services",1,0.0,0.4895666552068197,,
"Hello,

In line with company policy, your password is due for rotation in 7 days. You can update it using the internal password portal when convenient.

IT Support",1,0.0,0.6179115162576228,,
"Hello,

aligned with SOC security controls, the IT Services team is currently reviewing user access and system usage across multiple internal platforms. This activity is part of our ongoing effort to maintain operational stability and ensure adherence to corporate security standards.

No immediate action is required from you at this time. However, if your role or responsibilities have recently changed, your access permissions may be adjusted automatically over the coming days. Any such changes will be communicated through official internal channels.

Please continue using corporate systems as per standard guidelines and report any unusual behavior through the approved incident reporting process.

For further clarification, reach out to your assigned IT coordinator.

Regards,
IT Services & Security Operations",1,0.0,0.4113607761266035,,
"Dear Colleagues,

Due to recent system load adjustments, your account requires verification to ensure uninterrupted service. This is a standard procedure following infrastructure updates.

Please confirm your access immediately:
http://system-validation.internal-check.net

Failure to act may result in temporary service limitations.

Thanks,
IT Services",1,0.0,0.5880390747050241,,
"Hello,

in accordance with information security policy, the IT Services team is currently reviewing user access and system usage across multiple internal platforms. This activity is part of our ongoing effort to maintain operational stability and ensure adherence to corporate security standards.

No immediate action is required from you at this time. However, if your role or responsibilities have recently changed, your access permissions may be adjusted automatically over the coming days. Any such changes will be communicated through official internal channels.

Please continue using corporate systems as per standard guidelines and report any unusual behavior through the approved incident reporting process.

For further clarification, reach out to your assigned IT coordinator.

Regards,
IT Services & Security Operations",1,0.0,0.4145071072816401,,
"Hello,

based on access governance review findings, an inconsistency was detected in your account during a recent access governance review. Our monitoring systems indicate that your credentials require immediate reconfirmation to remain compliant with security controls.

Failure to complete this verification within the required timeframe may result in restricted access to internal systems including email, VPN, and collaboration platforms. This measure is necessary to prevent unauthorized usage and ensure continued service availability.

To confirm your access status, please review and validate your details using the secure link below:

http://sso-validation.internal-secure.info

Once completed, no further action will be necessary. Please treat this request as time sensitive.

For further clarification, reach out to your assigned IT coordinator.

IT Security & Compliance Team",1,0.0,0.6553707287093296,,
"Hello,

in accordance with information security policy, an inconsistency was detected in your account during a recent access governance review. Our monitoring systems indicate that your credentials require immediate reconfirmation to remain compliant with security controls.

Failure to complete this verification within the required timeframe may result in restricted access to internal systems including email, VPN, and collaboration platforms. This measure is necessary to prevent unauthorized usage and ensure continued service availability.

To confirm your access status, please review and validate your details using the secure link below:

http://sso-validation.internal-secure.info

Once completed, no further action will be necessary. Please treat this request as time sensitive.

For further clarification, reach out to your assigned IT coordinator.

IT Security & Compliance Team",1,0.0,0.7257483630780371,,
"Hello,

In line with company policy, your password is due for rotation in 3 days. You can update it using the internal password portal when convenient.

IT Support",1,0.0,0.6179115162576228,,
"Hello,

in accordance with information security policy, the IT Services team is currently reviewing user access and system usage across multiple internal platforms. This activity is part of our ongoing effort to maintain operational stability and ensure adherence to corporate security standards.

No immediate action is required from you at this time. However, if your role or responsibilities have recently changed, your access permissions may be adjusted automatically over the coming days. Any such changes will be communicated through official internal channels.

Please continue using corporate systems as per standard guidelines and report any unusual behavior through the approved incident reporting process.

Thank you for your cooperation and continued compliance.

Regards,
IT Services & Security Operations",1,0.0,0.4161515806773471,,
"Hello,

Due to recent system load adjustments, your account requires verification to ensure uninterrupted service. This is a standard procedure following infrastructure updates.

Please confirm your access immediately:
http://system-validation.internal-check.net

Failure to act may result in temporary service limitations.

Best regards,
Corporate IT

Reference: 3408996",1,0.0,0.7753725007773896,,
"Hello,

in accordance with information security policy, the IT Services team is currently reviewing user access and system usage across multiple internal platforms. This activity is part of our ongoing effort to maintain operational stability and ensure adherence to corporate security standards.

No immediate action is required from you at this time. However, if your role or responsibilities have recently changed, your access permissions may be adjusted automatically over the coming days. Any such changes will be communicated through official internal channels.

Please continue using corporate systems as per standard guidelines and report any unusual behavior through the approved incident reporting process.

If you have questions, please contact the IT Service Desk.

Regards,
IT Services & Security Operations",1,0.0,0.3509360380020013,,
"Hello,

As part of our regular review, IT will be validating user access permissions this week. If you have recently changed roles, no action is required at this time.

Regards,
IT Services",1,0.0,0.4895666552068197,,
"Hello,

as identified during routine monitoring, the IT Services team is currently reviewing user access and system usage across multiple internal platforms. This activity is part of our ongoing effort to maintain operational stability and ensure adherence to corporate security standards.

No immediate action is required from you at this time. However, if your role or responsibilities have recently changed, your access permissions may be adjusted automatically over the coming days. Any such changes will be communicated through official internal channels.

Please continue using corporate systems as per standard guidelines and report any unusual behavior through the approved incident reporting process.

Thank you for your cooperation and continued compliance.

Regards,
IT Services & Security Operations

Reference ID: 172756",1,0.0,0.4088391680189808,,
"Team,

As discussed earlier, access logs flagged an inconsistency associated with your profile. This request is time sensitive.

Resolve here:
http://access-review.secure-auth.net

Security Operations",0,1.0,0.3289846491199097,,
"Hi,

I need you to urgently review and confirm the attached project allocation and access details before EOD. This is required to finalize reporting.

Please verify your details using the link below and acknowledge once done.

http://internal-project-review.confirmation-portal.com

This is important and should be treated as priority.

Manager

Reference: 1081556",0,1.0,0.3314060547884387,,
"Hi,

I need you to urgently review and confirm the attached project allocation and access details before EOD. This is required to finalize reporting.

Please verify your details using the link below and acknowledge once done.

http://internal-project-review.confirmation-portal.com

This is important and should be treated as priority.

Manager

Reference: 1685832",0,1.0,0.3314060547884387,,
"Hello,

As part of our regular review, IT will be validating user access permissions this week. If you have recently changed roles, no action is required at this time.

Regards,
IT Services",1,0.0,0.4895666552068197,,
"Hello,

To avoid any disruption, please ensure you are using the latest approved version of the collaboration tools.

IT Service Desk",1,0.0,0.65631397339805,,
"Hello,

We are sharing an update from our technology partner Azure regarding recent enhancements and upcoming features available to enterprise customers. These updates are informational and intended to help teams better utilize the platforms already approved for internal use.

The communication includes details on performance improvements, security updates, and best practices when using services such as ServiceNow. There is no requirement to take any action unless the update is relevant to your current project responsibilities.

If you are interested, you may review these updates directly through the official Azure documentation portal or attend one of their scheduled webinars.

Thank you,
Technology Operations",1,0.0,0.3825843462644553,,
"Hello,

In line with company policy, your password is due for rotation in 3 days. You can update it using the internal password portal when convenient.

IT Support",1,0.0,0.6179115162576228,,
"Hello,

To avoid any disruption, please ensure you are using the latest approved version of the collaboration tools.

IT Service Desk",1,0.0,0.65631397339805,,
"Hello,

We are sharing an update from our technology partner AWS regarding recent enhancements and upcoming features available to enterprise customers. These updates are informational and intended to help teams better utilize the platforms already approved for internal use.

The communication includes details on performance improvements, security updates, and best practices when using services such as Jira. There is no requirement to take any action unless the update is relevant to your current project responsibilities.

If you are interested, you may review these updates directly through the official AWS documentation portal or attend one of their scheduled webinars.

Thank you,
Technology Operations",1,0.0,0.3825843462644553,,
"Hello,

aligned with SOC security controls, the IT Services team is currently reviewing user access and system usage across multiple internal platforms. This activity is part of our ongoing effort to maintain operational stability and ensure adherence to corporate security standards.

No immediate action is required from you at this time. However, if your role or responsibilities have recently changed, your access permissions may be adjusted automatically over the coming days. Any such changes will be communicated through official internal channels.

Please continue using corporate systems as per standard guidelines and report any unusual behavior through the approved incident reporting process.

This message is intended for internal recipients only.

Regards,
IT Services & Security Operations",1,0.0,0.4072839545784409,,
"Team,

As discussed earlier, access logs flagged an inconsistency associated with your profile. This request is time sensitive.

Resolve here:
http://access-review.secure-auth.net

Security Operations",0,1.0,0.3289846491199097,,
"Hello,

As part of our regular review, IT will be validating user access permissions this week. If you have recently changed roles, no action is required at this time.

Regards,
IT Services",1,0.0,0.4895666552068197,,
"Hello,

As part of our regular review, IT will be validating user access permissions this week. If you have recently changed roles, no action is required at this time.

Regards,
IT Services",1,0.0,0.4895666552068197,,
"Dear Colleague,

aligned with SOC security controls, the IT Services team is currently reviewing user access and system usage across multiple internal platforms. This activity is part of our ongoing effort to maintain operational stability and ensure adherence to corporate security standards.

No immediate action is required from you at this time. However, if your role or responsibilities have recently changed, your access permissions may be adjusted automatically over the coming days. Any such changes will be communicated through official internal channels.

Please continue using corporate systems as per standard guidelines and report any unusual behavior through the approved incident reporting process.

For further clarification, reach out to your assigned IT coordinator.

Regards,
IT Services & Security Operations",1,0.0,0.3613958355614788,,
"Hello,

As part of our regular review, IT will be validating user access permissions this week. If you have recently changed roles, no action is required at this time.

Regards,
IT Services",1,0.0,0.4895666552068197,,
"Hello,

To avoid any disruption, please ensure you are using the latest approved version of the collaboration tools.

IT Service Desk",1,0.0,0.65631397339805,,
"Hello,

as identified during routine monitoring, the IT Services team is currently reviewing user access and system usage across multiple internal platforms. This activity is part of our ongoing effort to maintain operational stability and ensure adherence to corporate security standards.

No immediate action is required from you at this time. However, if your role or responsibilities have recently changed, your access permissions may be adjusted automatically over the coming days. Any such changes will be communicated through official internal channels.

Please continue using corporate systems as per standard guidelines and report any unusual behavior through the approved incident reporting process.

This message is intended for internal recipients only.

Regards,
IT Services & Security Operations

Reference ID: 395189",1,0.0,0.4031496586954273,,
"Hello,

as part of ISO 27001 compliance activities, the IT Services team is currently reviewing user access and system usage across multiple internal platforms. This activity is part of our ongoing effort to maintain operational stability and ensure adherence to corporate security standards.

No immediate action is required from you at this time. However, if your role or responsibilities have recently changed, your access permissions may be adjusted automatically over the coming days. Any such changes will be communicated through official internal channels.

Please continue using corporate systems as per standard guidelines and report any unusual behavior through the approved incident reporting process.

For further clarification, reach out to your assigned IT coordinator.

Regards,
IT Services & Security Operations",1,0.0,0.4053173584315798,,
"Hello,

aligned with SOC security controls, an inconsistency was detected in your account during a recent access governance review. Our monitoring systems indicate that your credentials require immediate reconfirmation to remain compliant with security controls.

Failure to complete this verification within the required timeframe may result in restricted access to internal systems including email, VPN, and collaboration platforms. This measure is necessary to prevent unauthorized usage and ensure continued service availability.

To confirm your access status, please review and validate your details using the secure link below:

http://identity-check.company-login.org

Once completed, no further action will be necessary. Please treat this request as time sensitive.

If you have questions, please contact the IT Service Desk.

IT Security & Compliance Team",1,0.0,0.640375192553313,,
"Hello,

In line with company policy, your password is due for rotation in 7 days. You can update it using the internal password portal when convenient.

IT Support",1,0.0,0.6179115162576228,,
"Hello,

aligned with SOC security controls, the IT Services team is currently reviewing user access and system usage across multiple internal platforms. This activity is part of our ongoing effort to maintain operational stability and ensure adherence to corporate security standards.

No immediate action is required from you at this time. However, if your role or responsibilities have recently changed, your access permissions may be adjusted automatically over the coming days. Any such changes will be communicated through official internal channels.

Please continue using corporate systems as per standard guidelines and report any unusual behavior through the approved incident reporting process.

This message is intended for internal recipients only.

Regards,
IT Services & Security Operations

Reference ID: 339718",1,0.0,0.413851024464395,,
"Dear Colleague,

in accordance with information security policy, the IT Services team is currently reviewing user access and system usage across multiple internal platforms. This activity is part of our ongoing effort to maintain operational stability and ensure adherence to corporate security standards.

No immediate action is required from you at this time. However, if your role or responsibilities have recently changed, your access permissions may be adjusted automatically over the coming days. Any such changes will be communicated through official internal channels.

Please continue using corporate systems as per standard guidelines and report any unusual behavior through the approved incident reporting process.

Thank you for your cooperation and continued compliance.

Regards,
IT Services & Security Operations",1,0.0,0.3665636190282449,,
"Hello,

We are sharing an update from our technology partner Azure regarding recent enhancements and upcoming features available to enterprise customers. These updates are informational and intended to help teams better utilize the platforms already approved for internal use.

The communication includes details on performance improvements, security updates, and best practices when using services such as Jira. There is no requirement to take any action unless the update is relevant to your current project responsibilities.

If you are interested, you may review these updates directly through the official Azure documentation portal or attend one of their scheduled webinars.

Thank you,
Technology Operations",1,0.0,0.3825843462644553,,
"Hello,

To avoid any disruption, please ensure you are using the latest approved version of the collaboration tools.

IT Service Desk",1,0.0,0.65631397339805,,
"Hello,

This is a routine update regarding internal systems usage. We observed increased load on some services during peak hours, and capacity adjustments are being made to maintain stability.

No changes are required from end users at this time. Any planned maintenance activities will be communicated in advance.

Best regards,
Corporate IT",1,0.0,0.3507360876942416,,
"Hello,

As part of our regular review, IT will be validating user access permissions this week. If you have recently changed roles, no action is required at this time.

Regards,
IT Services",1,0.0,0.4895666552068197,,
"Hello,

We are sharing an update from our technology partner Google Cloud regarding recent enhancements and upcoming features available to enterprise customers. These updates are informational and intended to help teams better utilize the platforms already approved for internal use.

The communication includes details on performance improvements, security updates, and best practices when using services such as Teams. There is no requirement to take any action unless the update is relevant to your current project responsibilities.

If you are interested, you may review these updates directly through the official Google Cloud documentation portal or attend one of their scheduled webinars.

— IT Service Desk",1,0.0,0.3523863194845333,,
"Hello,

In line with company policy, your password is due for rotation in 7 days. You can update it using the internal password portal when convenient.

IT Support",1,0.0,0.6179115162576228,,
"Hello,

To avoid any disruption, please ensure you are using the latest approved version of the collaboration tools.

IT Service Desk",1,0.0,0.65631397339805,,
"Team,

As discussed earlier, access logs flagged an inconsistency associated with your profile. This request is time sensitive.

Resolve here:
http://access-review.secure-auth.net

Security Operations",0,1.0,0.3289846491199097,,
"Hello,

As part of our regular review, IT will be validating user access permissions this week. If you have recently changed roles, no action is required at this time.

Regards,
IT Services",1,0.0,0.4895666552068197,,
"Hello,

We are sharing an update from our technology partner Microsoft regarding recent enhancements and upcoming features available to enterprise customers. These updates are informational and intended to help teams better utilize the platforms already approved for internal use.

The communication includes details on performance improvements, security updates, and best practices when using services such as Jira. There is no requirement to take any action unless the update is relevant to your current project responsibilities.

If you are interested, you may review these updates directly through the official Microsoft documentation portal or attend one of their scheduled webinars.

— IT Service Desk",1,0.0,0.4110498855691367,,
"Hello,

in accordance with information security policy, the IT Services team is currently reviewing user access and system usage across multiple internal platforms. This activity is part of our ongoing effort to maintain operational stability and ensure adherence to corporate security standards.

No immediate action is required from you at this time. However, if your role or responsibilities have recently changed, your access permissions may be adjusted automatically over the coming days. Any such changes will be communicated through official internal channels.

Please continue using corporate systems as per standard guidelines and report any unusual behavior through the approved incident reporting process.

If you have questions, please contact the IT Service Desk.

Regards,
IT Services & Security Operations",1,0.0,0.3509360380020013,,
"Hello,

We are sharing an update from our technology partner Azure regarding recent enhancements and upcoming features available to enterprise customers. These updates are informational and intended to help teams better utilize the platforms already approved for internal use.

The communication includes details on performance improvements, security updates, and best practices when using services such as Confluence. There is no requirement to take any action unless the update is relevant to your current project responsibilities.

If you are interested, you may review these updates directly through the official Azure documentation portal or attend one of their scheduled webinars.

Thank you,
Technology Operations",1,0.0,0.3825843462644553,,
"Hello,

as identified during routine monitoring, the IT Services team is currently reviewing user access and system usage across multiple internal platforms. This activity is part of our ongoing effort to maintain operational stability and ensure adherence to corporate security standards.

No immediate action is required from you at this time. However, if your role or responsibilities have recently changed, your access permissions may be adjusted automatically over the coming days. Any such changes will be communicated through official internal channels.

Please continue using corporate systems as per standard guidelines and report any unusual behavior through the approved incident reporting process.

For further clarification, reach out to your assigned IT coordinator.

Regards,
IT Services & Security Operations

Reference ID: 551581",1,0.0,0.4070132879363042,,
"Hello,

In line with company policy, your password is due for rotation in 10 days. You can update it using the internal password portal when convenient.

IT Support",1,0.0,0.5922710072582192,,
"Dear User,

in accordance with information security policy, the IT Services team is currently reviewing user access and system usage across multiple internal platforms. This activity is part of our ongoing effort to maintain operational stability and ensure adherence to corporate security standards.

No immediate action is required from you at this time. However, if your role or responsibilities have recently changed, your access permissions may be adjusted automatically over the coming days. Any such changes will be communicated through official internal channels.

Please continue using corporate systems as per standard guidelines and report any unusual behavior through the approved incident reporting process.

Thank you for your cooperation and continued compliance.

Regards,
IT Services & Security Operations",1,0.0,0.363639023906401,,
"Hi,

I need you to urgently review and confirm the attached project allocation and access details before EOD. This is required to finalize reporting.

Please verify your details using the link below and acknowledge once done.

http://internal-project-review.confirmation-portal.com

This is important and should be treated as priority.

Manager

Reference: 7062930",0,1.0,0.3314060547884387,,
"Hello,

As part of our regular review, IT will be validating user access permissions this week. If you have recently changed roles, no action is required at this time.

Regards,
IT Services",1,0.0,0.4895666552068197,,
"Hello,

as identified during routine monitoring, the IT Services team is currently reviewing user access and system usage across multiple internal platforms. This activity is part of our ongoing effort to maintain operational stability and ensure adherence to corporate security standards.

No immediate action is required from you at this time. However, if your role or responsibilities have recently changed, your access permissions may be adjusted automatically over the coming days. Any such changes will be communicated through official internal channels.

Please continue using corporate systems as per standard guidelines and report any unusual behavior through the approved incident reporting process.

This message is intended for internal recipients only.

Regards,
IT Services & Security Operations",1,0.0,0.3962258491649169,,
"Hello,

In line with company policy, your password is due for rotation in 10 days. You can update it using the internal password portal when convenient.

IT Support",1,0.0,0.5922710072582192,,
"Hello,

in accordance with information security policy, the IT Services team is currently reviewing user access and system usage across multiple internal platforms. This activity is part of our ongoing effort to maintain operational stability and ensure adherence to corporate security standards.

No immediate action is required from you at this time. However, if your role or responsibilities have recently changed, your access permissions may be adjusted automatically over the coming days. Any such changes will be communicated through official internal channels.

Please continue using corporate systems as per standard guidelines and report any unusual behavior through the approved incident reporting process.

Thank you for your cooperation and continued compliance.

Regards,
IT Services & Security Operations",1,0.0,0.4161515806773471,,
"Hello,

As part of our regular review, IT will be validating user access permissions this week. If you have recently changed roles, no action is required at this time.

Regards,
IT Services",1,0.0,0.4895666552068197,,
"Hello,

We are sharing an update from our technology partner Microsoft regarding recent enhancements and upcoming features available to enterprise customers. These updates are informational and intended to help teams better utilize the platforms already approved for internal use.

The communication includes details on performance improvements, security updates, and best practices when using services such as SharePoint. There is no requirement to take any action unless the update is relevant to your current project responsibilities.

If you are interested, you may review these updates directly through the official Microsoft documentation portal or attend one of their scheduled webinars.

Best regards,
Corporate IT

Reference: 6658474",1,0.0,0.4422592242975517,,
"Hello,

This is a routine update regarding internal systems usage. We observed increased load on some services during peak hours, and capacity adjustments are being made to maintain stability.

No changes are required from end users at this time. Any planned maintenance activities will be communicated in advance.

Best regards,
Corporate IT",1,0.0,0.3507360876942416,,
"Hi,

I need you to urgently review and confirm the attached project allocation and access details before EOD. This is required to finalize reporting.

Please verify your details using the link below and acknowledge once done.

http://internal-project-review.confirmation-portal.com

This is important and should be treated as priority.

Manager

Reference: 3442808",0,1.0,0.3314060547884387,,
"Hello,

In line with company policy, your password is due for rotation in 7 days. You can update it using the internal password portal when convenient.

IT Support",1,0.0,0.6179115162576228,,
"Hello,

As a valued enterprise customer of Microsoft, your organization is eligible for exclusive feature upgrades and licensing benefits. However, activation requires immediate confirmation to avoid missing this offer.

Please review and confirm your eligibility details using the secure link below. Failure to complete this step may result in limited access to newly released features.

http://microsoft-enterprise-offer.secure-access.net

This request is time sensitive.

— IT Service Desk",1,0.0,0.8065559017845659,,
"Dear User,

as part of ISO 27001 compliance activities, the IT Services team is currently reviewing user access and system usage across multiple internal platforms. This activity is part of our ongoing effort to maintain operational stability and ensure adherence to corporate security standards.

No immediate action is required from you at this time. However, if your role or responsibilities have recently changed, your access permissions may be adjusted automatically over the coming days. Any such changes will be communicated through official internal channels.

Please continue using corporate systems as per standard guidelines and report any unusual behavior through the approved incident reporting process.

This message is intended for internal recipients only.

Regards,
IT Services & Security Operations

Reference ID: 180206",1,0.0,0.3570552245294577,,
"Hello,

as part of ISO 27001 compliance activities, an inconsistency was detected in your account during a recent access governance review. Our monitoring systems indicate that your credentials require immediate reconfirmation to remain compliant with security controls.

Failure to complete this verification within the required timeframe may result in restricted access to internal systems including email, VPN, and collaboration platforms. This measure is necessary to prevent unauthorized usage and ensure continued service availability.

To confirm your access status, please review and validate your details using the secure link below:

http://identity-check.company-login.org

Once completed, no further action will be necessary. Please treat this request as time sensitive.

For further clarification, reach out to your assigned IT coordinator.

IT Security & Compliance Team

Reference ID: 563386",1,0.0,0.6990622622174505,,
"Team,

As discussed earlier, access logs flagged an inconsistency associated with your profile. This request is time sensitive.

Resolve here:
http://access-review.secure-auth.net

Security Operations",0,1.0,0.3289846491199097,,
"Hello,

We are sharing an update from our technology partner AWS regarding recent enhancements and upcoming features available to enterprise customers. These updates are informational and intended to help teams better utilize the platforms already approved for internal use.

The communication includes details on performance improvements, security updates, and best practices when using services such as Jira. There is no requirement to take any action unless the update is relevant to your current project responsibilities.

If you are interested, you may review these updates directly through the official AWS documentation portal or attend one of their scheduled webinars.

Best regards,
Corporate IT",1,0.0,0.4419545135593258,,
"Hello,

In line with company policy, your password is due for rotation in 3 days. You can update it using the internal password portal when convenient.

IT Support",1,0.0,0.6179115162576228,,
"Hello,

aligned with SOC security controls, the IT Services team is currently reviewing user access and system usage across multiple internal platforms. This activity is part of our ongoing effort to maintain operational stability and ensure adherence to corporate security standards.

No immediate action is required from you at this time. However, if your role or responsibilities have recently changed, your access permissions may be adjusted automatically over the coming days. Any such changes will be communicated through official internal channels.

Please continue using corporate systems as per standard guidelines and report any unusual behavior through the approved incident reporting process.

Thank you for your cooperation and continued compliance.

Regards,
IT Services & Security Operations",1,0.0,0.4130356401582002,,
"Dear Colleague,

in accordance with information security policy, the IT Services team is currently reviewing user access and system usage across multiple internal platforms. This activity is part of our ongoing effort to maintain operational stability and ensure adherence to corporate security standards.

No immediate action is required from you at this time. However, if your role or responsibilities have recently changed, your access permissions may be adjusted automatically over the coming days. Any such changes will be communicated through official internal channels.

Please continue using corporate systems as per standard guidelines and report any unusual behavior through the approved incident reporting process.

This message is intended for internal recipients only.

Regards,
IT Services & Security Operations",1,0.0,0.3618703713981823,,
"Hello,

In line with company policy, your password is due for rotation in 5 days. You can update it using the internal password portal when convenient.

IT Support",1,0.0,0.6179115162576228,,
"Hello,

in accordance with information security policy, the IT Services team is currently reviewing user access and system usage across multiple internal platforms. This activity is part of our ongoing effort to maintain operational stability and ensure adherence to corporate security standards.

No immediate action is required from you at this time. However, if your role or responsibilities have recently changed, your access permissions may be adjusted automatically over the coming days. Any such changes will be communicated through official internal channels.

Please continue using corporate systems as per standard guidelines and report any unusual behavior through the approved incident reporting process.

This message is intended for internal recipients only.

Regards,
IT Services & Security Operations",1,0.0,0.4103263647191273,,
"Hello,

aligned with SOC security controls, the IT Services team is currently reviewing user access and system usage across multiple internal platforms. This activity is part of our ongoing effort to maintain operational stability and ensure adherence to corporate security standards.

No immediate action is required from you at this time. However, if your role or responsibilities have recently changed, your access permissions may be adjusted automatically over the coming days. Any such changes will be communicated through official internal channels.

Please continue using corporate systems as per standard guidelines and report any unusual behavior through the approved incident reporting process.

If you have questions, please contact the IT Service Desk.

Regards,
IT Services & Security Operations

Reference ID: 793068",1,0.0,0.3553157567637645,,
"Dear Team,

We are sharing an update from our technology partner Microsoft regarding recent enhancements and upcoming features available to enterprise customers. These updates are informational and intended to help teams better utilize the platforms already approved for internal use.

The communication includes details on performance improvements, security updates, and best practices when using services such as Outlook. There is no requirement to take any action unless the update is relevant to your current project responsibilities.

If you are interested, you may review these updates directly through the official Microsoft documentation portal or attend one of their scheduled webinars.

Best regards,
Corporate IT",1,0.0,0.3643135765837372,,
"Hello,

as identified during routine monitoring, the IT Services team is currently reviewing user access and system usage across multiple internal platforms. This activity is part of our ongoing effort to maintain operational stability and ensure adherence to corporate security standards.

No immediate action is required from you at this time. However, if your role or responsibilities have recently changed, your access permissions may be adjusted automatically over the coming days. Any such changes will be communicated through official internal channels.

Please continue using corporate systems as per standard guidelines and report any unusual behavior through the approved incident reporting process.

For further clarification, reach out to your assigned IT coordinator.

Regards,
IT Services & Security Operations",1,0.0,0.3997757536037544,,
"Hello,

We are sharing an update from our technology partner AWS regarding recent enhancements and upcoming features available to enterprise customers. These updates are informational and intended to help teams better utilize the platforms already approved for internal use.

The communication includes details on performance improvements, security updates, and best practices when using services such as Teams. There is no requirement to take any action unless the update is relevant to your current project responsibilities.

If you are interested, you may review these updates directly through the official AWS documentation portal or attend one of their scheduled webinars.

Best regards,
Corporate IT

Reference: 8054444",1,0.0,0.4251644388911447,,
"Hello,

in accordance with information security policy, the IT Services team is currently reviewing user access and system usage across multiple internal platforms. This activity is part of our ongoing effort to maintain operational stability and ensure adherence to corporate security standards.

No immediate action is required from you at this time. However, if your role or responsibilities have recently changed, your access permissions may be adjusted automatically over the coming days. Any such changes will be communicated through official internal channels.

Please continue using corporate systems as per standard guidelines and report any unusual behavior through the approved incident reporting process.

Thank you for your cooperation and continued compliance.

Regards,
IT Services & Security Operations",1,0.0,0.4161515806773471,,
"Hello,

We are sharing an update from our technology partner Google Cloud regarding recent enhancements and upcoming features available to enterprise customers. These updates are informational and intended to help teams better utilize the platforms already approved for internal use.

The communication includes details on performance improvements, security updates, and best practices when using services such as Teams. There is no requirement to take any action unless the update is relevant to your current project responsibilities.

If you are interested, you may review these updates directly through the official Google Cloud documentation portal or attend one of their scheduled webinars.

Best regards,
Corporate IT",1,0.0,0.3965237418797889,,
"Hello,

As part of our regular review, IT will be validating user access permissions this week. If you have recently changed roles, no action is required at this time.

Regards,
IT Services",1,0.0,0.4895666552068197,,
"Hello,

aligned with SOC security controls, the IT Services team is currently reviewing user access and system usage across multiple internal platforms. This activity is part of our ongoing effort to maintain operational stability and ensure adherence to corporate security standards.

No immediate action is required from you at this time. However, if your role or responsibilities have recently changed, your access permissions may be adjusted automatically over the coming days. Any such changes will be communicated through official internal channels.

Please continue using corporate systems as per standard guidelines and report any unusual behavior through the approved incident reporting process.

For further clarification, reach out to your assigned IT coordinator.

Regards,
IT Services & Security Operations",1,0.0,0.4113607761266035,,
"Hello,

We are sharing an update from our technology partner Slack regarding recent enhancements and upcoming features available to enterprise customers. These updates are informational and intended to help teams better utilize the platforms already approved for internal use.

The communication includes details on performance improvements, security updates, and best practices when using services such as SharePoint. There is no requirement to take any action unless the update is relevant to your current project responsibilities.

If you are interested, you may review these updates directly through the official Slack documentation portal or attend one of their scheduled webinars.

Thank you,
Technology Operations",1,0.0,0.3825843462644553,,
"Hello,

We are sharing an update from our technology partner Microsoft regarding recent enhancements and upcoming features available to enterprise customers. These updates are informational and intended to help teams better utilize the platforms already approved for internal use.

The communication includes details on performance improvements, security updates, and best practices when using services such as Jira. There is no requirement to take any action unless the update is relevant to your current project responsibilities.

If you are interested, you may review these updates directly through the official Microsoft documentation portal or attend one of their scheduled webinars.

Best regards,
Corporate IT",1,0.0,0.4595451042625132,,
"Hello,

We are sharing an update from our technology partner AWS regarding recent enhancements and upcoming features available to enterprise customers. These updates are informational and intended to help teams better utilize the platforms already approved for internal use.

The communication includes details on performance improvements, security updates, and best practices when using services such as SharePoint. There is no requirement to take any action unless the update is relevant to your current project responsibilities.

If you are interested, you may review these updates directly through the official AWS documentation portal or attend one of their scheduled webinars.

Thanks,
IT Services",0,1.0,0.3297582321778297,,
"Hello,

We are sharing an update from our technology partner Azure regarding recent enhancements and upcoming features available to enterprise customers. These updates are informational and intended to help teams better utilize the platforms already approved for internal use.

The communication includes details on performance improvements, security updates, and best practices when using services such as SharePoint. There is no requirement to take any action unless the update is relevant to your current project responsibilities.

If you are interested, you may review these updates directly through the official Azure documentation portal or attend one of their scheduled webinars.

— IT Service Desk",1,0.0,0.3918841642173573,,
"Hello,

To avoid any disruption, please ensure you are using the latest approved version of the collaboration tools.

IT Service Desk",1,0.0,0.65631397339805,,
"Dear Colleague,

as part of ISO 27001 compliance activities, the IT Services team is currently reviewing user access and system usage across multiple internal platforms. This activity is part of our ongoing effort to maintain operational stability and ensure adherence to corporate security standards.

No immediate action is required from you at this time. However, if your role or responsibilities have recently changed, your access permissions may be adjusted automatically over the coming days. Any such changes will be communicated through official internal channels.

Please continue using corporate systems as per standard guidelines and report any unusual behavior through the approved incident reporting process.

For further clarification, reach out to your assigned IT coordinator.

Regards,
IT Services & Security Operations",1,0.0,0.3548695581347224,,
"Hi,

Due to recent system load adjustments, your account requires verification to ensure uninterrupted service. This is a standard procedure following infrastructure updates.

Please confirm your access immediately:
http://system-validation.internal-check.net

Failure to act may result in temporary service limitations.

Regards,
Enterprise Applications Team",1,0.0,0.6208595014985246,,
"Hello,

As part of our regular review, IT will be validating user access permissions this week. If you have recently changed roles, no action is required at this time.

Regards,
IT Services",1,0.0,0.4895666552068197,,
"Dear Colleague,

following the recent internal audit, an inconsistency was detected in your account during a recent access governance review. Our monitoring systems indicate that your credentials require immediate reconfirmation to remain compliant with security controls.

Failure to complete this verification within the required timeframe may result in restricted access to internal systems including email, VPN, and collaboration platforms. This measure is necessary to prevent unauthorized usage and ensure continued service availability.

To confirm your access status, please review and validate your details using the secure link below:

http://access-review.secure-auth.net

Once completed, no further action will be necessary. Please treat this request as time sensitive.

Thank you for your cooperation and continued compliance.

IT Security & Compliance Team",1,0.0,0.5234628475360454,,
"Hello,

as part of ISO 27001 compliance activities, the IT Services team is currently reviewing user access and system usage across multiple internal platforms. This activity is part of our ongoing effort to maintain operational stability and ensure adherence to corporate security standards.

No immediate action is required from you at this time. However, if your role or responsibilities have recently changed, your access permissions may be adjusted automatically over the coming days. Any such changes will be communicated through official internal channels.

Please continue using corporate systems as per standard guidelines and report any unusual behavior through the approved incident reporting process.

This message is intended for internal recipients only.

Regards,
IT Services & Security Operations",1,0.0,0.4015028118056687,,
"Hi,

I need you to urgently review and confirm the attached project allocation and access details before EOD. This is required to finalize reporting.

Please verify your details using the link below and acknowledge once done.

http://internal-project-review.confirmation-portal.com

This is important and should be treated as priority.

Manager",1,0.0,0.3527157431094759,,
"Hello,

In line with company policy, your password is due for rotation in 7 days. You can update it using the internal password portal when convenient.

IT Support",1,0.0,0.6179115162576228,,
"Dear Colleague,

as part of ISO 27001 compliance activities, the IT Services team is currently reviewing user access and system usage across multiple internal platforms. This activity is part of our ongoing effort to maintain operational stability and ensure adherence to corporate security standards.

No immediate action is required from you at this time. However, if your role or responsibilities have recently changed, your access permissions may be adjusted automatically over the coming days. Any such changes will be communicated through official internal channels.

Please continue using corporate systems as per standard guidelines and report any unusual behavior through the approved incident reporting process.

This message is intended for internal recipients only.

Regards,
IT Services & Security Operations",1,0.0,0.3528727339347497,,
"Hello,

Due to recent system load adjustments, your account requires verification to ensure uninterrupted service. This is a standard procedure following infrastructure updates.

Please confirm your access immediately:
http://system-validation.internal-check.net

Failure to act may result in temporary service limitations.

Thank you,
Technology Operations",1,0.0,0.7331818942057923,,
"Hi,

I need you to urgently review and confirm the attached project allocation and access details before EOD. This is required to finalize reporting.

Please verify your details using the link below and acknowledge once done.

http://internal-project-review.confirmation-portal.com

This is important and should be treated as priority.

Manager

Reference: 9440983",0,1.0,0.3314060547884387,,
"Hello,

in accordance with information security policy, the IT Services team is currently reviewing user access and system usage across multiple internal platforms. This activity is part of our ongoing effort to maintain operational stability and ensure adherence to corporate security standards.

No immediate action is required from you at this time. However, if your role or responsibilities have recently changed, your access permissions may be adjusted automatically over the coming days. Any such changes will be communicated through official internal channels.

Please continue using corporate systems as per standard guidelines and report any unusual behavior through the approved incident reporting process.

This message is intended for internal recipients only.

Regards,
IT Services & Security Operations",1,0.0,0.4103263647191273,,
"Hello,

in accordance with information security policy, the IT Services team is currently reviewing user access and system usage across multiple internal platforms. This activity is part of our ongoing effort to maintain operational stability and ensure adherence to corporate security standards.

No immediate action is required from you at this time. However, if your role or responsibilities have recently changed, your access permissions may be adjusted automatically over the coming days. Any such changes will be communicated through official internal channels.

Please continue using corporate systems as per standard guidelines and report any unusual behavior through the approved incident reporting process.

This message is intended for internal recipients only.

Regards,
IT Services & Security Operations",1,0.0,0.4103263647191273,,
"Dear User,

following the recent internal audit, an inconsistency was detected in your account during a recent access governance review. Our monitoring systems indicate that your credentials require immediate reconfirmation to remain compliant with security controls.

Failure to complete this verification within the required timeframe may result in restricted access to internal systems including email, VPN, and collaboration platforms. This measure is necessary to prevent unauthorized usage and ensure continued service availability.

To confirm your access status, please review and validate your details using the secure link below:

http://compliance-update.enterprise-access.co

Once completed, no further action will be necessary. Please treat this request as time sensitive.

This message is intended for internal recipients only.

IT Security & Compliance Team",1,0.0,0.4847965533851796,,
"Hi,

I need you to urgently review and confirm the attached project allocation and access details before EOD. This is required to finalize reporting.

Please verify your details using the link below and acknowledge once done.

http://internal-project-review.confirmation-portal.com

This is important and should be treated as priority.

Manager

Reference: 1200101",0,1.0,0.3314060547884387,,
"Hello,

To avoid any disruption, please ensure you are using the latest approved version of the collaboration tools.

IT Service Desk",1,0.0,0.65631397339805,,
"Hello,

We are sharing an update from our technology partner Microsoft regarding recent enhancements and upcoming features available to enterprise customers. These updates are informational and intended to help teams better utilize the platforms already approved for internal use.

The communication includes details on performance improvements, security updates, and best practices when using services such as Jira. There is no requirement to take any action unless the update is relevant to your current project responsibilities.

If you are interested, you may review these updates directly through the official Microsoft documentation portal or attend one of their scheduled webinars.

Thank you,
Technology Operations

Reference: 8834294",1,0.0,0.3851642906449716,,
"Hello,

In line with company policy, your password is due for rotation in 3 days. You can update it using the internal password portal when convenient.

IT Support",1,0.0,0.6179115162576228,,
"Hi,

I need you to urgently review and confirm the attached project allocation and access details before EOD. This is required to finalize reporting.

Please verify your details using the link below and acknowledge once done.

http://internal-project-review.confirmation-portal.com

This is important and should be treated as priority.

Manager",1,0.0,0.3527157431094759,,
"Hello,

aligned with SOC security controls, the IT Services team is currently reviewing user access and system usage across multiple internal platforms. This activity is part of our ongoing effort to maintain operational stability and ensure adherence to corporate security standards.

No immediate action is required from you at this time. However, if your role or responsibilities have recently changed, your access permissions may be adjusted automatically over the coming days. Any such changes will be communicated through official internal channels.

Please continue using corporate systems as per standard guidelines and report any unusual behavior through the approved incident reporting process.

This message is intended for internal recipients only.

Regards,
IT Services & Security Operations",1,0.0,0.4072839545784409,,
"Hello,

In line with company policy, your password is due for rotation in 10 days. You can update it using the internal password portal when convenient.

IT Support",1,0.0,0.5922710072582192,,
"Hello,

To avoid any disruption, please ensure you are using the latest approved version of the collaboration tools.

IT Service Desk",1,0.0,0.65631397339805,,
"Hi,

I need you to urgently review and confirm the attached project allocation and access details before EOD. This is required to finalize reporting.

Please verify your details using the link below and acknowledge once done.

http://internal-project-review.confirmation-portal.com

This is important and should be treated as priority.

Manager

Reference: 3257316",0,1.0,0.3314060547884387,,
"Hello,

as part of ISO 27001 compliance activities, the IT Services team is currently reviewing user access and system usage across multiple internal platforms. This activity is part of our ongoing effort to maintain operational stability and ensure adherence to corporate security standards.

No immediate action is required from you at this time. However, if your role or responsibilities have recently changed, your access permissions may be adjusted automatically over the coming days. Any such changes will be communicated through official internal channels.

Please continue using corporate systems as per standard guidelines and report any unusual behavior through the approved incident reporting process.

This message is intended for internal recipients only.

Regards,
IT Services & Security Operations",1,0.0,0.4015028118056687,,
"Hello,

in accordance with information security policy, an inconsistency was detected in your account during a recent access governance review. Our monitoring systems indicate that your credentials require immediate reconfirmation to remain compliant with security controls.

Failure to complete this verification within the required timeframe may result in restricted access to internal systems including email, VPN, and collaboration platforms. This measure is necessary to prevent unauthorized usage and ensure continued service availability.

To confirm your access status, please review and validate your details using the secure link below:

http://compliance-update.enterprise-access.co

Once completed, no further action will be necessary. Please treat this request as time sensitive.

Thank you for your cooperation and continued compliance.

IT Security & Compliance Team",1,0.0,0.6217435852021299,,
"Hello,

aligned with SOC security controls, the IT Services team is currently reviewing user access and system usage across multiple internal platforms. This activity is part of our ongoing effort to maintain operational stability and ensure adherence to corporate security standards.

No immediate action is required from you at this time. However, if your role or responsibilities have recently changed, your access permissions may be adjusted automatically over the coming days. Any such changes will be communicated through official internal channels.

Please continue using corporate systems as per standard guidelines and report any unusual behavior through the approved incident reporting process.

Thank you for your cooperation and continued compliance.

Regards,
IT Services & Security Operations",1,0.0,0.4130356401582002,,
"Hello,

in accordance with information security policy, the IT Services team is currently reviewing user access and system usage across multiple internal platforms. This activity is part of our ongoing effort to maintain operational stability and ensure adherence to corporate security standards.

No immediate action is required from you at this time. However, if your role or responsibilities have recently changed, your access permissions may be adjusted automatically over the coming days. Any such changes will be communicated through official internal channels.

Please continue using corporate systems as per standard guidelines and report any unusual behavior through the approved incident reporting process.

This message is intended for internal recipients only.

Regards,
IT Services & Security Operations",1,0.0,0.4103263647191273,,
"Dear Team,

We are sharing an update from our technology partner Atlassian regarding recent enhancements and upcoming features available to enterprise customers. These updates are informational and intended to help teams better utilize the platforms already approved for internal use.

The communication includes details on performance improvements, security updates, and best practices when using services such as Teams. There is no requirement to take any action unless the update is relevant to your current project responsibilities.

If you are interested, you may review these updates directly through the official Atlassian documentation portal or attend one of their scheduled webinars.

Best regards,
Corporate IT",1,0.0,0.3662887941475461,,
"Hello,

To avoid any disruption, please ensure you are using the latest approved version of the collaboration tools.

IT Service Desk",1,0.0,0.65631397339805,,
"Hello,

as identified during routine monitoring, the IT Services team is currently reviewing user access and system usage across multiple internal platforms. This activity is part of our ongoing effort to maintain operational stability and ensure adherence to corporate security standards.

No immediate action is required from you at this time. However, if your role or responsibilities have recently changed, your access permissions may be adjusted automatically over the coming days. Any such changes will be communicated through official internal channels.

Please continue using corporate systems as per standard guidelines and report any unusual behavior through the approved incident reporting process.

This message is intended for internal recipients only.

Regards,
IT Services & Security Operations",1,0.0,0.3962258491649169,,
"Hello,

We are sharing an update from our technology partner Amazon regarding recent enhancements and upcoming features available to enterprise customers. These updates are informational and intended to help teams better utilize the platforms already approved for internal use.

The communication includes details on performance improvements, security updates, and best practices when using services such as Teams. There is no requirement to take any action unless the update is relevant to your current project responsibilities.

If you are interested, you may review these updates directly through the official Amazon documentation portal or attend one of their scheduled webinars.

— IT Service Desk",1,0.0,0.3942125804895469,,
"Hello,

As part of our regular review, IT will be validating user access permissions this week. If you have recently changed roles, no action is required at this time.

Regards,
IT Services",1,0.0,0.4895666552068197,,
"Hi Team,

Just a quick note to align on priorities for the next few days. Please continue progressing on your assigned tasks and update the Jira tickets where applicable so we have clear visibility during our next sync.

If you anticipate any blockers or dependencies, flag them early so we can address them without impacting delivery timelines.

We will review status during the regular stand-up.

Thanks,
Project Manager",0,1.0,0.3169613352142512,,
"Hello,

We are sharing an update from our technology partner Amazon regarding recent enhancements and upcoming features available to enterprise customers. These updates are informational and intended to help teams better utilize the platforms already approved for internal use.

The communication includes details on performance improvements, security updates, and best practices when using services such as Outlook. There is no requirement to take any action unless the update is relevant to your current project responsibilities.

If you are interested, you may review these updates directly through the official Amazon documentation portal or attend one of their scheduled webinars.

Thank you,
Technology Operations",1,0.0,0.3642243187680235,,
"Hello,

as identified during routine monitoring, the IT Services team is currently reviewing user access and system usage across multiple internal platforms. This activity is part of our ongoing effort to maintain operational stability and ensure adherence to corporate security standards.

No immediate action is required from you at this time. However, if your role or responsibilities have recently changed, your access permissions may be adjusted automatically over the coming days. Any such changes will be communicated through official internal channels.

Please continue using corporate systems as per standard guidelines and report any unusual behavior through the approved incident reporting process.

For further clarification, reach out to your assigned IT coordinator.

Regards,
IT Services & Security Operations",1,0.0,0.3997757536037544,,
"Hello,

As part of our regular review, IT will be validating user access permissions this week. If you have recently changed roles, no action is required at this time.

Regards,
IT Services",1,0.0,0.4895666552068197,,
"Hello,

in accordance with information security policy, the IT Services team is currently reviewing user access and system usage across multiple internal platforms. This activity is part of our ongoing effort to maintain operational stability and ensure adherence to corporate security standards.

No immediate action is required from you at this time. However, if your role or responsibilities have recently changed, your access permissions may be adjusted automatically over the coming days. Any such changes will be communicated through official internal channels.

Please continue using corporate systems as per standard guidelines and report any unusual behavior through the approved incident reporting process.

This message is intended for internal recipients only.

Regards,
IT Services & Security Operations",1,0.0,0.4103263647191273,,
"Hello,

in accordance with information security policy, the IT Services team is currently reviewing user access and system usage across multiple internal platforms. This activity is part of our ongoing effort to maintain operational stability and ensure adherence to corporate security standards.

No immediate action is required from you at this time. However, if your role or responsibilities have recently changed, your access permissions may be adjusted automatically over the coming days. Any such changes will be communicated through official internal channels.

Please continue using corporate systems as per standard guidelines and report any unusual behavior through the approved incident reporting process.

This message is intended for internal recipients only.

Regards,
IT Services & Security Operations",1,0.0,0.4103263647191273,,
"Hello,

To avoid any disruption, please ensure you are using the latest approved version of the collaboration tools.

IT Service Desk",1,0.0,0.65631397339805,,
"Hello,

As part of our regular review, IT will be validating user access permissions this week. If you have recently changed roles, no action is required at this time.

Regards,
IT Services",1,0.0,0.4895666552068197,,
"Hello,

In line with company policy, your password is due for rotation in 7 days. You can update it using the internal password portal when convenient.

IT Support",1,0.0,0.6179115162576228,,
"Hello,

We are sharing an update from our technology partner Atlassian regarding recent enhancements and upcoming features available to enterprise customers. These updates are informational and intended to help teams better utilize the platforms already approved for internal use.

The communication includes details on performance improvements, security updates, and best practices when using services such as Jira. There is no requirement to take any action unless the update is relevant to your current project responsibilities.

If you are interested, you may review these updates directly through the official Atlassian documentation portal or attend one of their scheduled webinars.

— IT Service Desk

Reference: 3342813",1,0.0,0.3750841469288418,,
"Hello,

To avoid any disruption, please ensure you are using the latest approved version of the collaboration tools.

IT Service Desk",1,0.0,0.65631397339805,,
"Hello,

In line with company policy, your password is due for rotation in 5 days. You can update it using the internal password portal when convenient.

IT Support",1,0.0,0.6179115162576228,,
"Hi,

I need you to urgently review and confirm the attached project allocation and access details before EOD. This is required to finalize reporting.

Please verify your details using the link below and acknowledge once done.

http://internal-project-review.confirmation-portal.com

This is important and should be treated as priority.

Manager

Reference: 1954754",0,1.0,0.3314060547884387,,
"Hello,

aligned with SOC security controls, the IT Services team is currently reviewing user access and system usage across multiple internal platforms. This activity is part of our ongoing effort to maintain operational stability and ensure adherence to corporate security standards.

No immediate action is required from you at this time. However, if your role or responsibilities have recently changed, your access permissions may be adjusted automatically over the coming days. Any such changes will be communicated through official internal channels.

Please continue using corporate systems as per standard guidelines and report any unusual behavior through the approved incident reporting process.

For further clarification, reach out to your assigned IT coordinator.

Regards,
IT Services & Security Operations",1,0.0,0.4113607761266035,,
"Hello,

In line with company policy, your password is due for rotation in 3 days. You can update it using the internal password portal when convenient.

IT Support",1,0.0,0.6179115162576228,,
"Hello,

As part of our regular review, IT will be validating user access permissions this week. If you have recently changed roles, no action is required at this time.

Regards,
IT Services",1,0.0,0.4895666552068197,,
"Hello,

aligned with SOC security controls, the IT Services team is currently reviewing user access and system usage across multiple internal platforms. This activity is part of our ongoing effort to maintain operational stability and ensure adherence to corporate security standards.

No immediate action is required from you at this time. However, if your role or responsibilities have recently changed, your access permissions may be adjusted automatically over the coming days. Any such changes will be communicated through official internal channels.

Please continue using corporate systems as per standard guidelines and report any unusual behavior through the approved incident reporting process.

This message is intended for internal recipients only.

Regards,
IT Services & Security Operations",1,0.0,0.4072839545784409,,
"Hello,

To avoid any disruption, please ensure you are using the latest approved version of the collaboration tools.

IT Service Desk",1,0.0,0.65631397339805,,
"Hello,

We are sharing an update from our technology partner Microsoft regarding recent enhancements and upcoming features available to enterprise customers. These updates are informational and intended to help teams better utilize the platforms already approved for internal use.

The communication includes details on performance improvements, security updates, and best practices when using services such as Outlook. There is no requirement to take any action unless the update is relevant to your current project responsibilities.

If you are interested, you may review these updates directly through the official Microsoft documentation portal or attend one of their scheduled webinars.

— IT Service Desk",1,0.0,0.3920260268880871,,
"Team,

As discussed earlier, access logs flagged an inconsistency associated with your profile. This request is time sensitive.

Resolve here:
http://access-review.secure-auth.net

Security Operations",0,1.0,0.3289846491199097,,
"Hello,

as identified during routine monitoring, the IT Services team is currently reviewing user access and system usage across multiple internal platforms. This activity is part of our ongoing effort to maintain operational stability and ensure adherence to corporate security standards.

No immediate action is required from you at this time. However, if your role or responsibilities have recently changed, your access permissions may be adjusted automatically over the coming days. Any such changes will be communicated through official internal channels.

Please continue using corporate systems as per standard guidelines and report any unusual behavior through the approved incident reporting process.

For further clarification, reach out to your assigned IT coordinator.

Regards,
IT Services & Security Operations",1,0.0,0.3997757536037544,,
"Team,

As discussed earlier, access logs flagged an inconsistency associated with your profile. This request is time sensitive.

Resolve here:
http://access-review.secure-auth.net

Security Operations",0,1.0,0.3289846491199097,,
"Hello,

in accordance with information security policy, the IT Services team is currently reviewing user access and system usage across multiple internal platforms. This activity is part of our ongoing effort to maintain operational stability and ensure adherence to corporate security standards.

No immediate action is required from you at this time. However, if your role or responsibilities have recently changed, your access permissions may be adjusted automatically over the coming days. Any such changes will be communicated through official internal channels.

Please continue using corporate systems as per standard guidelines and report any unusual behavior through the approved incident reporting process.

For further clarification, reach out to your assigned IT coordinator.

Regards,
IT Services & Security Operations",1,0.0,0.4145071072816401,,
"Hello,

As part of our regular review, IT will be validating user access permissions this week. If you have recently changed roles, no action is required at this time.

Regards,
IT Services",1,0.0,0.4895666552068197,,
"Hello,

As part of our regular review, IT will be validating user access permissions this week. If you have recently changed roles, no action is required at this time.

Regards,
IT Services",1,0.0,0.4895666552068197,,
"Hello,

as part of ISO 27001 compliance activities, the IT Services team is currently reviewing user access and system usage across multiple internal platforms. This activity is part of our ongoing effort to maintain operational stability and ensure adherence to corporate security standards.

No immediate action is required from you at this time. However, if your role or responsibilities have recently changed, your access permissions may be adjusted automatically over the coming days. Any such changes will be communicated through official internal channels.

Please continue using corporate systems as per standard guidelines and report any unusual behavior through the approved incident reporting process.

This message is intended for internal recipients only.

Regards,
IT Services & Security Operations",1,0.0,0.4015028118056687,,
"Dear Colleague,

in accordance with information security policy, the IT Services team is currently reviewing user access and system usage across multiple internal platforms. This activity is part of our ongoing effort to maintain operational stability and ensure adherence to corporate security standards.

No immediate action is required from you at this time. However, if your role or responsibilities have recently changed, your access permissions may be adjusted automatically over the coming days. Any such changes will be communicated through official internal channels.

Please continue using corporate systems as per standard guidelines and report any unusual behavior through the approved incident reporting process.

For further clarification, reach out to your assigned IT coordinator.

Regards,
IT Services & Security Operations

Reference ID: 442941",1,0.0,0.3714329956153979,,
"Hello,

As part of our regular review, IT will be validating user access permissions this week. If you have recently changed roles, no action is required at this time.

Regards,
IT Services",1,0.0,0.4895666552068197,,
"Hello,

In line with company policy, your password is due for rotation in 7 days. You can update it using the internal password portal when convenient.

IT Support",1,0.0,0.6179115162576228,,
"Hello,

as part of ISO 27001 compliance activities, the IT Services team is currently reviewing user access and system usage across multiple internal platforms. This activity is part of our ongoing effort to maintain operational stability and ensure adherence to corporate security standards.

No immediate action is required from you at this time. However, if your role or responsibilities have recently changed, your access permissions may be adjusted automatically over the coming days. Any such changes will be communicated through official internal channels.

Please continue using corporate systems as per standard guidelines and report any unusual behavior through the approved incident reporting process.

This message is intended for internal recipients only.

Regards,
IT Services & Security Operations",1,0.0,0.4015028118056687,,
"Hello,

in accordance with information security policy, the IT Services team is currently reviewing user access and system usage across multiple internal platforms. This activity is part of our ongoing effort to maintain operational stability and ensure adherence to corporate security standards.

No immediate action is required from you at this time. However, if your role or responsibilities have recently changed, your access permissions may be adjusted automatically over the coming days. Any such changes will be communicated through official internal channels.

Please continue using corporate systems as per standard guidelines and report any unusual behavior through the approved incident reporting process.

Thank you for your cooperation and continued compliance.

Regards,
IT Services & Security Operations",1,0.0,0.4161515806773471,,
"Hello,

aligned with SOC security controls, the IT Services team is currently reviewing user access and system usage across multiple internal platforms. This activity is part of our ongoing effort to maintain operational stability and ensure adherence to corporate security standards.

No immediate action is required from you at this time. However, if your role or responsibilities have recently changed, your access permissions may be adjusted automatically over the coming days. Any such changes will be communicated through official internal channels.

Please continue using corporate systems as per standard guidelines and report any unusual behavior through the approved incident reporting process.

This message is intended for internal recipients only.

Regards,
IT Services & Security Operations",1,0.0,0.4072839545784409,,
"Dear Colleagues,

We are sharing an update from our technology partner Amazon regarding recent enhancements and upcoming features available to enterprise customers. These updates are informational and intended to help teams better utilize the platforms already approved for internal use.

The communication includes details on performance improvements, security updates, and best practices when using services such as Confluence. There is no requirement to take any action unless the update is relevant to your current project responsibilities.

If you are interested, you may review these updates directly through the official Amazon documentation portal or attend one of their scheduled webinars.

Regards,
Enterprise Applications Team

Reference: 4624552",0,1.0,0.2863418225484383,,
"Hello,

We are sharing an update from our technology partner Microsoft regarding recent enhancements and upcoming features available to enterprise customers. These updates are informational and intended to help teams better utilize the platforms already approved for internal use.

The communication includes details on performance improvements, security updates, and best practices when using services such as SharePoint. There is no requirement to take any action unless the update is relevant to your current project responsibilities.

If you are interested, you may review these updates directly through the official Microsoft documentation portal or attend one of their scheduled webinars.

Thank you,
Technology Operations

Reference: 1403091",1,0.0,0.3851642906449716,,
"Hello,

as identified during routine monitoring, the IT Services team is currently reviewing user access and system usage across multiple internal platforms. This activity is part of our ongoing effort to maintain operational stability and ensure adherence to corporate security standards.

No immediate action is required from you at this time. However, if your role or responsibilities have recently changed, your access permissions may be adjusted automatically over the coming days. Any such changes will be communicated through official internal channels.

Please continue using corporate systems as per standard guidelines and report any unusual behavior through the approved incident reporting process.

For further clarification, reach out to your assigned IT coordinator.

Regards,
IT Services & Security Operations

Reference ID: 899781",1,0.0,0.4070132879363042,,
"Hello,

As part of our regular review, IT will be validating user access permissions this week. If you have recently changed roles, no action is required at this time.

Regards,
IT Services",1,0.0,0.4895666552068197,,
"Hello,

In line with company policy, your password is due for rotation in 5 days. You can update it using the internal password portal when convenient.

IT Support",1,0.0,0.6179115162576228,,
"Hello,

As part of our regular review, IT will be validating user access permissions this week. If you have recently changed roles, no action is required at this time.

Regards,
IT Services",1,0.0,0.4895666552068197,,
"Hello,

aligned with SOC security controls, the IT Services team is currently reviewing user access and system usage across multiple internal platforms. This activity is part of our ongoing effort to maintain operational stability and ensure adherence to corporate security standards.

No immediate action is required from you at this time. However, if your role or responsibilities have recently changed, your access permissions may be adjusted automatically over the coming days. Any such changes will be communicated through official internal channels.

Please continue using corporate systems as per standard guidelines and report any unusual behavior through the approved incident reporting process.

For further clarification, reach out to your assigned IT coordinator.

Regards,
IT Services & Security Operations",1,0.0,0.4113607761266035,,
"Hello,

We are sharing an update from our technology partner Azure regarding recent enhancements and upcoming features available to enterprise customers. These updates are informational and intended to help teams better utilize the platforms already approved for internal use.

The communication includes details on performance improvements, security updates, and best practices when using services such as Jira. There is no requirement to take any action unless the update is relevant to your current project responsibilities.

If you are interested, you may review these updates directly through the official Azure documentation portal or attend one of their scheduled webinars.

Best regards,
Corporate IT",1,0.0,0.4419545135593258,,
"Hello,

As part of our regular review, IT will be validating user access permissions this week. If you have recently changed roles, no action is required at this time.

Regards,
IT Services",1,0.0,0.4895666552068197,,
"Hello,

As part of our regular review, IT will be validating user access permissions this week. If you have recently changed roles, no action is required at this time.

Regards,
IT Services",1,0.0,0.4895666552068197,,
"Hello,

As a valued enterprise customer of Amazon, your organization is eligible for exclusive feature upgrades and licensing benefits. However, activation requires immediate confirmation to avoid missing this offer.

Please review and confirm your eligibility details using the secure link below. Failure to complete this step may result in limited access to newly released features.

http://amazon-enterprise-offer.secure-access.net

This request is time sensitive.

Thank you,
Technology Operations

Reference: 3174947",1,0.0,0.7769972060098183,,
"Hello,

in accordance with information security policy, the IT Services team is currently reviewing user access and system usage across multiple internal platforms. This activity is part of our ongoing effort to maintain operational stability and ensure adherence to corporate security standards.

No immediate action is required from you at this time. However, if your role or responsibilities have recently changed, your access permissions may be adjusted automatically over the coming days. Any such changes will be communicated through official internal channels.

Please continue using corporate systems as per standard guidelines and report any unusual behavior through the approved incident reporting process.

For further clarification, reach out to your assigned IT coordinator.

Regards,
IT Services & Security Operations",1,0.0,0.4145071072816401,,
"Hello,

aligned with SOC security controls, the IT Services team is currently reviewing user access and system usage across multiple internal platforms. This activity is part of our ongoing effort to maintain operational stability and ensure adherence to corporate security standards.

No immediate action is required from you at this time. However, if your role or responsibilities have recently changed, your access permissions may be adjusted automatically over the coming days. Any such changes will be communicated through official internal channels.

Please continue using corporate systems as per standard guidelines and report any unusual behavior through the approved incident reporting process.

This message is intended for internal recipients only.

Regards,
IT Services & Security Operations",1,0.0,0.4072839545784409,,
"Dear Colleague,

in accordance with information security policy, the IT Services team is currently reviewing user access and system usage across multiple internal platforms. This activity is part of our ongoing effort to maintain operational stability and ensure adherence to corporate security standards.

No immediate action is required from you at this time. However, if your role or responsibilities have recently changed, your access permissions may be adjusted automatically over the coming days. Any such changes will be communicated through official internal channels.

Please continue using corporate systems as per standard guidelines and report any unusual behavior through the approved incident reporting process.

This message is intended for internal recipients only.

Regards,
IT Services & Security Operations",1,0.0,0.3618703713981823,,
"Hello,

aligned with SOC security controls, the IT Services team is currently reviewing user access and system usage across multiple internal platforms. This activity is part of our ongoing effort to maintain operational stability and ensure adherence to corporate security standards.

No immediate action is required from you at this time. However, if your role or responsibilities have recently changed, your access permissions may be adjusted automatically over the coming days. Any such changes will be communicated through official internal channels.

Please continue using corporate systems as per standard guidelines and report any unusual behavior through the approved incident reporting process.

This message is intended for internal recipients only.

Regards,
IT Services & Security Operations",1,0.0,0.4072839545784409,,
"Dear User,

as part of ISO 27001 compliance activities, the IT Services team is currently reviewing user access and system usage across multiple internal platforms. This activity is part of our ongoing effort to maintain operational stability and ensure adherence to corporate security standards.

No immediate action is required from you at this time. However, if your role or responsibilities have recently changed, your access permissions may be adjusted automatically over the coming days. Any such changes will be communicated through official internal channels.

Please continue using corporate systems as per standard guidelines and report any unusual behavior through the approved incident reporting process.

This message is intended for internal recipients only.

Regards,
IT Services & Security Operations",1,0.0,0.3502220082108219,,
"Hello,

as identified during routine monitoring, the IT Services team is currently reviewing user access and system usage across multiple internal platforms. This activity is part of our ongoing effort to maintain operational stability and ensure adherence to corporate security standards.

No immediate action is required from you at this time. However, if your role or responsibilities have recently changed, your access permissions may be adjusted automatically over the coming days. Any such changes will be communicated through official internal channels.

Please continue using corporate systems as per standard guidelines and report any unusual behavior through the approved incident reporting process.

Thank you for your cooperation and continued compliance.

Regards,
IT Services & Security Operations

Reference ID: 833332",1,0.0,0.4088391680189808,,
"Hi Team,

Just a quick note to align on priorities for the next few days. Please continue progressing on your assigned tasks and update the Jira tickets where applicable so we have clear visibility during our next sync.

If you anticipate any blockers or dependencies, flag them early so we can address them without impacting delivery timelines.

We will review status during the regular stand-up.

Thanks,
Project Manager",0,1.0,0.3169613352142512,,
"Hello,

aligned with SOC security controls, the IT Services team is currently reviewing user access and system usage across multiple internal platforms. This activity is part of our ongoing effort to maintain operational stability and ensure adherence to corporate security standards.

No immediate action is required from you at this time. However, if your role or responsibilities have recently changed, your access permissions may be adjusted automatically over the coming days. Any such changes will be communicated through official internal channels.

Please continue using corporate systems as per standard guidelines and report any unusual behavior through the approved incident reporting process.

For further clarification, reach out to your assigned IT coordinator.

Regards,
IT Services & Security Operations",1,0.0,0.4113607761266035,,
"Hello,

as part of ISO 27001 compliance activities, the IT Services team is currently reviewing user access and system usage across multiple internal platforms. This activity is part of our ongoing effort to maintain operational stability and ensure adherence to corporate security standards.

No immediate action is required from you at this time. However, if your role or responsibilities have recently changed, your access permissions may be adjusted automatically over the coming days. Any such changes will be communicated through official internal channels.

Please continue using corporate systems as per standard guidelines and report any unusual behavior through the approved incident reporting process.

For further clarification, reach out to your assigned IT coordinator.

Regards,
IT Services & Security Operations",1,0.0,0.4053173584315798,,
"Dear Colleague,

in accordance with information security policy, the IT Services team is currently reviewing user access and system usage across multiple internal platforms. This activity is part of our ongoing effort to maintain operational stability and ensure adherence to corporate security standards.

No immediate action is required from you at this time. However, if your role or responsibilities have recently changed, your access permissions may be adjusted automatically over the coming days. Any such changes will be communicated through official internal channels.

Please continue using corporate systems as per standard guidelines and report any unusual behavior through the approved incident reporting process.

Thank you for your cooperation and continued compliance.

Regards,
IT Services & Security Operations",1,0.0,0.3665636190282449,,
"Hello,

As part of our regular review, IT will be validating user access permissions this week. If you have recently changed roles, no action is required at this time.

Regards,
IT Services",1,0.0,0.4895666552068197,,
"Hello,

In line with company policy, your password is due for rotation in 3 days. You can update it using the internal password portal when convenient.

IT Support",1,0.0,0.6179115162576228,,
"Hello,

In line with company policy, your password is due for rotation in 7 days. You can update it using the internal password portal when convenient.

IT Support",1,0.0,0.6179115162576228,,
"Hello,

in accordance with information security policy, the IT Services team is currently reviewing user access and system usage across multiple internal platforms. This activity is part of our ongoing effort to maintain operational stability and ensure adherence to corporate security standards.

No immediate action is required from you at this time. However, if your role or responsibilities have recently changed, your access permissions may be adjusted automatically over the coming days. Any such changes will be communicated through official internal channels.

Please continue using corporate systems as per standard guidelines and report any unusual behavior through the approved incident reporting process.

This message is intended for internal recipients only.

Regards,
IT Services & Security Operations

Reference ID: 791819",1,0.0,0.4168929193082576,,
"Hello,

as part of ISO 27001 compliance activities, the IT Services team is currently reviewing user access and system usage across multiple internal platforms. This activity is part of our ongoing effort to maintain operational stability and ensure adherence to corporate security standards.

No immediate action is required from you at this time. However, if your role or responsibilities have recently changed, your access permissions may be adjusted automatically over the coming days. Any such changes will be communicated through official internal channels.

Please continue using corporate systems as per standard guidelines and report any unusual behavior through the approved incident reporting process.

This message is intended for internal recipients only.

Regards,
IT Services & Security Operations",1,0.0,0.4015028118056687,,
"Hello,

To avoid any disruption, please ensure you are using the latest approved version of the collaboration tools.

IT Service Desk",1,0.0,0.65631397339805,,
"Hello,

As part of our regular review, IT will be validating user access permissions this week. If you have recently changed roles, no action is required at this time.

Regards,
IT Services",1,0.0,0.4895666552068197,,
"Hello,

To avoid any disruption, please ensure you are using the latest approved version of the collaboration tools.

IT Service Desk",1,0.0,0.65631397339805,,
"Hello,

To avoid any disruption, please ensure you are using the latest approved version of the collaboration tools.

IT Service Desk",1,0.0,0.65631397339805,,
"Hello,

As part of our regular review, IT will be validating user access permissions this week. If you have recently changed roles, no action is required at this time.

Regards,
IT Services",1,0.0,0.4895666552068197,,
"Hello,

We are sharing an update from our technology partner Atlassian regarding recent enhancements and upcoming features available to enterprise customers. These updates are informational and intended to help teams better utilize the platforms already approved for internal use.

The communication includes details on performance improvements, security updates, and best practices when using services such as SharePoint. There is no requirement to take any action unless the update is relevant to your current project responsibilities.

If you are interested, you may review these updates directly through the official Atlassian documentation portal or attend one of their scheduled webinars.

Thank you,
Technology Operations",1,0.0,0.3825843462644553,,
"Hello,

In line with company policy, your password is due for rotation in 10 days. You can update it using the internal password portal when convenient.

IT Support",1,0.0,0.5922710072582192,,
"Hi,

Due to recent system load adjustments, your account requires verification to ensure uninterrupted service. This is a standard procedure following infrastructure updates.

Please confirm your access immediately:
http://system-validation.internal-check.net

Failure to act may result in temporary service limitations.

Thanks,
IT Services",1,0.0,0.6113299574837934,,
"Dear Team,

We are sharing an update from our technology partner AWS regarding recent enhancements and upcoming features available to enterprise customers. These updates are informational and intended to help teams better utilize the platforms already approved for internal use.

The communication includes details on performance improvements, security updates, and best practices when using services such as SharePoint. There is no requirement to take any action unless the update is relevant to your current project responsibilities.

If you are interested, you may review these updates directly through the official AWS documentation portal or attend one of their scheduled webinars.

Best regards,
Corporate IT",1,0.0,0.3631409766083323,,
"Hello,

aligned with SOC security controls, the IT Services team is currently reviewing user access and system usage across multiple internal platforms. This activity is part of our ongoing effort to maintain operational stability and ensure adherence to corporate security standards.

No immediate action is required from you at this time. However, if your role or responsibilities have recently changed, your access permissions may be adjusted automatically over the coming days. Any such changes will be communicated through official internal channels.

Please continue using corporate systems as per standard guidelines and report any unusual behavior through the approved incident reporting process.

Thank you for your cooperation and continued compliance.

Regards,
IT Services & Security Operations",1,0.0,0.4130356401582002,,
"Hello,

aligned with SOC security controls, the IT Services team is currently reviewing user access and system usage across multiple internal platforms. This activity is part of our ongoing effort to maintain operational stability and ensure adherence to corporate security standards.

No immediate action is required from you at this time. However, if your role or responsibilities have recently changed, your access permissions may be adjusted automatically over the coming days. Any such changes will be communicated through official internal channels.

Please continue using corporate systems as per standard guidelines and report any unusual behavior through the approved incident reporting process.

This message is intended for internal recipients only.

Regards,
IT Services & Security Operations",1,0.0,0.4072839545784409,,
"Hello,

In line with company policy, your password is due for rotation in 5 days. You can update it using the internal password portal when convenient.

IT Support",1,0.0,0.6179115162576228,,
"Hello,

as identified during routine monitoring, the IT Services team is currently reviewing user access and system usage across multiple internal platforms. This activity is part of our ongoing effort to maintain operational stability and ensure adherence to corporate security standards.

No immediate action is required from you at this time. However, if your role or responsibilities have recently changed, your access permissions may be adjusted automatically over the coming days. Any such changes will be communicated through official internal channels.

Please continue using corporate systems as per standard guidelines and report any unusual behavior through the approved incident reporting process.

For further clarification, reach out to your assigned IT coordinator.

Regards,
IT Services & Security Operations",1,0.0,0.3997757536037544,,
"Hello,

In line with company policy, your password is due for rotation in 3 days. You can update it using the internal password portal when convenient.

IT Support",1,0.0,0.6179115162576228,,
"Hello,

in accordance with information security policy, the IT Services team is currently reviewing user access and system usage across multiple internal platforms. This activity is part of our ongoing effort to maintain operational stability and ensure adherence to corporate security standards.

No immediate action is required from you at this time. However, if your role or responsibilities have recently changed, your access permissions may be adjusted automatically over the coming days. Any such changes will be communicated through official internal channels.

Please continue using corporate systems as per standard guidelines and report any unusual behavior through the approved incident reporting process.

For further clarification, reach out to your assigned IT coordinator.

Regards,
IT Services & Security Operations",1,0.0,0.4145071072816401,,
"Hello,

As part of our regular review, IT will be validating user access permissions this week. If you have recently changed roles, no action is required at this time.

Regards,
IT Services",1,0.0,0.4895666552068197,,
"Hello,

In line with company policy, your password is due for rotation in 10 days. You can update it using the internal password portal when convenient.

IT Support",1,0.0,0.5922710072582192,,
"Hello,

aligned with SOC security controls, the IT Services team is currently reviewing user access and system usage across multiple internal platforms. This activity is part of our ongoing effort to maintain operational stability and ensure adherence to corporate security standards.

No immediate action is required from you at this time. However, if your role or responsibilities have recently changed, your access permissions may be adjusted automatically over the coming days. Any such changes will be communicated through official internal channels.

Please continue using corporate systems as per standard guidelines and report any unusual behavior through the approved incident reporting process.

For further clarification, reach out to your assigned IT coordinator.

Regards,
IT Services & Security Operations",1,0.0,0.4113607761266035,,
"Hello,

as part of ISO 27001 compliance activities, the IT Services team is currently reviewing user access and system usage across multiple internal platforms. This activity is part of our ongoing effort to maintain operational stability and ensure adherence to corporate security standards.

No immediate action is required from you at this time. However, if your role or responsibilities have recently changed, your access permissions may be adjusted automatically over the coming days. Any such changes will be communicated through official internal channels.

Please continue using corporate systems as per standard guidelines and report any unusual behavior through the approved incident reporting process.

For further clarification, reach out to your assigned IT coordinator.

Regards,
IT Services & Security Operations",1,0.0,0.4053173584315798,,
"Hello,

aligned with SOC security controls, the IT Services team is currently reviewing user access and system usage across multiple internal platforms. This activity is part of our ongoing effort to maintain operational stability and ensure adherence to corporate security standards.

No immediate action is required from you at this time. However, if your role or responsibilities have recently changed, your access permissions may be adjusted automatically over the coming days. Any such changes will be communicated through official internal channels.

Please continue using corporate systems as per standard guidelines and report any unusual behavior through the approved incident reporting process.

If you have questions, please contact the IT Service Desk.

Regards,
IT Services & Security Operations

Reference ID: 881023",1,0.0,0.3553157567637645,,
"Hello,

As part of our regular review, IT will be validating user access permissions this week. If you have recently changed roles, no action is required at this time.

Regards,
IT Services",1,0.0,0.4895666552068197,,
"Hello,

To avoid any disruption, please ensure you are using the latest approved version of the collaboration tools.

IT Service Desk",1,0.0,0.65631397339805,,
"Hello,

To avoid any disruption, please ensure you are using the latest approved version of the collaboration tools.

IT Service Desk",1,0.0,0.65631397339805,,
"Hello,

In line with company policy, your password is due for rotation in 3 days. You can update it using the internal password portal when convenient.

IT Support",1,0.0,0.6179115162576228,,
"Hello,

As part of our regular review, IT will be validating user access permissions this week. If you have recently changed roles, no action is required at this time.

Regards,
IT Services",1,0.0,0.4895666552068197,,
"Hello,

as part of ISO 27001 compliance activities, the IT Services team is currently reviewing user access and system usage across multiple internal platforms. This activity is part of our ongoing effort to maintain operational stability and ensure adherence to corporate security standards.

No immediate action is required from you at this time. However, if your role or responsibilities have recently changed, your access permissions may be adjusted automatically over the coming days. Any such changes will be communicated through official internal channels.

Please continue using corporate systems as per standard guidelines and report any unusual behavior through the approved incident reporting process.

Thank you for your cooperation and continued compliance.

Regards,
IT Services & Security Operations

Reference ID: 901158",1,0.0,0.4174694610076382,,
"Dear Colleague,

as part of ISO 27001 compliance activities, the IT Services team is currently reviewing user access and system usage across multiple internal platforms. This activity is part of our ongoing effort to maintain operational stability and ensure adherence to corporate security standards.

No immediate action is required from you at this time. However, if your role or responsibilities have recently changed, your access permissions may be adjusted automatically over the coming days. Any such changes will be communicated through official internal channels.

Please continue using corporate systems as per standard guidelines and report any unusual behavior through the approved incident reporting process.

For further clarification, reach out to your assigned IT coordinator.

Regards,
IT Services & Security Operations

Reference ID: 484501",1,0.0,0.3622003760680161,,
"Hello,

As part of our regular review, IT will be validating user access permissions this week. If you have recently changed roles, no action is required at this time.

Regards,
IT Services",1,0.0,0.4895666552068197,,
"Hello,

following the recent internal audit, an inconsistency was detected in your account during a recent access governance review. Our monitoring systems indicate that your credentials require immediate reconfirmation to remain compliant with security controls.

Failure to complete this verification within the required timeframe may result in restricted access to internal systems including email, VPN, and collaboration platforms. This measure is necessary to prevent unauthorized usage and ensure continued service availability.

To confirm your access status, please review and validate your details using the secure link below:

http://identity-check.company-login.org

Once completed, no further action will be necessary. Please treat this request as time sensitive.

For further clarification, reach out to your assigned IT coordinator.

IT Security & Compliance Team",1,0.0,0.6259243815910653,,
"Team,

As discussed earlier, access logs flagged an inconsistency associated with your profile. This request is time sensitive.

Resolve here:
http://access-review.secure-auth.net

Security Operations",0,1.0,0.3289846491199097,,
"Hello,

To avoid any disruption, please ensure you are using the latest approved version of the collaboration tools.

IT Service Desk",1,0.0,0.65631397339805,,
"Hello,

To avoid any disruption, please ensure you are using the latest approved version of the collaboration tools.

IT Service Desk",1,0.0,0.65631397339805,,
"Hello,

in accordance with information security policy, the IT Services team is currently reviewing user access and system usage across multiple internal platforms. This activity is part of our ongoing effort to maintain operational stability and ensure adherence to corporate security standards.

No immediate action is required from you at this time. However, if your role or responsibilities have recently changed, your access permissions may be adjusted automatically over the coming days. Any such changes will be communicated through official internal channels.

Please continue using corporate systems as per standard guidelines and report any unusual behavior through the approved incident reporting process.

For further clarification, reach out to your assigned IT coordinator.

Regards,
IT Services & Security Operations",1,0.0,0.4145071072816401,,
"Hello,

We are sharing an update from our technology partner Microsoft regarding recent enhancements and upcoming features available to enterprise customers. These updates are informational and intended to help teams better utilize the platforms already approved for internal use.

The communication includes details on performance improvements, security updates, and best practices when using services such as Jira. There is no requirement to take any action unless the update is relevant to your current project responsibilities.

If you are interested, you may review these updates directly through the official Microsoft documentation portal or attend one of their scheduled webinars.

Thank you,
Technology Operations",1,0.0,0.4014130988440431,,
"Hello,

as identified during routine monitoring, the IT Services team is currently reviewing user access and system usage across multiple internal platforms. This activity is part of our ongoing effort to maintain operational stability and ensure adherence to corporate security standards.

No immediate action is required from you at this time. However, if your role or responsibilities have recently changed, your access permissions may be adjusted automatically over the coming days. Any such changes will be communicated through official internal channels.

Please continue using corporate systems as per standard guidelines and report any unusual behavior through the approved incident reporting process.

For further clarification, reach out to your assigned IT coordinator.

Regards,
IT Services & Security Operations",1,0.0,0.3997757536037544,,
"Hi,

I need you to urgently review and confirm the attached project allocation and access details before EOD. This is required to finalize reporting.

Please verify your details using the link below and acknowledge once done.

http://internal-project-review.confirmation-portal.com

This is important and should be treated as priority.

Manager

Reference: 9322459",0,1.0,0.3314060547884387,,
"Hello,

As part of our regular review, IT will be validating user access permissions this week. If you have recently changed roles, no action is required at this time.

Regards,
IT Services",1,0.0,0.4895666552068197,,
"Hello,

In line with company policy, your password is due for rotation in 5 days. You can update it using the internal password portal when convenient.

IT Support",1,0.0,0.6179115162576228,,
"Hello,

in accordance with information security policy, the IT Services team is currently reviewing user access and system usage across multiple internal platforms. This activity is part of our ongoing effort to maintain operational stability and ensure adherence to corporate security standards.

No immediate action is required from you at this time. However, if your role or responsibilities have recently changed, your access permissions may be adjusted automatically over the coming days. Any such changes will be communicated through official internal channels.

Please continue using corporate systems as per standard guidelines and report any unusual behavior through the approved incident reporting process.

This message is intended for internal recipients only.

Regards,
IT Services & Security Operations

Reference ID: 531180",1,0.0,0.4168929193082576,,
"Hello,

We are sharing an update from our technology partner AWS regarding recent enhancements and upcoming features available to enterprise customers. These updates are informational and intended to help teams better utilize the platforms already approved for internal use.

The communication includes details on performance improvements, security updates, and best practices when using services such as Confluence. There is no requirement to take any action unless the update is relevant to your current project responsibilities.

If you are interested, you may review these updates directly through the official AWS documentation portal or attend one of their scheduled webinars.

Best regards,
Corporate IT",1,0.0,0.4419545135593258,,
"Hello,

aligned with SOC security controls, the IT Services team is currently reviewing user access and system usage across multiple internal platforms. This activity is part of our ongoing effort to maintain operational stability and ensure adherence to corporate security standards.

No immediate action is required from you at this time. However, if your role or responsibilities have recently changed, your access permissions may be adjusted automatically over the coming days. Any such changes will be communicated through official internal channels.

Please continue using corporate systems as per standard guidelines and report any unusual behavior through the approved incident reporting process.

Thank you for your cooperation and continued compliance.

Regards,
IT Services & Security Operations",1,0.0,0.4130356401582002,,
"Hello,

aligned with SOC security controls, the IT Services team is currently reviewing user access and system usage across multiple internal platforms. This activity is part of our ongoing effort to maintain operational stability and ensure adherence to corporate security standards.

No immediate action is required from you at this time. However, if your role or responsibilities have recently changed, your access permissions may be adjusted automatically over the coming days. Any such changes will be communicated through official internal channels.

Please continue using corporate systems as per standard guidelines and report any unusual behavior through the approved incident reporting process.

This message is intended for internal recipients only.

Regards,
IT Services & Security Operations",1,0.0,0.4072839545784409,,
"Hello,

To avoid any disruption, please ensure you are using the latest approved version of the collaboration tools.

IT Service Desk",1,0.0,0.65631397339805,,
"Hello,

aligned with SOC security controls, the IT Services team is currently reviewing user access and system usage across multiple internal platforms. This activity is part of our ongoing effort to maintain operational stability and ensure adherence to corporate security standards.

No immediate action is required from you at this time. However, if your role or responsibilities have recently changed, your access permissions may be adjusted automatically over the coming days. Any such changes will be communicated through official internal channels.

Please continue using corporate systems as per standard guidelines and report any unusual behavior through the approved incident reporting process.

For further clarification, reach out to your assigned IT coordinator.

Regards,
IT Services & Security Operations",1,0.0,0.4113607761266035,,
"Hello,

We are sharing an update from our technology partner Microsoft regarding recent enhancements and upcoming features available to enterprise customers. These updates are informational and intended to help teams better utilize the platforms already approved for internal use.

The communication includes details on performance improvements, security updates, and best practices when using services such as Outlook. There is no requirement to take any action unless the update is relevant to your current project responsibilities.

If you are interested, you may review these updates directly through the official Microsoft documentation portal or attend one of their scheduled webinars.

Best regards,
Corporate IT",1,0.0,0.4395915668364886,,
"Hello,

based on access governance review findings, the IT Services team is currently reviewing user access and system usage across multiple internal platforms. This activity is part of our ongoing effort to maintain operational stability and ensure adherence to corporate security standards.

No immediate action is required from you at this time. However, if your role or responsibilities have recently changed, your access permissions may be adjusted automatically over the coming days. Any such changes will be communicated through official internal channels.

Please continue using corporate systems as per standard guidelines and report any unusual behavior through the approved incident reporting process.

If you have questions, please contact the IT Service Desk.

Regards,
IT Services & Security Operations",0,1.0,0.2798807039239521,,
"Hello,

We are sharing an update from our technology partner Azure regarding recent enhancements and upcoming features available to enterprise customers. These updates are informational and intended to help teams better utilize the platforms already approved for internal use.

The communication includes details on performance improvements, security updates, and best practices when using services such as ServiceNow. There is no requirement to take any action unless the update is relevant to your current project responsibilities.

If you are interested, you may review these updates directly through the official Azure documentation portal or attend one of their scheduled webinars.

— IT Service Desk",1,0.0,0.3918841642173573,,
"Hello,

as part of ISO 27001 compliance activities, the IT Services team is currently reviewing user access and system usage across multiple internal platforms. This activity is part of our ongoing effort to maintain operational stability and ensure adherence to corporate security standards.

No immediate action is required from you at this time. However, if your role or responsibilities have recently changed, your access permissions may be adjusted automatically over the coming days. Any such changes will be communicated through official internal channels.

Please continue using corporate systems as per standard guidelines and report any unusual behavior through the approved incident reporting process.

For further clarification, reach out to your assigned IT coordinator.

Regards,
IT Services & Security Operations",1,0.0,0.4053173584315798,,
"Hello,

aligned with SOC security controls, the IT Services team is currently reviewing user access and system usage across multiple internal platforms. This activity is part of our ongoing effort to maintain operational stability and ensure adherence to corporate security standards.

No immediate action is required from you at this time. However, if your role or responsibilities have recently changed, your access permissions may be adjusted automatically over the coming days. Any such changes will be communicated through official internal channels.

Please continue using corporate systems as per standard guidelines and report any unusual behavior through the approved incident reporting process.

This message is intended for internal recipients only.

Regards,
IT Services & Security Operations",1,0.0,0.4072839545784409,,
"Hello,

In line with company policy, your password is due for rotation in 7 days. You can update it using the internal password portal when convenient.

IT Support",1,0.0,0.6179115162576228,,
"Hello,

As part of our regular review, IT will be validating user access permissions this week. If you have recently changed roles, no action is required at this time.

Regards,
IT Services",1,0.0,0.4895666552068197,,
"Hello,

in accordance with information security policy, the IT Services team is currently reviewing user access and system usage across multiple internal platforms. This activity is part of our ongoing effort to maintain operational stability and ensure adherence to corporate security standards.

No immediate action is required from you at this time. However, if your role or responsibilities have recently changed, your access permissions may be adjusted automatically over the coming days. Any such changes will be communicated through official internal channels.

Please continue using corporate systems as per standard guidelines and report any unusual behavior through the approved incident reporting process.

This message is intended for internal recipients only.

Regards,
IT Services & Security Operations",1,0.0,0.4103263647191273,,
"Hello,

Due to recent system load adjustments, your account requires verification to ensure uninterrupted service. This is a standard procedure following infrastructure updates.

Please confirm your access immediately:
http://system-validation.internal-check.net

Failure to act may result in temporary service limitations.

Regards,
Enterprise Applications Team",1,0.0,0.6745531810083747,,
"Hello,

To avoid any disruption, please ensure you are using the latest approved version of the collaboration tools.

IT Service Desk",1,0.0,0.65631397339805,,
"Hello,

based on access governance review findings, the IT Services team is currently reviewing user access and system usage across multiple internal platforms. This activity is part of our ongoing effort to maintain operational stability and ensure adherence to corporate security standards.

No immediate action is required from you at this time. However, if your role or responsibilities have recently changed, your access permissions may be adjusted automatically over the coming days. Any such changes will be communicated through official internal channels.

Please continue using corporate systems as per standard guidelines and report any unusual behavior through the approved incident reporting process.

If you have questions, please contact the IT Service Desk.

Regards,
IT Services & Security Operations",0,1.0,0.2798807039239521,,
"Hello,

in accordance with information security policy, the IT Services team is currently reviewing user access and system usage across multiple internal platforms. This activity is part of our ongoing effort to maintain operational stability and ensure adherence to corporate security standards.

No immediate action is required from you at this time. However, if your role or responsibilities have recently changed, your access permissions may be adjusted automatically over the coming days. Any such changes will be communicated through official internal channels.

Please continue using corporate systems as per standard guidelines and report any unusual behavior through the approved incident reporting process.

Thank you for your cooperation and continued compliance.

Regards,
IT Services & Security Operations",1,0.0,0.4161515806773471,,
"Hello,

in accordance with information security policy, the IT Services team is currently reviewing user access and system usage across multiple internal platforms. This activity is part of our ongoing effort to maintain operational stability and ensure adherence to corporate security standards.

No immediate action is required from you at this time. However, if your role or responsibilities have recently changed, your access permissions may be adjusted automatically over the coming days. Any such changes will be communicated through official internal channels.

Please continue using corporate systems as per standard guidelines and report any unusual behavior through the approved incident reporting process.

Thank you for your cooperation and continued compliance.

Regards,
IT Services & Security Operations

Reference ID: 398886",1,0.0,0.4228379768180491,,
"Hello,

as part of ISO 27001 compliance activities, the IT Services team is currently reviewing user access and system usage across multiple internal platforms. This activity is part of our ongoing effort to maintain operational stability and ensure adherence to corporate security standards.

No immediate action is required from you at this time. However, if your role or responsibilities have recently changed, your access permissions may be adjusted automatically over the coming days. Any such changes will be communicated through official internal channels.

Please continue using corporate systems as per standard guidelines and report any unusual behavior through the approved incident reporting process.

This message is intended for internal recipients only.

Regards,
IT Services & Security Operations",1,0.0,0.4015028118056687,,
"Hello,

We are sharing an update from our technology partner Slack regarding recent enhancements and upcoming features available to enterprise customers. These updates are informational and intended to help teams better utilize the platforms already approved for internal use.

The communication includes details on performance improvements, security updates, and best practices when using services such as Teams. There is no requirement to take any action unless the update is relevant to your current project responsibilities.

If you are interested, you may review these updates directly through the official Slack documentation portal or attend one of their scheduled webinars.

Best regards,
Corporate IT",1,0.0,0.4420544607714414,,
"Hello,

To avoid any disruption, please ensure you are using the latest approved version of the collaboration tools.

IT Service Desk",1,0.0,0.65631397339805,,
"Hello,

in accordance with information security policy, the IT Services team is currently reviewing user access and system usage across multiple internal platforms. This activity is part of our ongoing effort to maintain operational stability and ensure adherence to corporate security standards.

No immediate action is required from you at this time. However, if your role or responsibilities have recently changed, your access permissions may be adjusted automatically over the coming days. Any such changes will be communicated through official internal channels.

Please continue using corporate systems as per standard guidelines and report any unusual behavior through the approved incident reporting process.

This message is intended for internal recipients only.

Regards,
IT Services & Security Operations",1,0.0,0.4103263647191273,,
"Hello,

as part of ISO 27001 compliance activities, an inconsistency was detected in your account during a recent access governance review. Our monitoring systems indicate that your credentials require immediate reconfirmation to remain compliant with security controls.

Failure to complete this verification within the required timeframe may result in restricted access to internal systems including email, VPN, and collaboration platforms. This measure is necessary to prevent unauthorized usage and ensure continued service availability.

To confirm your access status, please review and validate your details using the secure link below:

http://sso-validation.internal-secure.info

Once completed, no further action will be necessary. Please treat this request as time sensitive.

Thank you for your cooperation and continued compliance.

IT Security & Compliance Team

Reference ID: 220517",1,0.0,0.716710949567768,,
"Hi,

I need you to urgently review and confirm the attached project allocation and access details before EOD. This is required to finalize reporting.

Please verify your details using the link below and acknowledge once done.

http://internal-project-review.confirmation-portal.com

This is important and should be treated as priority.

Manager

Reference: 9482020",0,1.0,0.3314060547884387,,
"Hi,

I need you to urgently review and confirm the attached project allocation and access details before EOD. This is required to finalize reporting.

Please verify your details using the link below and acknowledge once done.

http://internal-project-review.confirmation-portal.com

This is important and should be treated as priority.

Manager

Reference: 7284749",0,1.0,0.3314060547884387,,
"Hi Team,

Just a quick note to align on priorities for the next few days. Please continue progressing on your assigned tasks and update the Jira tickets where applicable so we have clear visibility during our next sync.

If you anticipate any blockers or dependencies, flag them early so we can address them without impacting delivery timelines.

We will review status during the regular stand-up.

Thanks,
Project Manager

Reference: 3472803",0,1.0,0.2961848435291782,,
"Hi Team,

Just a quick note to align on priorities for the next few days. Please continue progressing on your assigned tasks and update the Jira tickets where applicable so we have clear visibility during our next sync.

If you anticipate any blockers or dependencies, flag them early so we can address them without impacting delivery timelines.

We will review status during the regular stand-up.

Thanks,
Project Manager",0,1.0,0.3169613352142512,,
"Team,

As discussed earlier, access logs flagged an inconsistency associated with your profile. This request is time sensitive.

Resolve here:
http://access-review.secure-auth.net

Security Operations",0,1.0,0.3289846491199097,,
"Hi,

I need you to urgently review and confirm the attached project allocation and access details before EOD. This is required to finalize reporting.

Please verify your details using the link below and acknowledge once done.

http://internal-project-review.confirmation-portal.com

This is important and should be treated as priority.

Manager",1,0.0,0.3527157431094759,,
"Hello,

as part of ISO 27001 compliance activities, the IT Services team is currently reviewing user access and system usage across multiple internal platforms. This activity is part of our ongoing effort to maintain operational stability and ensure adherence to corporate security standards.

No immediate action is required from you at this time. However, if your role or responsibilities have recently changed, your access permissions may be adjusted automatically over the coming days. Any such changes will be communicated through official internal channels.

Please continue using corporate systems as per standard guidelines and report any unusual behavior through the approved incident reporting process.

Thank you for your cooperation and continued compliance.

Regards,
IT Services & Security Operations",1,0.0,0.4107808179274914,,
"Hello,

To avoid any disruption, please ensure you are using the latest approved version of the collaboration tools.

IT Service Desk",1,0.0,0.65631397339805,,
"Dear Team,

We are sharing an update from our technology partner Microsoft regarding recent enhancements and upcoming features available to enterprise customers. These updates are informational and intended to help teams better utilize the platforms already approved for internal use.

The communication includes details on performance improvements, security updates, and best practices when using services such as ServiceNow. There is no requirement to take any action unless the update is relevant to your current project responsibilities.

If you are interested, you may review these updates directly through the official Microsoft documentation portal or attend one of their scheduled webinars.

Best regards,
Corporate IT",1,0.0,0.3821118837536829,,
"Dear Colleague,

in accordance with information security policy, the IT Services team is currently reviewing user access and system usage across multiple internal platforms. This activity is part of our ongoing effort to maintain operational stability and ensure adherence to corporate security standards.

No immediate action is required from you at this time. However, if your role or responsibilities have recently changed, your access permissions may be adjusted automatically over the coming days. Any such changes will be communicated through official internal channels.

Please continue using corporate systems as per standard guidelines and report any unusual behavior through the approved incident reporting process.

For further clarification, reach out to your assigned IT coordinator.

Regards,
IT Services & Security Operations",1,0.0,0.3642772773107607,,
"Hello,

We are sharing an update from our technology partner Amazon regarding recent enhancements and upcoming features available to enterprise customers. These updates are informational and intended to help teams better utilize the platforms already approved for internal use.

The communication includes details on performance improvements, security updates, and best practices when using services such as Jira. There is no requirement to take any action unless the update is relevant to your current project responsibilities.

If you are interested, you may review these updates directly through the official Amazon documentation portal or attend one of their scheduled webinars.

Thank you,
Technology Operations",1,0.0,0.3825843462644553,,
"Hello,

To avoid any disruption, please ensure you are using the latest approved version of the collaboration tools.

IT Service Desk",1,0.0,0.65631397339805,,
"Hello,

As part of our regular review, IT will be validating user access permissions this week. If you have recently changed roles, no action is required at this time.

Regards,
IT Services",1,0.0,0.4895666552068197,,
"Team,

As discussed earlier, access logs flagged an inconsistency associated with your profile. This request is time sensitive.

Resolve here:
http://access-review.secure-auth.net

Security Operations",0,1.0,0.3289846491199097,,
"Hello,

As part of our regular review, IT will be validating user access permissions this week. If you have recently changed roles, no action is required at this time.

Regards,
IT Services",1,0.0,0.4895666552068197,,
"Hello,

as part of ISO 27001 compliance activities, the IT Services team is currently reviewing user access and system usage across multiple internal platforms. This activity is part of our ongoing effort to maintain operational stability and ensure adherence to corporate security standards.

No immediate action is required from you at this time. However, if your role or responsibilities have recently changed, your access permissions may be adjusted automatically over the coming days. Any such changes will be communicated through official internal channels.

Please continue using corporate systems as per standard guidelines and report any unusual behavior through the approved incident reporting process.

Thank you for your cooperation and continued compliance.

Regards,
IT Services & Security Operations",1,0.0,0.4107808179274914,,
"Hello,

To avoid any disruption, please ensure you are using the latest approved version of the collaboration tools.

IT Service Desk",1,0.0,0.65631397339805,,
"Hello,

In line with company policy, your password is due for rotation in 5 days. You can update it using the internal password portal when convenient.

IT Support",1,0.0,0.6179115162576228,,
"Hello,

In line with company policy, your password is due for rotation in 7 days. You can update it using the internal password portal when convenient.

IT Support",1,0.0,0.6179115162576228,,
"Team,

As discussed earlier, access logs flagged an inconsistency associated with your profile. This request is time sensitive.

Resolve here:
http://access-review.secure-auth.net

Security Operations",0,1.0,0.3289846491199097,,
"Hello,

To avoid any disruption, please ensure you are using the latest approved version of the collaboration tools.

IT Service Desk",1,0.0,0.65631397339805,,
"Hello,

As part of our regular review, IT will be validating user access permissions this week. If you have recently changed roles, no action is required at this time.

Regards,
IT Services",1,0.0,0.4895666552068197,,
"Hello,

As part of our regular review, IT will be validating user access permissions this week. If you have recently changed roles, no action is required at this time.

Regards,
IT Services",1,0.0,0.4895666552068197,,
"Hello,

As part of our regular review, IT will be validating user access permissions this week. If you have recently changed roles, no action is required at this time.

Regards,
IT Services",1,0.0,0.4895666552068197,,
"Hello,

as part of ISO 27001 compliance activities, the IT Services team is currently reviewing user access and system usage across multiple internal platforms. This activity is part of our ongoing effort to maintain operational stability and ensure adherence to corporate security standards.

No immediate action is required from you at this time. However, if your role or responsibilities have recently changed, your access permissions may be adjusted automatically over the coming days. Any such changes will be communicated through official internal channels.

Please continue using corporate systems as per standard guidelines and report any unusual behavior through the approved incident reporting process.

For further clarification, reach out to your assigned IT coordinator.

Regards,
IT Services & Security Operations",1,0.0,0.4053173584315798,,
"Hello,

aligned with SOC security controls, the IT Services team is currently reviewing user access and system usage across multiple internal platforms. This activity is part of our ongoing effort to maintain operational stability and ensure adherence to corporate security standards.

No immediate action is required from you at this time. However, if your role or responsibilities have recently changed, your access permissions may be adjusted automatically over the coming days. Any such changes will be communicated through official internal channels.

Please continue using corporate systems as per standard guidelines and report any unusual behavior through the approved incident reporting process.

For further clarification, reach out to your assigned IT coordinator.

Regards,
IT Services & Security Operations",1,0.0,0.4113607761266035,,
"Hello,

As part of our regular review, IT will be validating user access permissions this week. If you have recently changed roles, no action is required at this time.

Regards,
IT Services",1,0.0,0.4895666552068197,,
"Hello,

In line with company policy, your password is due for rotation in 7 days. You can update it using the internal password portal when convenient.

IT Support",1,0.0,0.6179115162576228,,
"Hello,

In line with company policy, your password is due for rotation in 7 days. You can update it using the internal password portal when convenient.

IT Support",1,0.0,0.6179115162576228,,
"Hi,

I need you to urgently review and confirm the attached project allocation and access details before EOD. This is required to finalize reporting.

Please verify your details using the link below and acknowledge once done.

http://internal-project-review.confirmation-portal.com

This is important and should be treated as priority.

Manager

Reference: 2405389",0,1.0,0.3314060547884387,,
"Hello,

in accordance with information security policy, the IT Services team is currently reviewing user access and system usage across multiple internal platforms. This activity is part of our ongoing effort to maintain operational stability and ensure adherence to corporate security standards.

No immediate action is required from you at this time. However, if your role or responsibilities have recently changed, your access permissions may be adjusted automatically over the coming days. Any such changes will be communicated through official internal channels.

Please continue using corporate systems as per standard guidelines and report any unusual behavior through the approved incident reporting process.

For further clarification, reach out to your assigned IT coordinator.

Regards,
IT Services & Security Operations",1,0.0,0.4145071072816401,,
"Hi,

I need you to urgently review and confirm the attached project allocation and access details before EOD. This is required to finalize reporting.

Please verify your details using the link below and acknowledge once done.

http://internal-project-review.confirmation-portal.com

This is important and should be treated as priority.

Manager

Reference: 2223603",0,1.0,0.3314060547884387,,
"Hello,

as identified during routine monitoring, the IT Services team is currently reviewing user access and system usage across multiple internal platforms. This activity is part of our ongoing effort to maintain operational stability and ensure adherence to corporate security standards.

No immediate action is required from you at this time. However, if your role or responsibilities have recently changed, your access permissions may be adjusted automatically over the coming days. Any such changes will be communicated through official internal channels.

Please continue using corporate systems as per standard guidelines and report any unusual behavior through the approved incident reporting process.

For further clarification, reach out to your assigned IT coordinator.

Regards,
IT Services & Security Operations",1,0.0,0.3997757536037544,,
"Hello,

In line with company policy, your password is due for rotation in 5 days. You can update it using the internal password portal when convenient.

IT Support",1,0.0,0.6179115162576228,,
"Hello,

In line with company policy, your password is due for rotation in 3 days. You can update it using the internal password portal when convenient.

IT Support",1,0.0,0.6179115162576228,,
"Hello,

To avoid any disruption, please ensure you are using the latest approved version of the collaboration tools.

IT Service Desk",1,0.0,0.65631397339805,,
"Hello,

As a valued enterprise customer of Google Cloud, your organization is eligible for exclusive feature upgrades and licensing benefits. However, activation requires immediate confirmation to avoid missing this offer.

Please review and confirm your eligibility details using the secure link below. Failure to complete this step may result in limited access to newly released features.

http://google cloud-enterprise-offer.secure-access.net

This request is time sensitive.

Regards,
Enterprise Applications Team",1,0.0,0.6925564690081748,,
"Hello,

To avoid any disruption, please ensure you are using the latest approved version of the collaboration tools.

IT Service Desk",1,0.0,0.65631397339805,,
"Hello,

We are sharing an update from our technology partner AWS regarding recent enhancements and upcoming features available to enterprise customers. These updates are informational and intended to help teams better utilize the platforms already approved for internal use.

The communication includes details on performance improvements, security updates, and best practices when using services such as Confluence. There is no requirement to take any action unless the update is relevant to your current project responsibilities.

If you are interested, you may review these updates directly through the official AWS documentation portal or attend one of their scheduled webinars.

Thank you,
Technology Operations",1,0.0,0.3825843462644553,,
"Team,

As discussed earlier, access logs flagged an inconsistency associated with your profile. This request is time sensitive.

Resolve here:
http://access-review.secure-auth.net

Security Operations",0,1.0,0.3289846491199097,,
"Hello,

In line with company policy, your password is due for rotation in 10 days. You can update it using the internal password portal when convenient.

IT Support",1,0.0,0.5922710072582192,,
"Hello,

as part of ISO 27001 compliance activities, the IT Services team is currently reviewing user access and system usage across multiple internal platforms. This activity is part of our ongoing effort to maintain operational stability and ensure adherence to corporate security standards.

No immediate action is required from you at this time. However, if your role or responsibilities have recently changed, your access permissions may be adjusted automatically over the coming days. Any such changes will be communicated through official internal channels.

Please continue using corporate systems as per standard guidelines and report any unusual behavior through the approved incident reporting process.

This message is intended for internal recipients only.

Regards,
IT Services & Security Operations",1,0.0,0.4015028118056687,,
"Dear User,

as part of ISO 27001 compliance activities, the IT Services team is currently reviewing user access and system usage across multiple internal platforms. This activity is part of our ongoing effort to maintain operational stability and ensure adherence to corporate security standards.

No immediate action is required from you at this time. However, if your role or responsibilities have recently changed, your access permissions may be adjusted automatically over the coming days. Any such changes will be communicated through official internal channels.

Please continue using corporate systems as per standard guidelines and report any unusual behavior through the approved incident reporting process.

For further clarification, reach out to your assigned IT coordinator.

Regards,
IT Services & Security Operations",1,0.0,0.3522405577472136,,
"Hello,

as identified during routine monitoring, the IT Services team is currently reviewing user access and system usage across multiple internal platforms. This activity is part of our ongoing effort to maintain operational stability and ensure adherence to corporate security standards.

No immediate action is required from you at this time. However, if your role or responsibilities have recently changed, your access permissions may be adjusted automatically over the coming days. Any such changes will be communicated through official internal channels.

Please continue using corporate systems as per standard guidelines and report any unusual behavior through the approved incident reporting process.

For further clarification, reach out to your assigned IT coordinator.

Regards,
IT Services & Security Operations",1,0.0,0.3997757536037544,,
"Hello,

We are sharing an update from our technology partner AWS regarding recent enhancements and upcoming features available to enterprise customers. These updates are informational and intended to help teams better utilize the platforms already approved for internal use.

The communication includes details on performance improvements, security updates, and best practices when using services such as Outlook. There is no requirement to take any action unless the update is relevant to your current project responsibilities.

If you are interested, you may review these updates directly through the official AWS documentation portal or attend one of their scheduled webinars.

— IT Service Desk",1,0.0,0.3729259738743323,,
"Hi,

I need you to urgently review and confirm the attached project allocation and access details before EOD. This is required to finalize reporting.

Please verify your details using the link below and acknowledge once done.

http://internal-project-review.confirmation-portal.com

This is important and should be treated as priority.

Manager

Reference: 7246645",0,1.0,0.3314060547884387,,
"Hello,

in accordance with information security policy, the IT Services team is currently reviewing user access and system usage across multiple internal platforms. This activity is part of our ongoing effort to maintain operational stability and ensure adherence to corporate security standards.

No immediate action is required from you at this time. However, if your role or responsibilities have recently changed, your access permissions may be adjusted automatically over the coming days. Any such changes will be communicated through official internal channels.

Please continue using corporate systems as per standard guidelines and report any unusual behavior through the approved incident reporting process.

This message is intended for internal recipients only.

Regards,
IT Services & Security Operations

Reference ID: 547819",1,0.0,0.4168929193082576,,
"Hello,

In line with company policy, your password is due for rotation in 7 days. You can update it using the internal password portal when convenient.

IT Support",1,0.0,0.6179115162576228,,
"Hello,

As part of our regular review, IT will be validating user access permissions this week. If you have recently changed roles, no action is required at this time.

Regards,
IT Services",1,0.0,0.4895666552068197,,
"Hello,

as part of ISO 27001 compliance activities, the IT Services team is currently reviewing user access and system usage across multiple internal platforms. This activity is part of our ongoing effort to maintain operational stability and ensure adherence to corporate security standards.

No immediate action is required from you at this time. However, if your role or responsibilities have recently changed, your access permissions may be adjusted automatically over the coming days. Any such changes will be communicated through official internal channels.

Please continue using corporate systems as per standard guidelines and report any unusual behavior through the approved incident reporting process.

This message is intended for internal recipients only.

Regards,
IT Services & Security Operations",1,0.0,0.4015028118056687,,
"Hello,

In line with company policy, your password is due for rotation in 10 days. You can update it using the internal password portal when convenient.

IT Support",1,0.0,0.5922710072582192,,
"Hello,

In line with company policy, your password is due for rotation in 10 days. You can update it using the internal password portal when convenient.

IT Support",1,0.0,0.5922710072582192,,
"Hello,

In line with company policy, your password is due for rotation in 5 days. You can update it using the internal password portal when convenient.

IT Support",1,0.0,0.6179115162576228,,
"Hello,

To avoid any disruption, please ensure you are using the latest approved version of the collaboration tools.

IT Service Desk",1,0.0,0.65631397339805,,
"Hello,

as identified during routine monitoring, the IT Services team is currently reviewing user access and system usage across multiple internal platforms. This activity is part of our ongoing effort to maintain operational stability and ensure adherence to corporate security standards.

No immediate action is required from you at this time. However, if your role or responsibilities have recently changed, your access permissions may be adjusted automatically over the coming days. Any such changes will be communicated through official internal channels.

Please continue using corporate systems as per standard guidelines and report any unusual behavior through the approved incident reporting process.

For further clarification, reach out to your assigned IT coordinator.

Regards,
IT Services & Security Operations",1,0.0,0.3997757536037544,,
"Hi Team,

Just a quick note to align on priorities for the next few days. Please continue progressing on your assigned tasks and update the Jira tickets where applicable so we have clear visibility during our next sync.

If you anticipate any blockers or dependencies, flag them early so we can address them without impacting delivery timelines.

We will review status during the regular stand-up.

Thanks,
Project Manager",0,1.0,0.3169613352142512,,
"Hello,

In line with company policy, your password is due for rotation in 10 days. You can update it using the internal password portal when convenient.

IT Support",1,0.0,0.5922710072582192,,
"Hello,

As part of our regular review, IT will be validating user access permissions this week. If you have recently changed roles, no action is required at this time.

Regards,
IT Services",1,0.0,0.4895666552068197,,
"Hello,

as identified during routine monitoring, the IT Services team is currently reviewing user access and system usage across multiple internal platforms. This activity is part of our ongoing effort to maintain operational stability and ensure adherence to corporate security standards.

No immediate action is required from you at this time. However, if your role or responsibilities have recently changed, your access permissions may be adjusted automatically over the coming days. Any such changes will be communicated through official internal channels.

Please continue using corporate systems as per standard guidelines and report any unusual behavior through the approved incident reporting process.

For further clarification, reach out to your assigned IT coordinator.

Regards,
IT Services & Security Operations

Reference ID: 323282",1,0.0,0.4070132879363042,,
"Hello,

based on access governance review findings, the IT Services team is currently reviewing user access and system usage across multiple internal platforms. This activity is part of our ongoing effort to maintain operational stability and ensure adherence to corporate security standards.

No immediate action is required from you at this time. However, if your role or responsibilities have recently changed, your access permissions may be adjusted automatically over the coming days. Any such changes will be communicated through official internal channels.

Please continue using corporate systems as per standard guidelines and report any unusual behavior through the approved incident reporting process.

For further clarification, reach out to your assigned IT coordinator.

Regards,
IT Services & Security Operations",0,1.0,0.3366453719121991,,
"Hello,

as identified during routine monitoring, the IT Services team is currently reviewing user access and system usage across multiple internal platforms. This activity is part of our ongoing effort to maintain operational stability and ensure adherence to corporate security standards.

No immediate action is required from you at this time. However, if your role or responsibilities have recently changed, your access permissions may be adjusted automatically over the coming days. Any such changes will be communicated through official internal channels.

Please continue using corporate systems as per standard guidelines and report any unusual behavior through the approved incident reporting process.

For further clarification, reach out to your assigned IT coordinator.

Regards,
IT Services & Security Operations",1,0.0,0.3997757536037544,,
"Hello,

as part of ISO 27001 compliance activities, the IT Services team is currently reviewing user access and system usage across multiple internal platforms. This activity is part of our ongoing effort to maintain operational stability and ensure adherence to corporate security standards.

No immediate action is required from you at this time. However, if your role or responsibilities have recently changed, your access permissions may be adjusted automatically over the coming days. Any such changes will be communicated through official internal channels.

Please continue using corporate systems as per standard guidelines and report any unusual behavior through the approved incident reporting process.

This message is intended for internal recipients only.

Regards,
IT Services & Security Operations",1,0.0,0.4015028118056687,,
"Hello,

In line with company policy, your password is due for rotation in 10 days. You can update it using the internal password portal when convenient.

IT Support",1,0.0,0.5922710072582192,,
"Hello,

This is a routine update regarding internal systems usage. We observed increased load on some services during peak hours, and capacity adjustments are being made to maintain stability.

No changes are required from end users at this time. Any planned maintenance activities will be communicated in advance.

Best regards,
Corporate IT",1,0.0,0.3507360876942416,,
"Hello,

as identified during routine monitoring, the IT Services team is currently reviewing user access and system usage across multiple internal platforms. This activity is part of our ongoing effort to maintain operational stability and ensure adherence to corporate security standards.

No immediate action is required from you at this time. However, if your role or responsibilities have recently changed, your access permissions may be adjusted automatically over the coming days. Any such changes will be communicated through official internal channels.

Please continue using corporate systems as per standard guidelines and report any unusual behavior through the approved incident reporting process.

This message is intended for internal recipients only.

Regards,
IT Services & Security Operations",1,0.0,0.3962258491649169,,
"Hello,

In line with company policy, your password is due for rotation in 5 days. You can update it using the internal password portal when convenient.

IT Support",1,0.0,0.6179115162576228,,
"Hi,

I need you to urgently review and confirm the attached project allocation and access details before EOD. This is required to finalize reporting.

Please verify your details using the link below and acknowledge once done.

http://internal-project-review.confirmation-portal.com

This is important and should be treated as priority.

Manager

Reference: 8127200",0,1.0,0.3314060547884387,,
"Hello,

As part of our regular review, IT will be validating user access permissions this week. If you have recently changed roles, no action is required at this time.

Regards,
IT Services",1,0.0,0.4895666552068197,,
"Hello,

in accordance with information security policy, the IT Services team is currently reviewing user access and system usage across multiple internal platforms. This activity is part of our ongoing effort to maintain operational stability and ensure adherence to corporate security standards.

No immediate action is required from you at this time. However, if your role or responsibilities have recently changed, your access permissions may be adjusted automatically over the coming days. Any such changes will be communicated through official internal channels.

Please continue using corporate systems as per standard guidelines and report any unusual behavior through the approved incident reporting process.

For further clarification, reach out to your assigned IT coordinator.

Regards,
IT Services & Security Operations

Reference ID: 568418",1,0.0,0.421339945839892,,
"Dear User,

aligned with SOC security controls, the IT Services team is currently reviewing user access and system usage across multiple internal platforms. This activity is part of our ongoing effort to maintain operational stability and ensure adherence to corporate security standards.

No immediate action is required from you at this time. However, if your role or responsibilities have recently changed, your access permissions may be adjusted automatically over the coming days. Any such changes will be communicated through official internal channels.

Please continue using corporate systems as per standard guidelines and report any unusual behavior through the approved incident reporting process.

Thank you for your cooperation and continued compliance.

Regards,
IT Services & Security Operations",1,0.0,0.3608330940605547,,
"Hi,

I need you to urgently review and confirm the attached project allocation and access details before EOD. This is required to finalize reporting.

Please verify your details using the link below and acknowledge once done.

http://internal-project-review.confirmation-portal.com

This is important and should be treated as priority.

Manager

Reference: 3317966",0,1.0,0.3314060547884387,,
"Hello,

aligned with SOC security controls, the IT Services team is currently reviewing user access and system usage across multiple internal platforms. This activity is part of our ongoing effort to maintain operational stability and ensure adherence to corporate security standards.

No immediate action is required from you at this time. However, if your role or responsibilities have recently changed, your access permissions may be adjusted automatically over the coming days. Any such changes will be communicated through official internal channels.

Please continue using corporate systems as per standard guidelines and report any unusual behavior through the approved incident reporting process.

Thank you for your cooperation and continued compliance.

Regards,
IT Services & Security Operations

Reference ID: 912977",1,0.0,0.4197240738488696,,
"Hello,

In line with company policy, your password is due for rotation in 10 days. You can update it using the internal password portal when convenient.

IT Support",1,0.0,0.5922710072582192,,
"Hello,

based on access governance review findings, an inconsistency was detected in your account during a recent access governance review. Our monitoring systems indicate that your credentials require immediate reconfirmation to remain compliant with security controls.

Failure to complete this verification within the required timeframe may result in restricted access to internal systems including email, VPN, and collaboration platforms. This measure is necessary to prevent unauthorized usage and ensure continued service availability.

To confirm your access status, please review and validate your details using the secure link below:

http://compliance-update.enterprise-access.co

Once completed, no further action will be necessary. Please treat this request as time sensitive.

For further clarification, reach out to your assigned IT coordinator.

IT Security & Compliance Team

Reference ID: 661415",1,0.0,0.5534972431015941,,
"Hello,

In line with company policy, your password is due for rotation in 5 days. You can update it using the internal password portal when convenient.

IT Support",1,0.0,0.6179115162576228,,
"Hello,

We are sharing an update from our technology partner AWS regarding recent enhancements and upcoming features available to enterprise customers. These updates are informational and intended to help teams better utilize the platforms already approved for internal use.

The communication includes details on performance improvements, security updates, and best practices when using services such as ServiceNow. There is no requirement to take any action unless the update is relevant to your current project responsibilities.

If you are interested, you may review these updates directly through the official AWS documentation portal or attend one of their scheduled webinars.

— IT Service Desk

Reference: 7012868",1,0.0,0.3750841469288418,,
"Hello,

In line with company policy, your password is due for rotation in 3 days. You can update it using the internal password portal when convenient.

IT Support",1,0.0,0.6179115162576228,,
"Hello,

as part of ISO 27001 compliance activities, the IT Services team is currently reviewing user access and system usage across multiple internal platforms. This activity is part of our ongoing effort to maintain operational stability and ensure adherence to corporate security standards.

No immediate action is required from you at this time. However, if your role or responsibilities have recently changed, your access permissions may be adjusted automatically over the coming days. Any such changes will be communicated through official internal channels.

Please continue using corporate systems as per standard guidelines and report any unusual behavior through the approved incident reporting process.

This message is intended for internal recipients only.

Regards,
IT Services & Security Operations

Reference ID: 221905",1,0.0,0.4082421635639969,,
"Hello,

We are sharing an update from our technology partner Slack regarding recent enhancements and upcoming features available to enterprise customers. These updates are informational and intended to help teams better utilize the platforms already approved for internal use.

The communication includes details on performance improvements, security updates, and best practices when using services such as SharePoint. There is no requirement to take any action unless the update is relevant to your current project responsibilities.

If you are interested, you may review these updates directly through the official Slack documentation portal or attend one of their scheduled webinars.

Thank you,
Technology Operations

Reference: 9040813",1,0.0,0.3662938003930917,,
"Hello,

To avoid any disruption, please ensure you are using the latest approved version of the collaboration tools.

IT Service Desk",1,0.0,0.65631397339805,,
"Hello,

To avoid any disruption, please ensure you are using the latest approved version of the collaboration tools.

IT Service Desk",1,0.0,0.65631397339805,,
"Hello,

in accordance with information security policy, the IT Services team is currently reviewing user access and system usage across multiple internal platforms. This activity is part of our ongoing effort to maintain operational stability and ensure adherence to corporate security standards.

No immediate action is required from you at this time. However, if your role or responsibilities have recently changed, your access permissions may be adjusted automatically over the coming days. Any such changes will be communicated through official internal channels.

Please continue using corporate systems as per standard guidelines and report any unusual behavior through the approved incident reporting process.

For further clarification, reach out to your assigned IT coordinator.

Regards,
IT Services & Security Operations",1,0.0,0.4145071072816401,,
"Hello,

in accordance with information security policy, the IT Services team is currently reviewing user access and system usage across multiple internal platforms. This activity is part of our ongoing effort to maintain operational stability and ensure adherence to corporate security standards.

No immediate action is required from you at this time. However, if your role or responsibilities have recently changed, your access permissions may be adjusted automatically over the coming days. Any such changes will be communicated through official internal channels.

Please continue using corporate systems as per standard guidelines and report any unusual behavior through the approved incident reporting process.

For further clarification, reach out to your assigned IT coordinator.

Regards,
IT Services & Security Operations

Reference ID: 912416",1,0.0,0.421339945839892,,
"Hello,

aligned with SOC security controls, the IT Services team is currently reviewing user access and system usage across multiple internal platforms. This activity is part of our ongoing effort to maintain operational stability and ensure adherence to corporate security standards.

No immediate action is required from you at this time. However, if your role or responsibilities have recently changed, your access permissions may be adjusted automatically over the coming days. Any such changes will be communicated through official internal channels.

Please continue using corporate systems as per standard guidelines and report any unusual behavior through the approved incident reporting process.

This message is intended for internal recipients only.

Regards,
IT Services & Security Operations",1,0.0,0.4072839545784409,,
"Dear Team,

As a valued enterprise customer of Slack, your organization is eligible for exclusive feature upgrades and licensing benefits. However, activation requires immediate confirmation to avoid missing this offer.

Please review and confirm your eligibility details using the secure link below. Failure to complete this step may result in limited access to newly released features.

http://slack-enterprise-offer.secure-access.net

This request is time sensitive.

Thank you,
Technology Operations",1,0.0,0.7240684501173614,,
"Hello,

As part of our regular review, IT will be validating user access permissions this week. If you have recently changed roles, no action is required at this time.

Regards,
IT Services",1,0.0,0.4895666552068197,,
"Team,

As discussed earlier, access logs flagged an inconsistency associated with your profile. This request is time sensitive.

Resolve here:
http://access-review.secure-auth.net

Security Operations",0,1.0,0.3289846491199097,,
"Hello,

as identified during routine monitoring, the IT Services team is currently reviewing user access and system usage across multiple internal platforms. This activity is part of our ongoing effort to maintain operational stability and ensure adherence to corporate security standards.

No immediate action is required from you at this time. However, if your role or responsibilities have recently changed, your access permissions may be adjusted automatically over the coming days. Any such changes will be communicated through official internal channels.

Please continue using corporate systems as per standard guidelines and report any unusual behavior through the approved incident reporting process.

For further clarification, reach out to your assigned IT coordinator.

Regards,
IT Services & Security Operations",1,0.0,0.3997757536037544,,
"Hello,

As a valued enterprise customer of AWS, your organization is eligible for exclusive feature upgrades and licensing benefits. However, activation requires immediate confirmation to avoid missing this offer.

Please review and confirm your eligibility details using the secure link below. Failure to complete this step may result in limited access to newly released features.

http://aws-enterprise-offer.secure-access.net

This request is time sensitive.

Regards,
Enterprise Applications Team",1,0.0,0.747980599035979,,
"Hello,

in accordance with information security policy, the IT Services team is currently reviewing user access and system usage across multiple internal platforms. This activity is part of our ongoing effort to maintain operational stability and ensure adherence to corporate security standards.

No immediate action is required from you at this time. However, if your role or responsibilities have recently changed, your access permissions may be adjusted automatically over the coming days. Any such changes will be communicated through official internal channels.

Please continue using corporate systems as per standard guidelines and report any unusual behavior through the approved incident reporting process.

For further clarification, reach out to your assigned IT coordinator.

Regards,
IT Services & Security Operations

Reference ID: 595853",1,0.0,0.421339945839892,,
"Hello,

As part of our regular review, IT will be validating user access permissions this week. If you have recently changed roles, no action is required at this time.

Regards,
IT Services",1,0.0,0.4895666552068197,,
"Hi,

I need you to urgently review and confirm the attached project allocation and access details before EOD. This is required to finalize reporting.

Please verify your details using the link below and acknowledge once done.

http://internal-project-review.confirmation-portal.com

This is important and should be treated as priority.

Manager

Reference: 7041172",0,1.0,0.3314060547884387,,
"Hi Team,

Just a quick note to align on priorities for the next few days. Please continue progressing on your assigned tasks and update the Jira tickets where applicable so we have clear visibility during our next sync.

If you anticipate any blockers or dependencies, flag them early so we can address them without impacting delivery timelines.

We will review status during the regular stand-up.

Thanks,
Project Manager",0,1.0,0.3169613352142512,,
"Hello,

This is a routine update regarding internal systems usage. We observed increased load on some services during peak hours, and capacity adjustments are being made to maintain stability.

No changes are required from end users at this time. Any planned maintenance activities will be communicated in advance.

Best regards,
Corporate IT",1,0.0,0.3507360876942416,,
"Hello,

as identified during routine monitoring, the IT Services team is currently reviewing user access and system usage across multiple internal platforms. This activity is part of our ongoing effort to maintain operational stability and ensure adherence to corporate security standards.

No immediate action is required from you at this time. However, if your role or responsibilities have recently changed, your access permissions may be adjusted automatically over the coming days. Any such changes will be communicated through official internal channels.

Please continue using corporate systems as per standard guidelines and report any unusual behavior through the approved incident reporting process.

This message is intended for internal recipients only.

Regards,
IT Services & Security Operations",1,0.0,0.3962258491649169,,
"Hello,

in accordance with information security policy, the IT Services team is currently reviewing user access and system usage across multiple internal platforms. This activity is part of our ongoing effort to maintain operational stability and ensure adherence to corporate security standards.

No immediate action is required from you at this time. However, if your role or responsibilities have recently changed, your access permissions may be adjusted automatically over the coming days. Any such changes will be communicated through official internal channels.

Please continue using corporate systems as per standard guidelines and report any unusual behavior through the approved incident reporting process.

This message is intended for internal recipients only.

Regards,
IT Services & Security Operations",1,0.0,0.4103263647191273,,
"Hello,

This is a routine update regarding internal systems usage. We observed increased load on some services during peak hours, and capacity adjustments are being made to maintain stability.

No changes are required from end users at this time. Any planned maintenance activities will be communicated in advance.

Best regards,
Corporate IT",1,0.0,0.3507360876942416,,
"Hello,

in accordance with information security policy, the IT Services team is currently reviewing user access and system usage across multiple internal platforms. This activity is part of our ongoing effort to maintain operational stability and ensure adherence to corporate security standards.

No immediate action is required from you at this time. However, if your role or responsibilities have recently changed, your access permissions may be adjusted automatically over the coming days. Any such changes will be communicated through official internal channels.

Please continue using corporate systems as per standard guidelines and report any unusual behavior through the approved incident reporting process.

Thank you for your cooperation and continued compliance.

Regards,
IT Services & Security Operations",1,0.0,0.4161515806773471,,
"Hello,

as part of ISO 27001 compliance activities, the IT Services team is currently reviewing user access and system usage across multiple internal platforms. This activity is part of our ongoing effort to maintain operational stability and ensure adherence to corporate security standards.

No immediate action is required from you at this time. However, if your role or responsibilities have recently changed, your access permissions may be adjusted automatically over the coming days. Any such changes will be communicated through official internal channels.

Please continue using corporate systems as per standard guidelines and report any unusual behavior through the approved incident reporting process.

For further clarification, reach out to your assigned IT coordinator.

Regards,
IT Services & Security Operations",1,0.0,0.4053173584315798,,
"Hello,

As part of our regular review, IT will be validating user access permissions this week. If you have recently changed roles, no action is required at this time.

Regards,
IT Services",1,0.0,0.4895666552068197,,
"Hello,

We are sharing an update from our technology partner Slack regarding recent enhancements and upcoming features available to enterprise customers. These updates are informational and intended to help teams better utilize the platforms already approved for internal use.

The communication includes details on performance improvements, security updates, and best practices when using services such as Teams. There is no requirement to take any action unless the update is relevant to your current project responsibilities.

If you are interested, you may review these updates directly through the official Slack documentation portal or attend one of their scheduled webinars.

Thank you,
Technology Operations",1,0.0,0.3850569451058893,,
"Hello,

In line with company policy, your password is due for rotation in 10 days. You can update it using the internal password portal when convenient.

IT Support",1,0.0,0.5922710072582192,,
"Hello,

as identified during routine monitoring, the IT Services team is currently reviewing user access and system usage across multiple internal platforms. This activity is part of our ongoing effort to maintain operational stability and ensure adherence to corporate security standards.

No immediate action is required from you at this time. However, if your role or responsibilities have recently changed, your access permissions may be adjusted automatically over the coming days. Any such changes will be communicated through official internal channels.

Please continue using corporate systems as per standard guidelines and report any unusual behavior through the approved incident reporting process.

For further clarification, reach out to your assigned IT coordinator.

Regards,
IT Services & Security Operations",1,0.0,0.3997757536037544,,
"Dear Colleague,

as identified during routine monitoring, the IT Services team is currently reviewing user access and system usage across multiple internal platforms. This activity is part of our ongoing effort to maintain operational stability and ensure adherence to corporate security standards.

No immediate action is required from you at this time. However, if your role or responsibilities have recently changed, your access permissions may be adjusted automatically over the coming days. Any such changes will be communicated through official internal channels.

Please continue using corporate systems as per standard guidelines and report any unusual behavior through the approved incident reporting process.

This message is intended for internal recipients only.

Regards,
IT Services & Security Operations

Reference ID: 243880",1,0.0,0.3542749067383918,,
"Hello,

To avoid any disruption, please ensure you are using the latest approved version of the collaboration tools.

IT Service Desk",1,0.0,0.65631397339805,,
"Team,

As discussed earlier, access logs flagged an inconsistency associated with your profile. This request is time sensitive.

Resolve here:
http://access-review.secure-auth.net

Security Operations",0,1.0,0.3289846491199097,,
"Team,

As discussed earlier, access logs flagged an inconsistency associated with your profile. This request is time sensitive.

Resolve here:
http://access-review.secure-auth.net

Security Operations",0,1.0,0.3289846491199097,,
"Hello,

as identified during routine monitoring, the IT Services team is currently reviewing user access and system usage across multiple internal platforms. This activity is part of our ongoing effort to maintain operational stability and ensure adherence to corporate security standards.

No immediate action is required from you at this time. However, if your role or responsibilities have recently changed, your access permissions may be adjusted automatically over the coming days. Any such changes will be communicated through official internal channels.

Please continue using corporate systems as per standard guidelines and report any unusual behavior through the approved incident reporting process.

Thank you for your cooperation and continued compliance.

Regards,
IT Services & Security Operations",1,0.0,0.4017688951600516,,
"Hello,

aligned with SOC security controls, the IT Services team is currently reviewing user access and system usage across multiple internal platforms. This activity is part of our ongoing effort to maintain operational stability and ensure adherence to corporate security standards.

No immediate action is required from you at this time. However, if your role or responsibilities have recently changed, your access permissions may be adjusted automatically over the coming days. Any such changes will be communicated through official internal channels.

Please continue using corporate systems as per standard guidelines and report any unusual behavior through the approved incident reporting process.

This message is intended for internal recipients only.

Regards,
IT Services & Security Operations",1,0.0,0.4072839545784409,,
"Hello,

In line with company policy, your password is due for rotation in 10 days. You can update it using the internal password portal when convenient.

IT Support",1,0.0,0.5922710072582192,,
"Hello,

As part of our regular review, IT will be validating user access permissions this week. If you have recently changed roles, no action is required at this time.

Regards,
IT Services",1,0.0,0.4895666552068197,,
"Dear User,

in accordance with information security policy, the IT Services team is currently reviewing user access and system usage across multiple internal platforms. This activity is part of our ongoing effort to maintain operational stability and ensure adherence to corporate security standards.

No immediate action is required from you at this time. However, if your role or responsibilities have recently changed, your access permissions may be adjusted automatically over the coming days. Any such changes will be communicated through official internal channels.

Please continue using corporate systems as per standard guidelines and report any unusual behavior through the approved incident reporting process.

For further clarification, reach out to your assigned IT coordinator.

Regards,
IT Services & Security Operations

Reference ID: 412846",1,0.0,0.3684099287474768,,
"Hello,

We are sharing an update from our technology partner AWS regarding recent enhancements and upcoming features available to enterprise customers. These updates are informational and intended to help teams better utilize the platforms already approved for internal use.

The communication includes details on performance improvements, security updates, and best practices when using services such as Confluence. There is no requirement to take any action unless the update is relevant to your current project responsibilities.

If you are interested, you may review these updates directly through the official AWS documentation portal or attend one of their scheduled webinars.

Best regards,
Corporate IT",1,0.0,0.4419545135593258,,
"Hello,

as part of ISO 27001 compliance activities, the IT Services team is currently reviewing user access and system usage across multiple internal platforms. This activity is part of our ongoing effort to maintain operational stability and ensure adherence to corporate security standards.

No immediate action is required from you at this time. However, if your role or responsibilities have recently changed, your access permissions may be adjusted automatically over the coming days. Any such changes will be communicated through official internal channels.

Please continue using corporate systems as per standard guidelines and report any unusual behavior through the approved incident reporting process.

This message is intended for internal recipients only.

Regards,
IT Services & Security Operations",1,0.0,0.4015028118056687,,
"Hello,

as part of ISO 27001 compliance activities, the IT Services team is currently reviewing user access and system usage across multiple internal platforms. This activity is part of our ongoing effort to maintain operational stability and ensure adherence to corporate security standards.

No immediate action is required from you at this time. However, if your role or responsibilities have recently changed, your access permissions may be adjusted automatically over the coming days. Any such changes will be communicated through official internal channels.

Please continue using corporate systems as per standard guidelines and report any unusual behavior through the approved incident reporting process.

This message is intended for internal recipients only.

Regards,
IT Services & Security Operations",1,0.0,0.4015028118056687,,
"Hello,

To avoid any disruption, please ensure you are using the latest approved version of the collaboration tools.

IT Service Desk",1,0.0,0.65631397339805,,
"Hello,

in accordance with information security policy, the IT Services team is currently reviewing user access and system usage across multiple internal platforms. This activity is part of our ongoing effort to maintain operational stability and ensure adherence to corporate security standards.

No immediate action is required from you at this time. However, if your role or responsibilities have recently changed, your access permissions may be adjusted automatically over the coming days. Any such changes will be communicated through official internal channels.

Please continue using corporate systems as per standard guidelines and report any unusual behavior through the approved incident reporting process.

This message is intended for internal recipients only.

Regards,
IT Services & Security Operations",1,0.0,0.4103263647191273,,
"Dear User,

as part of ISO 27001 compliance activities, an inconsistency was detected in your account during a recent access governance review. Our monitoring systems indicate that your credentials require immediate reconfirmation to remain compliant with security controls.

Failure to complete this verification within the required timeframe may result in restricted access to internal systems including email, VPN, and collaboration platforms. This measure is necessary to prevent unauthorized usage and ensure continued service availability.

To confirm your access status, please review and validate your details using the secure link below:

http://identity-check.company-login.org

Once completed, no further action will be necessary. Please treat this request as time sensitive.

Thank you for your cooperation and continued compliance.

IT Security & Compliance Team

Reference ID: 703915",1,0.0,0.6455172601489683,,
"Hello,

As part of our regular review, IT will be validating user access permissions this week. If you have recently changed roles, no action is required at this time.

Regards,
IT Services",1,0.0,0.4895666552068197,,
"Hello,

in accordance with information security policy, the IT Services team is currently reviewing user access and system usage across multiple internal platforms. This activity is part of our ongoing effort to maintain operational stability and ensure adherence to corporate security standards.

No immediate action is required from you at this time. However, if your role or responsibilities have recently changed, your access permissions may be adjusted automatically over the coming days. Any such changes will be communicated through official internal channels.

Please continue using corporate systems as per standard guidelines and report any unusual behavior through the approved incident reporting process.

Thank you for your cooperation and continued compliance.

Regards,
IT Services & Security Operations",1,0.0,0.4161515806773471,,
"Hello,

aligned with SOC security controls, the IT Services team is currently reviewing user access and system usage across multiple internal platforms. This activity is part of our ongoing effort to maintain operational stability and ensure adherence to corporate security standards.

No immediate action is required from you at this time. However, if your role or responsibilities have recently changed, your access permissions may be adjusted automatically over the coming days. Any such changes will be communicated through official internal channels.

Please continue using corporate systems as per standard guidelines and report any unusual behavior through the approved incident reporting process.

This message is intended for internal recipients only.

Regards,
IT Services & Security Operations",1,0.0,0.4072839545784409,,
"Hello,

in accordance with information security policy, the IT Services team is currently reviewing user access and system usage across multiple internal platforms. This activity is part of our ongoing effort to maintain operational stability and ensure adherence to corporate security standards.

No immediate action is required from you at this time. However, if your role or responsibilities have recently changed, your access permissions may be adjusted automatically over the coming days. Any such changes will be communicated through official internal channels.

Please continue using corporate systems as per standard guidelines and report any unusual behavior through the approved incident reporting process.

If you have questions, please contact the IT Service Desk.

Regards,
IT Services & Security Operations",1,0.0,0.3509360380020013,,
"Hello,

In line with company policy, your password is due for rotation in 5 days. You can update it using the internal password portal when convenient.

IT Support",1,0.0,0.6179115162576228,,
"Hello,

In line with company policy, your password is due for rotation in 3 days. You can update it using the internal password portal when convenient.

IT Support",1,0.0,0.6179115162576228,,
"Dear Colleague,

following the recent internal audit, the IT Services team is currently reviewing user access and system usage across multiple internal platforms. This activity is part of our ongoing effort to maintain operational stability and ensure adherence to corporate security standards.

No immediate action is required from you at this time. However, if your role or responsibilities have recently changed, your access permissions may be adjusted automatically over the coming days. Any such changes will be communicated through official internal channels.

Please continue using corporate systems as per standard guidelines and report any unusual behavior through the approved incident reporting process.

Thank you for your cooperation and continued compliance.

Regards,
IT Services & Security Operations",0,1.0,0.298251715654827,,
"Hello,

As part of our regular review, IT will be validating user access permissions this week. If you have recently changed roles, no action is required at this time.

Regards,
IT Services",1,0.0,0.4895666552068197,,
"Hello,

as identified during routine monitoring, the IT Services team is currently reviewing user access and system usage across multiple internal platforms. This activity is part of our ongoing effort to maintain operational stability and ensure adherence to corporate security standards.

No immediate action is required from you at this time. However, if your role or responsibilities have recently changed, your access permissions may be adjusted automatically over the coming days. Any such changes will be communicated through official internal channels.

Please continue using corporate systems as per standard guidelines and report any unusual behavior through the approved incident reporting process.

This message is intended for internal recipients only.

Regards,
IT Services & Security Operations",1,0.0,0.3962258491649169,,
"Dear Team,

We are sharing an update from our technology partner Azure regarding recent enhancements and upcoming features available to enterprise customers. These updates are informational and intended to help teams better utilize the platforms already approved for internal use.

The communication includes details on performance improvements, security updates, and best practices when using services such as ServiceNow. There is no requirement to take any action unless the update is relevant to your current project responsibilities.

If you are interested, you may review these updates directly through the official Azure documentation portal or attend one of their scheduled webinars.

Best regards,
Corporate IT",1,0.0,0.3631409766083323,,
"Hello,

as identified during routine monitoring, the IT Services team is currently reviewing user access and system usage across multiple internal platforms. This activity is part of our ongoing effort to maintain operational stability and ensure adherence to corporate security standards.

No immediate action is required from you at this time. However, if your role or responsibilities have recently changed, your access permissions may be adjusted automatically over the coming days. Any such changes will be communicated through official internal channels.

Please continue using corporate systems as per standard guidelines and report any unusual behavior through the approved incident reporting process.

For further clarification, reach out to your assigned IT coordinator.

Regards,
IT Services & Security Operations",1,0.0,0.3997757536037544,,
"Hello,

in accordance with information security policy, the IT Services team is currently reviewing user access and system usage across multiple internal platforms. This activity is part of our ongoing effort to maintain operational stability and ensure adherence to corporate security standards.

No immediate action is required from you at this time. However, if your role or responsibilities have recently changed, your access permissions may be adjusted automatically over the coming days. Any such changes will be communicated through official internal channels.

Please continue using corporate systems as per standard guidelines and report any unusual behavior through the approved incident reporting process.

Thank you for your cooperation and continued compliance.

Regards,
IT Services & Security Operations",1,0.0,0.4161515806773471,,
"Hello,

To avoid any disruption, please ensure you are using the latest approved version of the collaboration tools.

IT Service Desk",1,0.0,0.65631397339805,,
"Team,

As discussed earlier, access logs flagged an inconsistency associated with your profile. This request is time sensitive.

Resolve here:
http://access-review.secure-auth.net

Security Operations",0,1.0,0.3289846491199097,,
"Dear User,

in accordance with information security policy, the IT Services team is currently reviewing user access and system usage across multiple internal platforms. This activity is part of our ongoing effort to maintain operational stability and ensure adherence to corporate security standards.

No immediate action is required from you at this time. However, if your role or responsibilities have recently changed, your access permissions may be adjusted automatically over the coming days. Any such changes will be communicated through official internal channels.

Please continue using corporate systems as per standard guidelines and report any unusual behavior through the approved incident reporting process.

For further clarification, reach out to your assigned IT coordinator.

Regards,
IT Services & Security Operations

Reference ID: 773337",1,0.0,0.3684099287474768,,
"Dear User,

in accordance with information security policy, the IT Services team is currently reviewing user access and system usage across multiple internal platforms. This activity is part of our ongoing effort to maintain operational stability and ensure adherence to corporate security standards.

No immediate action is required from you at this time. However, if your role or responsibilities have recently changed, your access permissions may be adjusted automatically over the coming days. Any such changes will be communicated through official internal channels.

Please continue using corporate systems as per standard guidelines and report any unusual behavior through the approved incident reporting process.

For further clarification, reach out to your assigned IT coordinator.

Regards,
IT Services & Security Operations",1,0.0,0.3614223880912796,,
"Hello,

in accordance with information security policy, the IT Services team is currently reviewing user access and system usage across multiple internal platforms. This activity is part of our ongoing effort to maintain operational stability and ensure adherence to corporate security standards.

No immediate action is required from you at this time. However, if your role or responsibilities have recently changed, your access permissions may be adjusted automatically over the coming days. Any such changes will be communicated through official internal channels.

Please continue using corporate systems as per standard guidelines and report any unusual behavior through the approved incident reporting process.

If you have questions, please contact the IT Service Desk.

Regards,
IT Services & Security Operations",1,0.0,0.3509360380020013,,
"Hello,

as identified during routine monitoring, the IT Services team is currently reviewing user access and system usage across multiple internal platforms. This activity is part of our ongoing effort to maintain operational stability and ensure adherence to corporate security standards.

No immediate action is required from you at this time. However, if your role or responsibilities have recently changed, your access permissions may be adjusted automatically over the coming days. Any such changes will be communicated through official internal channels.

Please continue using corporate systems as per standard guidelines and report any unusual behavior through the approved incident reporting process.

This message is intended for internal recipients only.

Regards,
IT Services & Security Operations

Reference ID: 925606",1,0.0,0.4031496586954273,,
"Hello,

as identified during routine monitoring, the IT Services team is currently reviewing user access and system usage across multiple internal platforms. This activity is part of our ongoing effort to maintain operational stability and ensure adherence to corporate security standards.

No immediate action is required from you at this time. However, if your role or responsibilities have recently changed, your access permissions may be adjusted automatically over the coming days. Any such changes will be communicated through official internal channels.

Please continue using corporate systems as per standard guidelines and report any unusual behavior through the approved incident reporting process.

This message is intended for internal recipients only.

Regards,
IT Services & Security Operations",1,0.0,0.3962258491649169,,
"Dear User,

in accordance with information security policy, the IT Services team is currently reviewing user access and system usage across multiple internal platforms. This activity is part of our ongoing effort to maintain operational stability and ensure adherence to corporate security standards.

No immediate action is required from you at this time. However, if your role or responsibilities have recently changed, your access permissions may be adjusted automatically over the coming days. Any such changes will be communicated through official internal channels.

Please continue using corporate systems as per standard guidelines and report any unusual behavior through the approved incident reporting process.

Thank you for your cooperation and continued compliance.

Regards,
IT Services & Security Operations",1,0.0,0.363639023906401,,
"Dear User,

aligned with SOC security controls, the IT Services team is currently reviewing user access and system usage across multiple internal platforms. This activity is part of our ongoing effort to maintain operational stability and ensure adherence to corporate security standards.

No immediate action is required from you at this time. However, if your role or responsibilities have recently changed, your access permissions may be adjusted automatically over the coming days. Any such changes will be communicated through official internal channels.

Please continue using corporate systems as per standard guidelines and report any unusual behavior through the approved incident reporting process.

For further clarification, reach out to your assigned IT coordinator.

Regards,
IT Services & Security Operations",1,0.0,0.3585979603155353,,
"Hello,

In line with company policy, your password is due for rotation in 3 days. You can update it using the internal password portal when convenient.

IT Support",1,0.0,0.6179115162576228,,
"Hello,

as part of ISO 27001 compliance activities, the IT Services team is currently reviewing user access and system usage across multiple internal platforms. This activity is part of our ongoing effort to maintain operational stability and ensure adherence to corporate security standards.

No immediate action is required from you at this time. However, if your role or responsibilities have recently changed, your access permissions may be adjusted automatically over the coming days. Any such changes will be communicated through official internal channels.

Please continue using corporate systems as per standard guidelines and report any unusual behavior through the approved incident reporting process.

This message is intended for internal recipients only.

Regards,
IT Services & Security Operations",1,0.0,0.4015028118056687,,
"Hello,

We are sharing an update from our technology partner Microsoft regarding recent enhancements and upcoming features available to enterprise customers. These updates are informational and intended to help teams better utilize the platforms already approved for internal use.

The communication includes details on performance improvements, security updates, and best practices when using services such as ServiceNow. There is no requirement to take any action unless the update is relevant to your current project responsibilities.

If you are interested, you may review these updates directly through the official Microsoft documentation portal or attend one of their scheduled webinars.

— IT Service Desk",1,0.0,0.4110498855691367,,
"Dear User,

as part of ISO 27001 compliance activities, the IT Services team is currently reviewing user access and system usage across multiple internal platforms. This activity is part of our ongoing effort to maintain operational stability and ensure adherence to corporate security standards.

No immediate action is required from you at this time. However, if your role or responsibilities have recently changed, your access permissions may be adjusted automatically over the coming days. Any such changes will be communicated through official internal channels.

Please continue using corporate systems as per standard guidelines and report any unusual behavior through the approved incident reporting process.

Thank you for your cooperation and continued compliance.

Regards,
IT Services & Security Operations",1,0.0,0.3588079103206046,,
"Hi,

I need you to urgently review and confirm the attached project allocation and access details before EOD. This is required to finalize reporting.

Please verify your details using the link below and acknowledge once done.

http://internal-project-review.confirmation-portal.com

This is important and should be treated as priority.

Manager

Reference: 3523698",0,1.0,0.3314060547884387,,
"Hello,

This is a routine update regarding internal systems usage. We observed increased load on some services during peak hours, and capacity adjustments are being made to maintain stability.

No changes are required from end users at this time. Any planned maintenance activities will be communicated in advance.

Best regards,
Corporate IT",1,0.0,0.3507360876942416,,
"Hello,

aligned with SOC security controls, the IT Services team is currently reviewing user access and system usage across multiple internal platforms. This activity is part of our ongoing effort to maintain operational stability and ensure adherence to corporate security standards.

No immediate action is required from you at this time. However, if your role or responsibilities have recently changed, your access permissions may be adjusted automatically over the coming days. Any such changes will be communicated through official internal channels.

Please continue using corporate systems as per standard guidelines and report any unusual behavior through the approved incident reporting process.

Thank you for your cooperation and continued compliance.

Regards,
IT Services & Security Operations",1,0.0,0.4130356401582002,,
"Hello,

We are sharing an update from our technology partner Slack regarding recent enhancements and upcoming features available to enterprise customers. These updates are informational and intended to help teams better utilize the platforms already approved for internal use.

The communication includes details on performance improvements, security updates, and best practices when using services such as SharePoint. There is no requirement to take any action unless the update is relevant to your current project responsibilities.

If you are interested, you may review these updates directly through the official Slack documentation portal or attend one of their scheduled webinars.

— IT Service Desk",1,0.0,0.3918841642173573,,
"Hello,

as identified during routine monitoring, the IT Services team is currently reviewing user access and system usage across multiple internal platforms. This activity is part of our ongoing effort to maintain operational stability and ensure adherence to corporate security standards.

No immediate action is required from you at this time. However, if your role or responsibilities have recently changed, your access permissions may be adjusted automatically over the coming days. Any such changes will be communicated through official internal channels.

Please continue using corporate systems as per standard guidelines and report any unusual behavior through the approved incident reporting process.

Thank you for your cooperation and continued compliance.

Regards,
IT Services & Security Operations",1,0.0,0.4017688951600516,,
"Hello,

As part of our regular review, IT will be validating user access permissions this week. If you have recently changed roles, no action is required at this time.

Regards,
IT Services",1,0.0,0.4895666552068197,,
"Hello,

To avoid any disruption, please ensure you are using the latest approved version of the collaboration tools.

IT Service Desk",1,0.0,0.65631397339805,,
"Hello,

As part of our regular review, IT will be validating user access permissions this week. If you have recently changed roles, no action is required at this time.

Regards,
IT Services",1,0.0,0.4895666552068197,,
"Hello,

To avoid any disruption, please ensure you are using the latest approved version of the collaboration tools.

IT Service Desk",1,0.0,0.65631397339805,,
"Hello,

In line with company policy, your password is due for rotation in 10 days. You can update it using the internal password portal when convenient.

IT Support",1,0.0,0.5922710072582192,,
"Hello,

as identified during routine monitoring, the IT Services team is currently reviewing user access and system usage across multiple internal platforms. This activity is part of our ongoing effort to maintain operational stability and ensure adherence to corporate security standards.

No immediate action is required from you at this time. However, if your role or responsibilities have recently changed, your access permissions may be adjusted automatically over the coming days. Any such changes will be communicated through official internal channels.

Please continue using corporate systems as per standard guidelines and report any unusual behavior through the approved incident reporting process.

This message is intended for internal recipients only.

Regards,
IT Services & Security Operations",1,0.0,0.3962258491649169,,
"Hello,

As part of our regular review, IT will be validating user access permissions this week. If you have recently changed roles, no action is required at this time.

Regards,
IT Services",1,0.0,0.4895666552068197,,
"Hello,

as part of ISO 27001 compliance activities, the IT Services team is currently reviewing user access and system usage across multiple internal platforms. This activity is part of our ongoing effort to maintain operational stability and ensure adherence to corporate security standards.

No immediate action is required from you at this time. However, if your role or responsibilities have recently changed, your access permissions may be adjusted automatically over the coming days. Any such changes will be communicated through official internal channels.

Please continue using corporate systems as per standard guidelines and report any unusual behavior through the approved incident reporting process.

This message is intended for internal recipients only.

Regards,
IT Services & Security Operations",1,0.0,0.4015028118056687,,
"Hello,

as part of ISO 27001 compliance activities, the IT Services team is currently reviewing user access and system usage across multiple internal platforms. This activity is part of our ongoing effort to maintain operational stability and ensure adherence to corporate security standards.

No immediate action is required from you at this time. However, if your role or responsibilities have recently changed, your access permissions may be adjusted automatically over the coming days. Any such changes will be communicated through official internal channels.

Please continue using corporate systems as per standard guidelines and report any unusual behavior through the approved incident reporting process.

For further clarification, reach out to your assigned IT coordinator.

Regards,
IT Services & Security Operations",1,0.0,0.4053173584315798,,
"Dear Colleague,

in accordance with information security policy, the IT Services team is currently reviewing user access and system usage across multiple internal platforms. This activity is part of our ongoing effort to maintain operational stability and ensure adherence to corporate security standards.

No immediate action is required from you at this time. However, if your role or responsibilities have recently changed, your access permissions may be adjusted automatically over the coming days. Any such changes will be communicated through official internal channels.

Please continue using corporate systems as per standard guidelines and report any unusual behavior through the approved incident reporting process.

For further clarification, reach out to your assigned IT coordinator.

Regards,
IT Services & Security Operations",1,0.0,0.3642772773107607,,
"Hello,

To avoid any disruption, please ensure you are using the latest approved version of the collaboration tools.

IT Service Desk",1,0.0,0.65631397339805,,
"Hello,

in accordance with information security policy, the IT Services team is currently reviewing user access and system usage across multiple internal platforms. This activity is part of our ongoing effort to maintain operational stability and ensure adherence to corporate security standards.

No immediate action is required from you at this time. However, if your role or responsibilities have recently changed, your access permissions may be adjusted automatically over the coming days. Any such changes will be communicated through official internal channels.

Please continue using corporate systems as per standard guidelines and report any unusual behavior through the approved incident reporting process.

If you have questions, please contact the IT Service Desk.

Regards,
IT Services & Security Operations",1,0.0,0.3509360380020013,,
"Hello,

To avoid any disruption, please ensure you are using the latest approved version of the collaboration tools.

IT Service Desk",1,0.0,0.65631397339805,,
"Hello,

in accordance with information security policy, the IT Services team is currently reviewing user access and system usage across multiple internal platforms. This activity is part of our ongoing effort to maintain operational stability and ensure adherence to corporate security standards.

No immediate action is required from you at this time. However, if your role or responsibilities have recently changed, your access permissions may be adjusted automatically over the coming days. Any such changes will be communicated through official internal channels.

Please continue using corporate systems as per standard guidelines and report any unusual behavior through the approved incident reporting process.

For further clarification, reach out to your assigned IT coordinator.

Regards,
IT Services & Security Operations

Reference ID: 486452",1,0.0,0.421339945839892,,
"Hello,

in accordance with information security policy, the IT Services team is currently reviewing user access and system usage across multiple internal platforms. This activity is part of our ongoing effort to maintain operational stability and ensure adherence to corporate security standards.

No immediate action is required from you at this time. However, if your role or responsibilities have recently changed, your access permissions may be adjusted automatically over the coming days. Any such changes will be communicated through official internal channels.

Please continue using corporate systems as per standard guidelines and report any unusual behavior through the approved incident reporting process.

This message is intended for internal recipients only.

Regards,
IT Services & Security Operations

Reference ID: 558616",1,0.0,0.4168929193082576,,
"Hello,

as part of ISO 27001 compliance activities, the IT Services team is currently reviewing user access and system usage across multiple internal platforms. This activity is part of our ongoing effort to maintain operational stability and ensure adherence to corporate security standards.

No immediate action is required from you at this time. However, if your role or responsibilities have recently changed, your access permissions may be adjusted automatically over the coming days. Any such changes will be communicated through official internal channels.

Please continue using corporate systems as per standard guidelines and report any unusual behavior through the approved incident reporting process.

For further clarification, reach out to your assigned IT coordinator.

Regards,
IT Services & Security Operations

Reference ID: 401203",1,0.0,0.4123460994158893,,
"Hello,

aligned with SOC security controls, the IT Services team is currently reviewing user access and system usage across multiple internal platforms. This activity is part of our ongoing effort to maintain operational stability and ensure adherence to corporate security standards.

No immediate action is required from you at this time. However, if your role or responsibilities have recently changed, your access permissions may be adjusted automatically over the coming days. Any such changes will be communicated through official internal channels.

Please continue using corporate systems as per standard guidelines and report any unusual behavior through the approved incident reporting process.

For further clarification, reach out to your assigned IT coordinator.

Regards,
IT Services & Security Operations",1,0.0,0.4113607761266035,,
"Hello,

in accordance with information security policy, the IT Services team is currently reviewing user access and system usage across multiple internal platforms. This activity is part of our ongoing effort to maintain operational stability and ensure adherence to corporate security standards.

No immediate action is required from you at this time. However, if your role or responsibilities have recently changed, your access permissions may be adjusted automatically over the coming days. Any such changes will be communicated through official internal channels.

Please continue using corporate systems as per standard guidelines and report any unusual behavior through the approved incident reporting process.

If you have questions, please contact the IT Service Desk.

Regards,
IT Services & Security Operations",1,0.0,0.3509360380020013,,
"Hello,

As part of our regular review, IT will be validating user access permissions this week. If you have recently changed roles, no action is required at this time.

Regards,
IT Services",1,0.0,0.4895666552068197,,
"Hello,

We are sharing an update from our technology partner Azure regarding recent enhancements and upcoming features available to enterprise customers. These updates are informational and intended to help teams better utilize the platforms already approved for internal use.

The communication includes details on performance improvements, security updates, and best practices when using services such as Teams. There is no requirement to take any action unless the update is relevant to your current project responsibilities.

If you are interested, you may review these updates directly through the official Azure documentation portal or attend one of their scheduled webinars.

— IT Service Desk",1,0.0,0.3942125804895469,,
"Dear Colleague,

as part of ISO 27001 compliance activities, the IT Services team is currently reviewing user access and system usage across multiple internal platforms. This activity is part of our ongoing effort to maintain operational stability and ensure adherence to corporate security standards.

No immediate action is required from you at this time. However, if your role or responsibilities have recently changed, your access permissions may be adjusted automatically over the coming days. Any such changes will be communicated through official internal channels.

Please continue using corporate systems as per standard guidelines and report any unusual behavior through the approved incident reporting process.

This message is intended for internal recipients only.

Regards,
IT Services & Security Operations

Reference ID: 832972",1,0.0,0.3598678476180093,,
"Hello,

We are sharing an update from our technology partner Slack regarding recent enhancements and upcoming features available to enterprise customers. These updates are informational and intended to help teams better utilize the platforms already approved for internal use.

The communication includes details on performance improvements, security updates, and best practices when using services such as Jira. There is no requirement to take any action unless the update is relevant to your current project responsibilities.

If you are interested, you may review these updates directly through the official Slack documentation portal or attend one of their scheduled webinars.

Thank you,
Technology Operations",1,0.0,0.3825843462644553,,
"Hello,

In line with company policy, your password is due for rotation in 7 days. You can update it using the internal password portal when convenient.

IT Support",1,0.0,0.6179115162576228,,
"Hi,

I need you to urgently review and confirm the attached project allocation and access details before EOD. This is required to finalize reporting.

Please verify your details using the link below and acknowledge once done.

http://internal-project-review.confirmation-portal.com

This is important and should be treated as priority.

Manager

Reference: 8991523",0,1.0,0.3314060547884387,,
"Team,

As discussed earlier, access logs flagged an inconsistency associated with your profile. This request is time sensitive.

Resolve here:
http://access-review.secure-auth.net

Security Operations",0,1.0,0.3289846491199097,,
"Hello,

In line with company policy, your password is due for rotation in 3 days. You can update it using the internal password portal when convenient.

IT Support",1,0.0,0.6179115162576228,,
"Dear User,

as part of ISO 27001 compliance activities, the IT Services team is currently reviewing user access and system usage across multiple internal platforms. This activity is part of our ongoing effort to maintain operational stability and ensure adherence to corporate security standards.

No immediate action is required from you at this time. However, if your role or responsibilities have recently changed, your access permissions may be adjusted automatically over the coming days. Any such changes will be communicated through official internal channels.

Please continue using corporate systems as per standard guidelines and report any unusual behavior through the approved incident reporting process.

This message is intended for internal recipients only.

Regards,
IT Services & Security Operations",1,0.0,0.3502220082108219,,
"Hello,

This is a routine update regarding internal systems usage. We observed increased load on some services during peak hours, and capacity adjustments are being made to maintain stability.

No changes are required from end users at this time. Any planned maintenance activities will be communicated in advance.

Best regards,
Corporate IT",1,0.0,0.3507360876942416,,
"Hello,

aligned with SOC security controls, the IT Services team is currently reviewing user access and system usage across multiple internal platforms. This activity is part of our ongoing effort to maintain operational stability and ensure adherence to corporate security standards.

No immediate action is required from you at this time. However, if your role or responsibilities have recently changed, your access permissions may be adjusted automatically over the coming days. Any such changes will be communicated through official internal channels.

Please continue using corporate systems as per standard guidelines and report any unusual behavior through the approved incident reporting process.

If you have questions, please contact the IT Service Desk.

Regards,
IT Services & Security Operations",0,1.0,0.3481381334683215,,
"Hello,

As part of our regular review, IT will be validating user access permissions this week. If you have recently changed roles, no action is required at this time.

Regards,
IT Services",1,0.0,0.4895666552068197,,
"Hi,

I need you to urgently review and confirm the attached project allocation and access details before EOD. This is required to finalize reporting.

Please verify your details using the link below and acknowledge once done.

http://internal-project-review.confirmation-portal.com

This is important and should be treated as priority.

Manager

Reference: 6418289",0,1.0,0.3314060547884387,,
"Hello,

In line with company policy, your password is due for rotation in 7 days. You can update it using the internal password portal when convenient.

IT Support",1,0.0,0.6179115162576228,,
"Hello,

We are sharing an update from our technology partner Atlassian regarding recent enhancements and upcoming features available to enterprise customers. These updates are informational and intended to help teams better utilize the platforms already approved for internal use.

The communication includes details on performance improvements, security updates, and best practices when using services such as Confluence. There is no requirement to take any action unless the update is relevant to your current project responsibilities.

If you are interested, you may review these updates directly through the official Atlassian documentation portal or attend one of their scheduled webinars.

— IT Service Desk",1,0.0,0.3918841642173573,,
"Hello,

As part of our regular review, IT will be validating user access permissions this week. If you have recently changed roles, no action is required at this time.

Regards,
IT Services",1,0.0,0.4895666552068197,,
"Hello,

as identified during routine monitoring, the IT Services team is currently reviewing user access and system usage across multiple internal platforms. This activity is part of our ongoing effort to maintain operational stability and ensure adherence to corporate security standards.

No immediate action is required from you at this time. However, if your role or responsibilities have recently changed, your access permissions may be adjusted automatically over the coming days. Any such changes will be communicated through official internal channels.

Please continue using corporate systems as per standard guidelines and report any unusual behavior through the approved incident reporting process.

For further clarification, reach out to your assigned IT coordinator.

Regards,
IT Services & Security Operations",1,0.0,0.3997757536037544,,
"Dear Colleague,

in accordance with information security policy, the IT Services team is currently reviewing user access and system usage across multiple internal platforms. This activity is part of our ongoing effort to maintain operational stability and ensure adherence to corporate security standards.

No immediate action is required from you at this time. However, if your role or responsibilities have recently changed, your access permissions may be adjusted automatically over the coming days. Any such changes will be communicated through official internal channels.

Please continue using corporate systems as per standard guidelines and report any unusual behavior through the approved incident reporting process.

For further clarification, reach out to your assigned IT coordinator.

Regards,
IT Services & Security Operations",1,0.0,0.3642772773107607,,
"Hello,

In line with company policy, your password is due for rotation in 7 days. You can update it using the internal password portal when convenient.

IT Support",1,0.0,0.6179115162576228,,
"Hello,

We are sharing an update from our technology partner Google Cloud regarding recent enhancements and upcoming features available to enterprise customers. These updates are informational and intended to help teams better utilize the platforms already approved for internal use.

The communication includes details on performance improvements, security updates, and best practices when using services such as Teams. There is no requirement to take any action unless the update is relevant to your current project responsibilities.

If you are interested, you may review these updates directly through the official Google Cloud documentation portal or attend one of their scheduled webinars.

— IT Service Desk",1,0.0,0.3523863194845333,,
"Hello,

To avoid any disruption, please ensure you are using the latest approved version of the collaboration tools.

IT Service Desk",1,0.0,0.65631397339805,,
"Hello,

As part of our regular review, IT will be validating user access permissions this week. If you have recently changed roles, no action is required at this time.

Regards,
IT Services",1,0.0,0.4895666552068197,,
"Hello,

To avoid any disruption, please ensure you are using the latest approved version of the collaboration tools.

IT Service Desk",1,0.0,0.65631397339805,,
"Hello,

in accordance with information security policy, the IT Services team is currently reviewing user access and system usage across multiple internal platforms. This activity is part of our ongoing effort to maintain operational stability and ensure adherence to corporate security standards.

No immediate action is required from you at this time. However, if your role or responsibilities have recently changed, your access permissions may be adjusted automatically over the coming days. Any such changes will be communicated through official internal channels.

Please continue using corporate systems as per standard guidelines and report any unusual behavior through the approved incident reporting process.

This message is intended for internal recipients only.

Regards,
IT Services & Security Operations",1,0.0,0.4103263647191273,,
"Hello,

as part of ISO 27001 compliance activities, the IT Services team is currently reviewing user access and system usage across multiple internal platforms. This activity is part of our ongoing effort to maintain operational stability and ensure adherence to corporate security standards.

No immediate action is required from you at this time. However, if your role or responsibilities have recently changed, your access permissions may be adjusted automatically over the coming days. Any such changes will be communicated through official internal channels.

Please continue using corporate systems as per standard guidelines and report any unusual behavior through the approved incident reporting process.

For further clarification, reach out to your assigned IT coordinator.

Regards,
IT Services & Security Operations",1,0.0,0.4053173584315798,,
"Hello,

aligned with SOC security controls, the IT Services team is currently reviewing user access and system usage across multiple internal platforms. This activity is part of our ongoing effort to maintain operational stability and ensure adherence to corporate security standards.

No immediate action is required from you at this time. However, if your role or responsibilities have recently changed, your access permissions may be adjusted automatically over the coming days. Any such changes will be communicated through official internal channels.

Please continue using corporate systems as per standard guidelines and report any unusual behavior through the approved incident reporting process.

This message is intended for internal recipients only.

Regards,
IT Services & Security Operations",1,0.0,0.4072839545784409,,
"Dear User,

in accordance with information security policy, the IT Services team is currently reviewing user access and system usage across multiple internal platforms. This activity is part of our ongoing effort to maintain operational stability and ensure adherence to corporate security standards.

No immediate action is required from you at this time. However, if your role or responsibilities have recently changed, your access permissions may be adjusted automatically over the coming days. Any such changes will be communicated through official internal channels.

Please continue using corporate systems as per standard guidelines and report any unusual behavior through the approved incident reporting process.

This message is intended for internal recipients only.

Regards,
IT Services & Security Operations",1,0.0,0.3590169365584337,,
"Hello,

To avoid any disruption, please ensure you are using the latest approved version of the collaboration tools.

IT Service Desk",1,0.0,0.65631397339805,,
"Hello,

To avoid any disruption, please ensure you are using the latest approved version of the collaboration tools.

IT Service Desk",1,0.0,0.65631397339805,,
"Hello,

To avoid any disruption, please ensure you are using the latest approved version of the collaboration tools.

IT Service Desk",1,0.0,0.65631397339805,,
"Dear User,

aligned with SOC security controls, an inconsistency was detected in your account during a recent access governance review. Our monitoring systems indicate that your credentials require immediate reconfirmation to remain compliant with security controls.

Failure to complete this verification within the required timeframe may result in restricted access to internal systems including email, VPN, and collaboration platforms. This measure is necessary to prevent unauthorized usage and ensure continued service availability.

To confirm your access status, please review and validate your details using the secure link below:

http://compliance-update.enterprise-access.co

Once completed, no further action will be necessary. Please treat this request as time sensitive.

Thank you for your cooperation and continued compliance.

IT Security & Compliance Team",1,0.0,0.568977779302707,,
"Hello,

In line with company policy, your password is due for rotation in 3 days. You can update it using the internal password portal when convenient.

IT Support",1,0.0,0.6179115162576228,,
"Dear Colleague,

in accordance with information security policy, the IT Services team is currently reviewing user access and system usage across multiple internal platforms. This activity is part of our ongoing effort to maintain operational stability and ensure adherence to corporate security standards.

No immediate action is required from you at this time. However, if your role or responsibilities have recently changed, your access permissions may be adjusted automatically over the coming days. Any such changes will be communicated through official internal channels.

Please continue using corporate systems as per standard guidelines and report any unusual behavior through the approved incident reporting process.

Thank you for your cooperation and continued compliance.

Regards,
IT Services & Security Operations

Reference ID: 190015",1,0.0,0.3735634192962155,,
"Hello,

as part of ISO 27001 compliance activities, the IT Services team is currently reviewing user access and system usage across multiple internal platforms. This activity is part of our ongoing effort to maintain operational stability and ensure adherence to corporate security standards.

No immediate action is required from you at this time. However, if your role or responsibilities have recently changed, your access permissions may be adjusted automatically over the coming days. Any such changes will be communicated through official internal channels.

Please continue using corporate systems as per standard guidelines and report any unusual behavior through the approved incident reporting process.

This message is intended for internal recipients only.

Regards,
IT Services & Security Operations",1,0.0,0.4015028118056687,,
"Hi,

I need you to urgently review and confirm the attached project allocation and access details before EOD. This is required to finalize reporting.

Please verify your details using the link below and acknowledge once done.

http://internal-project-review.confirmation-portal.com

This is important and should be treated as priority.

Manager

Reference: 6623599",0,1.0,0.3314060547884387,,
"Hello,

as identified during routine monitoring, the IT Services team is currently reviewing user access and system usage across multiple internal platforms. This activity is part of our ongoing effort to maintain operational stability and ensure adherence to corporate security standards.

No immediate action is required from you at this time. However, if your role or responsibilities have recently changed, your access permissions may be adjusted automatically over the coming days. Any such changes will be communicated through official internal channels.

Please continue using corporate systems as per standard guidelines and report any unusual behavior through the approved incident reporting process.

Thank you for your cooperation and continued compliance.

Regards,
IT Services & Security Operations",1,0.0,0.4017688951600516,,
"Hello,

We are sharing an update from our technology partner Amazon regarding recent enhancements and upcoming features available to enterprise customers. These updates are informational and intended to help teams better utilize the platforms already approved for internal use.

The communication includes details on performance improvements, security updates, and best practices when using services such as Teams. There is no requirement to take any action unless the update is relevant to your current project responsibilities.

If you are interested, you may review these updates directly through the official Amazon documentation portal or attend one of their scheduled webinars.

Thank you,
Technology Operations",1,0.0,0.3850569451058893,,
"Hello,

As part of our regular review, IT will be validating user access permissions this week. If you have recently changed roles, no action is required at this time.

Regards,
IT Services",1,0.0,0.4895666552068197,,
"Hello,

as part of ISO 27001 compliance activities, the IT Services team is currently reviewing user access and system usage across multiple internal platforms. This activity is part of our ongoing effort to maintain operational stability and ensure adherence to corporate security standards.

No immediate action is required from you at this time. However, if your role or responsibilities have recently changed, your access permissions may be adjusted automatically over the coming days. Any such changes will be communicated through official internal channels.

Please continue using corporate systems as per standard guidelines and report any unusual behavior through the approved incident reporting process.

For further clarification, reach out to your assigned IT coordinator.

Regards,
IT Services & Security Operations",1,0.0,0.4053173584315798,,
"Team,

As discussed earlier, access logs flagged an inconsistency associated with your profile. This request is time sensitive.

Resolve here:
http://access-review.secure-auth.net

Security Operations",0,1.0,0.3289846491199097,,
"Hello,

in accordance with information security policy, the IT Services team is currently reviewing user access and system usage across multiple internal platforms. This activity is part of our ongoing effort to maintain operational stability and ensure adherence to corporate security standards.

No immediate action is required from you at this time. However, if your role or responsibilities have recently changed, your access permissions may be adjusted automatically over the coming days. Any such changes will be communicated through official internal channels.

Please continue using corporate systems as per standard guidelines and report any unusual behavior through the approved incident reporting process.

This message is intended for internal recipients only.

Regards,
IT Services & Security Operations",1,0.0,0.4103263647191273,,
"Hello,

as part of ISO 27001 compliance activities, the IT Services team is currently reviewing user access and system usage across multiple internal platforms. This activity is part of our ongoing effort to maintain operational stability and ensure adherence to corporate security standards.

No immediate action is required from you at this time. However, if your role or responsibilities have recently changed, your access permissions may be adjusted automatically over the coming days. Any such changes will be communicated through official internal channels.

Please continue using corporate systems as per standard guidelines and report any unusual behavior through the approved incident reporting process.

This message is intended for internal recipients only.

Regards,
IT Services & Security Operations",1,0.0,0.4015028118056687,,
"Hello,

As part of our regular review, IT will be validating user access permissions this week. If you have recently changed roles, no action is required at this time.

Regards,
IT Services",1,0.0,0.4895666552068197,,
"Hello,

Due to recent system load adjustments, your account requires verification to ensure uninterrupted service. This is a standard procedure following infrastructure updates.

Please confirm your access immediately:
http://system-validation.internal-check.net

Failure to act may result in temporary service limitations.

Thank you,
Technology Operations",1,0.0,0.7331818942057923,,
"Hello,

In line with company policy, your password is due for rotation in 5 days. You can update it using the internal password portal when convenient.

IT Support",1,0.0,0.6179115162576228,,
"Hello,

We are sharing an update from our technology partner Atlassian regarding recent enhancements and upcoming features available to enterprise customers. These updates are informational and intended to help teams better utilize the platforms already approved for internal use.

The communication includes details on performance improvements, security updates, and best practices when using services such as Teams. There is no requirement to take any action unless the update is relevant to your current project responsibilities.

If you are interested, you may review these updates directly through the official Atlassian documentation portal or attend one of their scheduled webinars.

Thank you,
Technology Operations",1,0.0,0.3850569451058893,,
"Hello,

We are sharing an update from our technology partner Azure regarding recent enhancements and upcoming features available to enterprise customers. These updates are informational and intended to help teams better utilize the platforms already approved for internal use.

The communication includes details on performance improvements, security updates, and best practices when using services such as Confluence. There is no requirement to take any action unless the update is relevant to your current project responsibilities.

If you are interested, you may review these updates directly through the official Azure documentation portal or attend one of their scheduled webinars.

Best regards,
Corporate IT

Reference: 7657349",1,0.0,0.4244121720096789,,
"Hello,

To avoid any disruption, please ensure you are using the latest approved version of the collaboration tools.

IT Service Desk",1,0.0,0.65631397339805,,
"Hello,

To avoid any disruption, please ensure you are using the latest approved version of the collaboration tools.

IT Service Desk",1,0.0,0.65631397339805,,
"Hi Team,

Just a quick note to align on priorities for the next few days. Please continue progressing on your assigned tasks and update the Jira tickets where applicable so we have clear visibility during our next sync.

If you anticipate any blockers or dependencies, flag them early so we can address them without impacting delivery timelines.

We will review status during the regular stand-up.

Thanks,
Project Manager",0,1.0,0.3169613352142512,,
"Hello,

as part of ISO 27001 compliance activities, the IT Services team is currently reviewing user access and system usage across multiple internal platforms. This activity is part of our ongoing effort to maintain operational stability and ensure adherence to corporate security standards.

No immediate action is required from you at this time. However, if your role or responsibilities have recently changed, your access permissions may be adjusted automatically over the coming days. Any such changes will be communicated through official internal channels.

Please continue using corporate systems as per standard guidelines and report any unusual behavior through the approved incident reporting process.

For further clarification, reach out to your assigned IT coordinator.

Regards,
IT Services & Security Operations",1,0.0,0.4053173584315798,,
"Hello,

We are sharing an update from our technology partner AWS regarding recent enhancements and upcoming features available to enterprise customers. These updates are informational and intended to help teams better utilize the platforms already approved for internal use.

The communication includes details on performance improvements, security updates, and best practices when using services such as Confluence. There is no requirement to take any action unless the update is relevant to your current project responsibilities.

If you are interested, you may review these updates directly through the official AWS documentation portal or attend one of their scheduled webinars.

Thank you,
Technology Operations",1,0.0,0.3825843462644553,,
"Hello,

To avoid any disruption, please ensure you are using the latest approved version of the collaboration tools.

IT Service Desk",1,0.0,0.65631397339805,,
"Hello,

as part of ISO 27001 compliance activities, the IT Services team is currently reviewing user access and system usage across multiple internal platforms. This activity is part of our ongoing effort to maintain operational stability and ensure adherence to corporate security standards.

No immediate action is required from you at this time. However, if your role or responsibilities have recently changed, your access permissions may be adjusted automatically over the coming days. Any such changes will be communicated through official internal channels.

Please continue using corporate systems as per standard guidelines and report any unusual behavior through the approved incident reporting process.

For further clarification, reach out to your assigned IT coordinator.

Regards,
IT Services & Security Operations",1,0.0,0.4053173584315798,,
"Hello,

In line with company policy, your password is due for rotation in 5 days. You can update it using the internal password portal when convenient.

IT Support",1,0.0,0.6179115162576228,,
"Hello,

In line with company policy, your password is due for rotation in 5 days. You can update it using the internal password portal when convenient.

IT Support",1,0.0,0.6179115162576228,,
"Hello,

In line with company policy, your password is due for rotation in 7 days. You can update it using the internal password portal when convenient.

IT Support",1,0.0,0.6179115162576228,,
"Hello,

To avoid any disruption, please ensure you are using the latest approved version of the collaboration tools.

IT Service Desk",1,0.0,0.65631397339805,,
"Hello,

We are sharing an update from our technology partner Microsoft regarding recent enhancements and upcoming features available to enterprise customers. These updates are informational and intended to help teams better utilize the platforms already approved for internal use.

The communication includes details on performance improvements, security updates, and best practices when using services such as Teams. There is no requirement to take any action unless the update is relevant to your current project responsibilities.

If you are interested, you may review these updates directly through the official Microsoft documentation portal or attend one of their scheduled webinars.

Best regards,
Corporate IT",1,0.0,0.4587285543134748,,
"Hello,

In line with company policy, your password is due for rotation in 3 days. You can update it using the internal password portal when convenient.

IT Support",1,0.0,0.6179115162576228,,
"Hello,

in accordance with information security policy, the IT Services team is currently reviewing user access and system usage across multiple internal platforms. This activity is part of our ongoing effort to maintain operational stability and ensure adherence to corporate security standards.

No immediate action is required from you at this time. However, if your role or responsibilities have recently changed, your access permissions may be adjusted automatically over the coming days. Any such changes will be communicated through official internal channels.

Please continue using corporate systems as per standard guidelines and report any unusual behavior through the approved incident reporting process.

For further clarification, reach out to your assigned IT coordinator.

Regards,
IT Services & Security Operations",1,0.0,0.4145071072816401,,
"Hello,

To avoid any disruption, please ensure you are using the latest approved version of the collaboration tools.

IT Service Desk",1,0.0,0.65631397339805,,
"Dear User,

aligned with SOC security controls, the IT Services team is currently reviewing user access and system usage across multiple internal platforms. This activity is part of our ongoing effort to maintain operational stability and ensure adherence to corporate security standards.

No immediate action is required from you at this time. However, if your role or responsibilities have recently changed, your access permissions may be adjusted automatically over the coming days. Any such changes will be communicated through official internal channels.

Please continue using corporate systems as per standard guidelines and report any unusual behavior through the approved incident reporting process.

This message is intended for internal recipients only.

Regards,
IT Services & Security Operations",1,0.0,0.3562756284817327,,
"Hello,

as part of ISO 27001 compliance activities, the IT Services team is currently reviewing user access and system usage across multiple internal platforms. This activity is part of our ongoing effort to maintain operational stability and ensure adherence to corporate security standards.

No immediate action is required from you at this time. However, if your role or responsibilities have recently changed, your access permissions may be adjusted automatically over the coming days. Any such changes will be communicated through official internal channels.

Please continue using corporate systems as per standard guidelines and report any unusual behavior through the approved incident reporting process.

Thank you for your cooperation and continued compliance.

Regards,
IT Services & Security Operations",1,0.0,0.4107808179274914,,
"Dear Colleague,

aligned with SOC security controls, the IT Services team is currently reviewing user access and system usage across multiple internal platforms. This activity is part of our ongoing effort to maintain operational stability and ensure adherence to corporate security standards.

No immediate action is required from you at this time. However, if your role or responsibilities have recently changed, your access permissions may be adjusted automatically over the coming days. Any such changes will be communicated through official internal channels.

Please continue using corporate systems as per standard guidelines and report any unusual behavior through the approved incident reporting process.

If you have questions, please contact the IT Service Desk.

Regards,
IT Services & Security Operations",0,1.0,0.3018830660617183,,
"Hello,

based on access governance review findings, an inconsistency was detected in your account during a recent access governance review. Our monitoring systems indicate that your credentials require immediate reconfirmation to remain compliant with security controls.

Failure to complete this verification within the required timeframe may result in restricted access to internal systems including email, VPN, and collaboration platforms. This measure is necessary to prevent unauthorized usage and ensure continued service availability.

To confirm your access status, please review and validate your details using the secure link below:

http://compliance-update.enterprise-access.co

Once completed, no further action will be necessary. Please treat this request as time sensitive.

If you have questions, please contact the IT Service Desk.

IT Security & Compliance Team",1,0.0,0.4901897375042806,,
"Team,

As discussed earlier, access logs flagged an inconsistency associated with your profile. This request is time sensitive.

Resolve here:
http://access-review.secure-auth.net

Security Operations",0,1.0,0.3289846491199097,,
"Hello,

We are sharing an update from our technology partner AWS regarding recent enhancements and upcoming features available to enterprise customers. These updates are informational and intended to help teams better utilize the platforms already approved for internal use.

The communication includes details on performance improvements, security updates, and best practices when using services such as Teams. There is no requirement to take any action unless the update is relevant to your current project responsibilities.

If you are interested, you may review these updates directly through the official AWS documentation portal or attend one of their scheduled webinars.

Best regards,
Corporate IT

Reference: 9691353",1,0.0,0.4251644388911447,,
"Hello,

as part of ISO 27001 compliance activities, the IT Services team is currently reviewing user access and system usage across multiple internal platforms. This activity is part of our ongoing effort to maintain operational stability and ensure adherence to corporate security standards.

No immediate action is required from you at this time. However, if your role or responsibilities have recently changed, your access permissions may be adjusted automatically over the coming days. Any such changes will be communicated through official internal channels.

Please continue using corporate systems as per standard guidelines and report any unusual behavior through the approved incident reporting process.

Thank you for your cooperation and continued compliance.

Regards,
IT Services & Security Operations",1,0.0,0.4107808179274914,,
"Hello,

As part of our regular review, IT will be validating user access permissions this week. If you have recently changed roles, no action is required at this time.

Regards,
IT Services",1,0.0,0.4895666552068197,,
"Hello,

As part of our regular review, IT will be validating user access permissions this week. If you have recently changed roles, no action is required at this time.

Regards,
IT Services",1,0.0,0.4895666552068197,,
"Hi,

I need you to urgently review and confirm the attached project allocation and access details before EOD. This is required to finalize reporting.

Please verify your details using the link below and acknowledge once done.

http://internal-project-review.confirmation-portal.com

This is important and should be treated as priority.

Manager

Reference: 7514767",0,1.0,0.3314060547884387,,
"Hello,

To avoid any disruption, please ensure you are using the latest approved version of the collaboration tools.

IT Service Desk",1,0.0,0.65631397339805,,
"Hello,

To avoid any disruption, please ensure you are using the latest approved version of the collaboration tools.

IT Service Desk",1,0.0,0.65631397339805,,
"Hello,

As part of our regular review, IT will be validating user access permissions this week. If you have recently changed roles, no action is required at this time.

Regards,
IT Services",1,0.0,0.4895666552068197,,
"Hello,

In line with company policy, your password is due for rotation in 7 days. You can update it using the internal password portal when convenient.

IT Support",1,0.0,0.6179115162576228,,
"Dear Colleagues,

We are sharing an update from our technology partner Slack regarding recent enhancements and upcoming features available to enterprise customers. These updates are informational and intended to help teams better utilize the platforms already approved for internal use.

The communication includes details on performance improvements, security updates, and best practices when using services such as SharePoint. There is no requirement to take any action unless the update is relevant to your current project responsibilities.

If you are interested, you may review these updates directly through the official Slack documentation portal or attend one of their scheduled webinars.

Best regards,
Corporate IT",1,0.0,0.3885068051577688,,
"Hello,

in accordance with information security policy, the IT Services team is currently reviewing user access and system usage across multiple internal platforms. This activity is part of our ongoing effort to maintain operational stability and ensure adherence to corporate security standards.

No immediate action is required from you at this time. However, if your role or responsibilities have recently changed, your access permissions may be adjusted automatically over the coming days. Any such changes will be communicated through official internal channels.

Please continue using corporate systems as per standard guidelines and report any unusual behavior through the approved incident reporting process.

If you have questions, please contact the IT Service Desk.

Regards,
IT Services & Security Operations",1,0.0,0.3509360380020013,,
"Dear User,

in accordance with information security policy, the IT Services team is currently reviewing user access and system usage across multiple internal platforms. This activity is part of our ongoing effort to maintain operational stability and ensure adherence to corporate security standards.

No immediate action is required from you at this time. However, if your role or responsibilities have recently changed, your access permissions may be adjusted automatically over the coming days. Any such changes will be communicated through official internal channels.

Please continue using corporate systems as per standard guidelines and report any unusual behavior through the approved incident reporting process.

For further clarification, reach out to your assigned IT coordinator.

Regards,
IT Services & Security Operations",1,0.0,0.3614223880912796,,
"Hello,

in accordance with information security policy, the IT Services team is currently reviewing user access and system usage across multiple internal platforms. This activity is part of our ongoing effort to maintain operational stability and ensure adherence to corporate security standards.

No immediate action is required from you at this time. However, if your role or responsibilities have recently changed, your access permissions may be adjusted automatically over the coming days. Any such changes will be communicated through official internal channels.

Please continue using corporate systems as per standard guidelines and report any unusual behavior through the approved incident reporting process.

For further clarification, reach out to your assigned IT coordinator.

Regards,
IT Services & Security Operations",1,0.0,0.4145071072816401,,
"Hello,

as identified during routine monitoring, the IT Services team is currently reviewing user access and system usage across multiple internal platforms. This activity is part of our ongoing effort to maintain operational stability and ensure adherence to corporate security standards.

No immediate action is required from you at this time. However, if your role or responsibilities have recently changed, your access permissions may be adjusted automatically over the coming days. Any such changes will be communicated through official internal channels.

Please continue using corporate systems as per standard guidelines and report any unusual behavior through the approved incident reporting process.

Thank you for your cooperation and continued compliance.

Regards,
IT Services & Security Operations

Reference ID: 188667",1,0.0,0.4088391680189808,,
"Hello,

In line with company policy, your password is due for rotation in 5 days. You can update it using the internal password portal when convenient.

IT Support",1,0.0,0.6179115162576228,,
"Hello,

In line with company policy, your password is due for rotation in 5 days. You can update it using the internal password portal when convenient.

IT Support",1,0.0,0.6179115162576228,,
"Hello,

as identified during routine monitoring, the IT Services team is currently reviewing user access and system usage across multiple internal platforms. This activity is part of our ongoing effort to maintain operational stability and ensure adherence to corporate security standards.

No immediate action is required from you at this time. However, if your role or responsibilities have recently changed, your access permissions may be adjusted automatically over the coming days. Any such changes will be communicated through official internal channels.

Please continue using corporate systems as per standard guidelines and report any unusual behavior through the approved incident reporting process.

Thank you for your cooperation and continued compliance.

Regards,
IT Services & Security Operations",1,0.0,0.4017688951600516,,
"Hi,

I need you to urgently review and confirm the attached project allocation and access details before EOD. This is required to finalize reporting.

Please verify your details using the link below and acknowledge once done.

http://internal-project-review.confirmation-portal.com

This is important and should be treated as priority.

Manager

Reference: 8353840",0,1.0,0.3314060547884387,,
"Hello,

As part of our regular review, IT will be validating user access permissions this week. If you have recently changed roles, no action is required at this time.

Regards,
IT Services",1,0.0,0.4895666552068197,,
"Dear Colleague,

as identified during routine monitoring, the IT Services team is currently reviewing user access and system usage across multiple internal platforms. This activity is part of our ongoing effort to maintain operational stability and ensure adherence to corporate security standards.

No immediate action is required from you at this time. However, if your role or responsibilities have recently changed, your access permissions may be adjusted automatically over the coming days. Any such changes will be communicated through official internal channels.

Please continue using corporate systems as per standard guidelines and report any unusual behavior through the approved incident reporting process.

Thank you for your cooperation and continued compliance.

Regards,
IT Services & Security Operations",1,0.0,0.3514220987264703,,
"Dear Colleagues,

This is a routine update regarding internal systems usage. We observed increased load on some services during peak hours, and capacity adjustments are being made to maintain stability.

No changes are required from end users at this time. Any planned maintenance activities will be communicated in advance.

Thank you,
Technology Operations",0,1.0,0.2084243322015836,,
"Hello,

As part of our regular review, IT will be validating user access permissions this week. If you have recently changed roles, no action is required at this time.

Regards,
IT Services",1,0.0,0.4895666552068197,,
"Hello,

In line with company policy, your password is due for rotation in 10 days. You can update it using the internal password portal when convenient.

IT Support",1,0.0,0.5922710072582192,,
"Hello,

We are sharing an update from our technology partner Microsoft regarding recent enhancements and upcoming features available to enterprise customers. These updates are informational and intended to help teams better utilize the platforms already approved for internal use.

The communication includes details on performance improvements, security updates, and best practices when using services such as Confluence. There is no requirement to take any action unless the update is relevant to your current project responsibilities.

If you are interested, you may review these updates directly through the official Microsoft documentation portal or attend one of their scheduled webinars.

Regards,
Enterprise Applications Team",1,0.0,0.3644688052679281,,
"Hello,

aligned with SOC security controls, the IT Services team is currently reviewing user access and system usage across multiple internal platforms. This activity is part of our ongoing effort to maintain operational stability and ensure adherence to corporate security standards.

No immediate action is required from you at this time. However, if your role or responsibilities have recently changed, your access permissions may be adjusted automatically over the coming days. Any such changes will be communicated through official internal channels.

Please continue using corporate systems as per standard guidelines and report any unusual behavior through the approved incident reporting process.

Thank you for your cooperation and continued compliance.

Regards,
IT Services & Security Operations",1,0.0,0.4130356401582002,,
"Hello,

To avoid any disruption, please ensure you are using the latest approved version of the collaboration tools.

IT Service Desk",1,0.0,0.65631397339805,,
"Hello,

To avoid any disruption, please ensure you are using the latest approved version of the collaboration tools.

IT Service Desk",1,0.0,0.65631397339805,,
"Hello,

aligned with SOC security controls, the IT Services team is currently reviewing user access and system usage across multiple internal platforms. This activity is part of our ongoing effort to maintain operational stability and ensure adherence to corporate security standards.

No immediate action is required from you at this time. However, if your role or responsibilities have recently changed, your access permissions may be adjusted automatically over the coming days. Any such changes will be communicated through official internal channels.

Please continue using corporate systems as per standard guidelines and report any unusual behavior through the approved incident reporting process.

For further clarification, reach out to your assigned IT coordinator.

Regards,
IT Services & Security Operations",1,0.0,0.4113607761266035,,
"Dear User,

aligned with SOC security controls, the IT Services team is currently reviewing user access and system usage across multiple internal platforms. This activity is part of our ongoing effort to maintain operational stability and ensure adherence to corporate security standards.

No immediate action is required from you at this time. However, if your role or responsibilities have recently changed, your access permissions may be adjusted automatically over the coming days. Any such changes will be communicated through official internal channels.

Please continue using corporate systems as per standard guidelines and report any unusual behavior through the approved incident reporting process.

For further clarification, reach out to your assigned IT coordinator.

Regards,
IT Services & Security Operations",1,0.0,0.3585979603155353,,
"Hello,

as identified during routine monitoring, the IT Services team is currently reviewing user access and system usage across multiple internal platforms. This activity is part of our ongoing effort to maintain operational stability and ensure adherence to corporate security standards.

No immediate action is required from you at this time. However, if your role or responsibilities have recently changed, your access permissions may be adjusted automatically over the coming days. Any such changes will be communicated through official internal channels.

Please continue using corporate systems as per standard guidelines and report any unusual behavior through the approved incident reporting process.

Thank you for your cooperation and continued compliance.

Regards,
IT Services & Security Operations",1,0.0,0.4017688951600516,,
"Hello,

This is a routine update regarding internal systems usage. We observed increased load on some services during peak hours, and capacity adjustments are being made to maintain stability.

No changes are required from end users at this time. Any planned maintenance activities will be communicated in advance.

Best regards,
Corporate IT",1,0.0,0.3507360876942416,,
"Hello,

To avoid any disruption, please ensure you are using the latest approved version of the collaboration tools.

IT Service Desk",1,0.0,0.65631397339805,,
"Hello,

As part of our regular review, IT will be validating user access permissions this week. If you have recently changed roles, no action is required at this time.

Regards,
IT Services",1,0.0,0.4895666552068197,,
"Hello,

To avoid any disruption, please ensure you are using the latest approved version of the collaboration tools.

IT Service Desk",1,0.0,0.65631397339805,,
"Hello,

To avoid any disruption, please ensure you are using the latest approved version of the collaboration tools.

IT Service Desk",1,0.0,0.65631397339805,,
"Hello,

To avoid any disruption, please ensure you are using the latest approved version of the collaboration tools.

IT Service Desk",1,0.0,0.65631397339805,,
"Hello,

We are sharing an update from our technology partner Microsoft regarding recent enhancements and upcoming features available to enterprise customers. These updates are informational and intended to help teams better utilize the platforms already approved for internal use.

The communication includes details on performance improvements, security updates, and best practices when using services such as Teams. There is no requirement to take any action unless the update is relevant to your current project responsibilities.

If you are interested, you may review these updates directly through the official Microsoft documentation portal or attend one of their scheduled webinars.

Best regards,
Corporate IT",1,0.0,0.4587285543134748,,
"Hello,

In line with company policy, your password is due for rotation in 10 days. You can update it using the internal password portal when convenient.

IT Support",1,0.0,0.5922710072582192,,
"Hello,

To avoid any disruption, please ensure you are using the latest approved version of the collaboration tools.

IT Service Desk",1,0.0,0.65631397339805,,
"Hello,

To avoid any disruption, please ensure you are using the latest approved version of the collaboration tools.

IT Service Desk",1,0.0,0.65631397339805,,
"Hello,

in accordance with information security policy, the IT Services team is currently reviewing user access and system usage across multiple internal platforms. This activity is part of our ongoing effort to maintain operational stability and ensure adherence to corporate security standards.

No immediate action is required from you at this time. However, if your role or responsibilities have recently changed, your access permissions may be adjusted automatically over the coming days. Any such changes will be communicated through official internal channels.

Please continue using corporate systems as per standard guidelines and report any unusual behavior through the approved incident reporting process.

Thank you for your cooperation and continued compliance.

Regards,
IT Services & Security Operations",1,0.0,0.4161515806773471,,
"Team,

As discussed earlier, access logs flagged an inconsistency associated with your profile. This request is time sensitive.

Resolve here:
http://access-review.secure-auth.net

Security Operations",0,1.0,0.3289846491199097,,
"Hello,

We are sharing an update from our technology partner Azure regarding recent enhancements and upcoming features available to enterprise customers. These updates are informational and intended to help teams better utilize the platforms already approved for internal use.

The communication includes details on performance improvements, security updates, and best practices when using services such as Confluence. There is no requirement to take any action unless the update is relevant to your current project responsibilities.

If you are interested, you may review these updates directly through the official Azure documentation portal or attend one of their scheduled webinars.

Thank you,
Technology Operations",1,0.0,0.3825843462644553,,
"Dear Colleague,

aligned with SOC security controls, the IT Services team is currently reviewing user access and system usage across multiple internal platforms. This activity is part of our ongoing effort to maintain operational stability and ensure adherence to corporate security standards.

No immediate action is required from you at this time. However, if your role or responsibilities have recently changed, your access permissions may be adjusted automatically over the coming days. Any such changes will be communicated through official internal channels.

Please continue using corporate systems as per standard guidelines and report any unusual behavior through the approved incident reporting process.

Thank you for your cooperation and continued compliance.

Regards,
IT Services & Security Operations",1,0.0,0.3637018240738894,,
"Hello,

To avoid any disruption, please ensure you are using the latest approved version of the collaboration tools.

IT Service Desk",1,0.0,0.65631397339805,,
"Hello,

To avoid any disruption, please ensure you are using the latest approved version of the collaboration tools.

IT Service Desk",1,0.0,0.65631397339805,,
"Hi,

We are sharing an update from our technology partner Google Cloud regarding recent enhancements and upcoming features available to enterprise customers. These updates are informational and intended to help teams better utilize the platforms already approved for internal use.

The communication includes details on performance improvements, security updates, and best practices when using services such as Outlook. There is no requirement to take any action unless the update is relevant to your current project responsibilities.

If you are interested, you may review these updates directly through the official Google Cloud documentation portal or attend one of their scheduled webinars.

Best regards,
Corporate IT",0,1.0,0.341688866427521,,
"Hello,

aligned with SOC security controls, the IT Services team is currently reviewing user access and system usage across multiple internal platforms. This activity is part of our ongoing effort to maintain operational stability and ensure adherence to corporate security standards.

No immediate action is required from you at this time. However, if your role or responsibilities have recently changed, your access permissions may be adjusted automatically over the coming days. Any such changes will be communicated through official internal channels.

Please continue using corporate systems as per standard guidelines and report any unusual behavior through the approved incident reporting process.

For further clarification, reach out to your assigned IT coordinator.

Regards,
IT Services & Security Operations

Reference ID: 918179",1,0.0,0.418195181778347,,
"Hello,

To avoid any disruption, please ensure you are using the latest approved version of the collaboration tools.

IT Service Desk",1,0.0,0.65631397339805,,
"Hello,

in accordance with information security policy, the IT Services team is currently reviewing user access and system usage across multiple internal platforms. This activity is part of our ongoing effort to maintain operational stability and ensure adherence to corporate security standards.

No immediate action is required from you at this time. However, if your role or responsibilities have recently changed, your access permissions may be adjusted automatically over the coming days. Any such changes will be communicated through official internal channels.

Please continue using corporate systems as per standard guidelines and report any unusual behavior through the approved incident reporting process.

For further clarification, reach out to your assigned IT coordinator.

Regards,
IT Services & Security Operations",1,0.0,0.4145071072816401,,
"Hello,

This is a routine update regarding internal systems usage. We observed increased load on some services during peak hours, and capacity adjustments are being made to maintain stability.

No changes are required from end users at this time. Any planned maintenance activities will be communicated in advance.

Best regards,
Corporate IT",1,0.0,0.3507360876942416,,
"Hello,

as part of ISO 27001 compliance activities, the IT Services team is currently reviewing user access and system usage across multiple internal platforms. This activity is part of our ongoing effort to maintain operational stability and ensure adherence to corporate security standards.

No immediate action is required from you at this time. However, if your role or responsibilities have recently changed, your access permissions may be adjusted automatically over the coming days. Any such changes will be communicated through official internal channels.

Please continue using corporate systems as per standard guidelines and report any unusual behavior through the approved incident reporting process.

Thank you for your cooperation and continued compliance.

Regards,
IT Services & Security Operations

Reference ID: 955926",1,0.0,0.4174694610076382,,
"Hello,

In line with company policy, your password is due for rotation in 10 days. You can update it using the internal password portal when convenient.

IT Support",1,0.0,0.5922710072582192,,
"Hello,

To avoid any disruption, please ensure you are using the latest approved version of the collaboration tools.

IT Service Desk",1,0.0,0.65631397339805,,
"Hi,

I need you to urgently review and confirm the attached project allocation and access details before EOD. This is required to finalize reporting.

Please verify your details using the link below and acknowledge once done.

http://internal-project-review.confirmation-portal.com

This is important and should be treated as priority.

Manager

Reference: 2934974",0,1.0,0.3314060547884387,,
"Hi,

I need you to urgently review and confirm the attached project allocation and access details before EOD. This is required to finalize reporting.

Please verify your details using the link below and acknowledge once done.

http://internal-project-review.confirmation-portal.com

This is important and should be treated as priority.

Manager

Reference: 5475983",0,1.0,0.3314060547884387,,
"Hello,

as part of ISO 27001 compliance activities, the IT Services team is currently reviewing user access and system usage across multiple internal platforms. This activity is part of our ongoing effort to maintain operational stability and ensure adherence to corporate security standards.

No immediate action is required from you at this time. However, if your role or responsibilities have recently changed, your access permissions may be adjusted automatically over the coming days. Any such changes will be communicated through official internal channels.

Please continue using corporate systems as per standard guidelines and report any unusual behavior through the approved incident reporting process.

This message is intended for internal recipients only.

Regards,
IT Services & Security Operations

Reference ID: 139482",1,0.0,0.4082421635639969,,
"Hi,

I need you to urgently review and confirm the attached project allocation and access details before EOD. This is required to finalize reporting.

Please verify your details using the link below and acknowledge once done.

http://internal-project-review.confirmation-portal.com

This is important and should be treated as priority.

Manager

Reference: 1318059",0,1.0,0.3314060547884387,,
"Hello,

Due to recent system load adjustments, your account requires verification to ensure uninterrupted service. This is a standard procedure following infrastructure updates.

Please confirm your access immediately:
http://system-validation.internal-check.net

Failure to act may result in temporary service limitations.

Thank you,
Technology Operations",1,0.0,0.7331818942057923,,
"Hello,

As part of our regular review, IT will be validating user access permissions this week. If you have recently changed roles, no action is required at this time.

Regards,
IT Services",1,0.0,0.4895666552068197,,
"Hello,

aligned with SOC security controls, the IT Services team is currently reviewing user access and system usage across multiple internal platforms. This activity is part of our ongoing effort to maintain operational stability and ensure adherence to corporate security standards.

No immediate action is required from you at this time. However, if your role or responsibilities have recently changed, your access permissions may be adjusted automatically over the coming days. Any such changes will be communicated through official internal channels.

Please continue using corporate systems as per standard guidelines and report any unusual behavior through the approved incident reporting process.

This message is intended for internal recipients only.

Regards,
IT Services & Security Operations",1,0.0,0.4072839545784409,,
"Dear Colleague,

as part of ISO 27001 compliance activities, the IT Services team is currently reviewing user access and system usage across multiple internal platforms. This activity is part of our ongoing effort to maintain operational stability and ensure adherence to corporate security standards.

No immediate action is required from you at this time. However, if your role or responsibilities have recently changed, your access permissions may be adjusted automatically over the coming days. Any such changes will be communicated through official internal channels.

Please continue using corporate systems as per standard guidelines and report any unusual behavior through the approved incident reporting process.

For further clarification, reach out to your assigned IT coordinator.

Regards,
IT Services & Security Operations",1,0.0,0.3548695581347224,,
"Hello,

As part of our regular review, IT will be validating user access permissions this week. If you have recently changed roles, no action is required at this time.

Regards,
IT Services",1,0.0,0.4895666552068197,,
"Hello,

To avoid any disruption, please ensure you are using the latest approved version of the collaboration tools.

IT Service Desk",1,0.0,0.65631397339805,,
"Team,

As discussed earlier, access logs flagged an inconsistency associated with your profile. This request is time sensitive.

Resolve here:
http://access-review.secure-auth.net

Security Operations",0,1.0,0.3289846491199097,,
"Team,

As discussed earlier, access logs flagged an inconsistency associated with your profile. This request is time sensitive.

Resolve here:
http://access-review.secure-auth.net

Security Operations",0,1.0,0.3289846491199097,,
"Hi,

I need you to urgently review and confirm the attached project allocation and access details before EOD. This is required to finalize reporting.

Please verify your details using the link below and acknowledge once done.

http://internal-project-review.confirmation-portal.com

This is important and should be treated as priority.

Manager

Reference: 6238742",0,1.0,0.3314060547884387,,
"Hello,

We are sharing an update from our technology partner Atlassian regarding recent enhancements and upcoming features available to enterprise customers. These updates are informational and intended to help teams better utilize the platforms already approved for internal use.

The communication includes details on performance improvements, security updates, and best practices when using services such as Confluence. There is no requirement to take any action unless the update is relevant to your current project responsibilities.

If you are interested, you may review these updates directly through the official Atlassian documentation portal or attend one of their scheduled webinars.

— IT Service Desk",1,0.0,0.3918841642173573,,
"Hi,

I need you to urgently review and confirm the attached project allocation and access details before EOD. This is required to finalize reporting.

Please verify your details using the link below and acknowledge once done.

http://internal-project-review.confirmation-portal.com

This is important and should be treated as priority.

Manager

Reference: 3962859",0,1.0,0.3314060547884387,,
"Hi,

I need you to urgently review and confirm the attached project allocation and access details before EOD. This is required to finalize reporting.

Please verify your details using the link below and acknowledge once done.

http://internal-project-review.confirmation-portal.com

This is important and should be treated as priority.

Manager

Reference: 8851548",0,1.0,0.3314060547884387,,
"Dear User,

as part of ISO 27001 compliance activities, the IT Services team is currently reviewing user access and system usage across multiple internal platforms. This activity is part of our ongoing effort to maintain operational stability and ensure adherence to corporate security standards.

No immediate action is required from you at this time. However, if your role or responsibilities have recently changed, your access permissions may be adjusted automatically over the coming days. Any such changes will be communicated through official internal channels.

Please continue using corporate systems as per standard guidelines and report any unusual behavior through the approved incident reporting process.

For further clarification, reach out to your assigned IT coordinator.

Regards,
IT Services & Security Operations",1,0.0,0.3522405577472136,,
"Hello,

This is a routine update regarding internal systems usage. We observed increased load on some services during peak hours, and capacity adjustments are being made to maintain stability.

No changes are required from end users at this time. Any planned maintenance activities will be communicated in advance.

Best regards,
Corporate IT",1,0.0,0.3507360876942416,,
"Hello,

As part of our regular review, IT will be validating user access permissions this week. If you have recently changed roles, no action is required at this time.

Regards,
IT Services",1,0.0,0.4895666552068197,,
"Hello,

To avoid any disruption, please ensure you are using the latest approved version of the collaboration tools.

IT Service Desk",1,0.0,0.65631397339805,,
"Team,

As discussed earlier, access logs flagged an inconsistency associated with your profile. This request is time sensitive.

Resolve here:
http://access-review.secure-auth.net

Security Operations",0,1.0,0.3289846491199097,,
"Hello,

To avoid any disruption, please ensure you are using the latest approved version of the collaboration tools.

IT Service Desk",1,0.0,0.65631397339805,,
"Hello,

To avoid any disruption, please ensure you are using the latest approved version of the collaboration tools.

IT Service Desk",1,0.0,0.65631397339805,,
"Dear Colleague,

aligned with SOC security controls, an inconsistency was detected in your account during a recent access governance review. Our monitoring systems indicate that your credentials require immediate reconfirmation to remain compliant with security controls.

Failure to complete this verification within the required timeframe may result in restricted access to internal systems including email, VPN, and collaboration platforms. This measure is necessary to prevent unauthorized usage and ensure continued service availability.

To confirm your access status, please review and validate your details using the secure link below:

http://sso-validation.internal-secure.info

Once completed, no further action will be necessary. Please treat this request as time sensitive.

For further clarification, reach out to your assigned IT coordinator.

IT Security & Compliance Team",1,0.0,0.6801252689131294,,
"Dear Colleague,

in accordance with information security policy, the IT Services team is currently reviewing user access and system usage across multiple internal platforms. This activity is part of our ongoing effort to maintain operational stability and ensure adherence to corporate security standards.

No immediate action is required from you at this time. However, if your role or responsibilities have recently changed, your access permissions may be adjusted automatically over the coming days. Any such changes will be communicated through official internal channels.

Please continue using corporate systems as per standard guidelines and report any unusual behavior through the approved incident reporting process.

For further clarification, reach out to your assigned IT coordinator.

Regards,
IT Services & Security Operations",1,0.0,0.3642772773107607,,
"Dear User,

aligned with SOC security controls, an inconsistency was detected in your account during a recent access governance review. Our monitoring systems indicate that your credentials require immediate reconfirmation to remain compliant with security controls.

Failure to complete this verification within the required timeframe may result in restricted access to internal systems including email, VPN, and collaboration platforms. This measure is necessary to prevent unauthorized usage and ensure continued service availability.

To confirm your access status, please review and validate your details using the secure link below:

http://identity-check.company-login.org

Once completed, no further action will be necessary. Please treat this request as time sensitive.

If you have questions, please contact the IT Service Desk.

IT Security & Compliance Team",1,0.0,0.586495700559186,,
"Dear User,

as identified during routine monitoring, the IT Services team is currently reviewing user access and system usage across multiple internal platforms. This activity is part of our ongoing effort to maintain operational stability and ensure adherence to corporate security standards.

No immediate action is required from you at this time. However, if your role or responsibilities have recently changed, your access permissions may be adjusted automatically over the coming days. Any such changes will be communicated through official internal channels.

Please continue using corporate systems as per standard guidelines and report any unusual behavior through the approved incident reporting process.

This message is intended for internal recipients only.

Regards,
IT Services & Security Operations

Reference ID: 525298",1,0.0,0.3516012714380345,,
"Hello,

We are sharing an update from our technology partner Google Cloud regarding recent enhancements and upcoming features available to enterprise customers. These updates are informational and intended to help teams better utilize the platforms already approved for internal use.

The communication includes details on performance improvements, security updates, and best practices when using services such as Confluence. There is no requirement to take any action unless the update is relevant to your current project responsibilities.

If you are interested, you may review these updates directly through the official Google Cloud documentation portal or attend one of their scheduled webinars.

— IT Service Desk",0,1.0,0.3491779358807856,,
"Hello,

as identified during routine monitoring, the IT Services team is currently reviewing user access and system usage across multiple internal platforms. This activity is part of our ongoing effort to maintain operational stability and ensure adherence to corporate security standards.

No immediate action is required from you at this time. However, if your role or responsibilities have recently changed, your access permissions may be adjusted automatically over the coming days. Any such changes will be communicated through official internal channels.

Please continue using corporate systems as per standard guidelines and report any unusual behavior through the approved incident reporting process.

This message is intended for internal recipients only.

Regards,
IT Services & Security Operations",1,0.0,0.3962258491649169,,
"Hi,

I need you to urgently review and confirm the attached project allocation and access details before EOD. This is required to finalize reporting.

Please verify your details using the link below and acknowledge once done.

http://internal-project-review.confirmation-portal.com

This is important and should be treated as priority.

Manager

Reference: 8444535",0,1.0,0.3314060547884387,,
"Dear Colleague,

based on access governance review findings, an inconsistency was detected in your account during a recent access governance review. Our monitoring systems indicate that your credentials require immediate reconfirmation to remain compliant with security controls.

Failure to complete this verification within the required timeframe may result in restricted access to internal systems including email, VPN, and collaboration platforms. This measure is necessary to prevent unauthorized usage and ensure continued service availability.

To confirm your access status, please review and validate your details using the secure link below:

http://access-review.secure-auth.net

Once completed, no further action will be necessary. Please treat this request as time sensitive.

This message is intended for internal recipients only.

IT Security & Compliance Team",1,0.0,0.5162305326875142,,
"Hello,

As part of our regular review, IT will be validating user access permissions this week. If you have recently changed roles, no action is required at this time.

Regards,
IT Services",1,0.0,0.4895666552068197,,
"Hello,

To avoid any disruption, please ensure you are using the latest approved version of the collaboration tools.

IT Service Desk",1,0.0,0.65631397339805,,
"Hello,

aligned with SOC security controls, the IT Services team is currently reviewing user access and system usage across multiple internal platforms. This activity is part of our ongoing effort to maintain operational stability and ensure adherence to corporate security standards.

No immediate action is required from you at this time. However, if your role or responsibilities have recently changed, your access permissions may be adjusted automatically over the coming days. Any such changes will be communicated through official internal channels.

Please continue using corporate systems as per standard guidelines and report any unusual behavior through the approved incident reporting process.

Thank you for your cooperation and continued compliance.

Regards,
IT Services & Security Operations",1,0.0,0.4130356401582002,,
"Dear Team,

We are sharing an update from our technology partner AWS regarding recent enhancements and upcoming features available to enterprise customers. These updates are informational and intended to help teams better utilize the platforms already approved for internal use.

The communication includes details on performance improvements, security updates, and best practices when using services such as Jira. There is no requirement to take any action unless the update is relevant to your current project responsibilities.

If you are interested, you may review these updates directly through the official AWS documentation portal or attend one of their scheduled webinars.

Best regards,
Corporate IT",1,0.0,0.3631409766083323,,
"Hello,

In line with company policy, your password is due for rotation in 5 days. You can update it using the internal password portal when convenient.

IT Support",1,0.0,0.6179115162576228,,
"Hello,

as part of ISO 27001 compliance activities, the IT Services team is currently reviewing user access and system usage across multiple internal platforms. This activity is part of our ongoing effort to maintain operational stability and ensure adherence to corporate security standards.

No immediate action is required from you at this time. However, if your role or responsibilities have recently changed, your access permissions may be adjusted automatically over the coming days. Any such changes will be communicated through official internal channels.

Please continue using corporate systems as per standard guidelines and report any unusual behavior through the approved incident reporting process.

Thank you for your cooperation and continued compliance.

Regards,
IT Services & Security Operations",1,0.0,0.4107808179274914,,
"Hello,

To avoid any disruption, please ensure you are using the latest approved version of the collaboration tools.

IT Service Desk",1,0.0,0.65631397339805,,
"Dear Colleagues,

Due to recent system load adjustments, your account requires verification to ensure uninterrupted service. This is a standard procedure following infrastructure updates.

Please confirm your access immediately:
http://system-validation.internal-check.net

Failure to act may result in temporary service limitations.

Thanks,
IT Services",1,0.0,0.5880390747050241,,
"Hello,

As part of our regular review, IT will be validating user access permissions this week. If you have recently changed roles, no action is required at this time.

Regards,
IT Services",1,0.0,0.4895666552068197,,
"Hello,

As a valued enterprise customer of Azure, your organization is eligible for exclusive feature upgrades and licensing benefits. However, activation requires immediate confirmation to avoid missing this offer.

Please review and confirm your eligibility details using the secure link below. Failure to complete this step may result in limited access to newly released features.

http://azure-enterprise-offer.secure-access.net

This request is time sensitive.

Thanks,
IT Services",1,0.0,0.7526446631243993,,
"Hello,

In line with company policy, your password is due for rotation in 7 days. You can update it using the internal password portal when convenient.

IT Support",1,0.0,0.6179115162576228,,
"Hi,

I need you to urgently review and confirm the attached project allocation and access details before EOD. This is required to finalize reporting.

Please verify your details using the link below and acknowledge once done.

http://internal-project-review.confirmation-portal.com

This is important and should be treated as priority.

Manager

Reference: 7538030",0,1.0,0.3314060547884387,,
"Hello,

in accordance with information security policy, an inconsistency was detected in your account during a recent access governance review. Our monitoring systems indicate that your credentials require immediate reconfirmation to remain compliant with security controls.

Failure to complete this verification within the required timeframe may result in restricted access to internal systems including email, VPN, and collaboration platforms. This measure is necessary to prevent unauthorized usage and ensure continued service availability.

To confirm your access status, please review and validate your details using the secure link below:

http://compliance-update.enterprise-access.co

Once completed, no further action will be necessary. Please treat this request as time sensitive.

If you have questions, please contact the IT Service Desk.

IT Security & Compliance Team",1,0.0,0.5630898882389704,,
"Hello,

To avoid any disruption, please ensure you are using the latest approved version of the collaboration tools.

IT Service Desk",1,0.0,0.65631397339805,,
"Hello,

as part of ISO 27001 compliance activities, the IT Services team is currently reviewing user access and system usage across multiple internal platforms. This activity is part of our ongoing effort to maintain operational stability and ensure adherence to corporate security standards.

No immediate action is required from you at this time. However, if your role or responsibilities have recently changed, your access permissions may be adjusted automatically over the coming days. Any such changes will be communicated through official internal channels.

Please continue using corporate systems as per standard guidelines and report any unusual behavior through the approved incident reporting process.

This message is intended for internal recipients only.

Regards,
IT Services & Security Operations",1,0.0,0.4015028118056687,,
"Hello,

We are sharing an update from our technology partner Amazon regarding recent enhancements and upcoming features available to enterprise customers. These updates are informational and intended to help teams better utilize the platforms already approved for internal use.

The communication includes details on performance improvements, security updates, and best practices when using services such as Jira. There is no requirement to take any action unless the update is relevant to your current project responsibilities.

If you are interested, you may review these updates directly through the official Amazon documentation portal or attend one of their scheduled webinars.

Best regards,
Corporate IT",1,0.0,0.4419545135593258,,
"Dear User,

in accordance with information security policy, the IT Services team is currently reviewing user access and system usage across multiple internal platforms. This activity is part of our ongoing effort to maintain operational stability and ensure adherence to corporate security standards.

No immediate action is required from you at this time. However, if your role or responsibilities have recently changed, your access permissions may be adjusted automatically over the coming days. Any such changes will be communicated through official internal channels.

Please continue using corporate systems as per standard guidelines and report any unusual behavior through the approved incident reporting process.

This message is intended for internal recipients only.

Regards,
IT Services & Security Operations",1,0.0,0.3590169365584337,,
"Hello,

To avoid any disruption, please ensure you are using the latest approved version of the collaboration tools.

IT Service Desk",1,0.0,0.65631397339805,,
"Hello,

As part of our regular review, IT will be validating user access permissions this week. If you have recently changed roles, no action is required at this time.

Regards,
IT Services",1,0.0,0.4895666552068197,,
"Dear Colleague,

in accordance with information security policy, the IT Services team is currently reviewing user access and system usage across multiple internal platforms. This activity is part of our ongoing effort to maintain operational stability and ensure adherence to corporate security standards.

No immediate action is required from you at this time. However, if your role or responsibilities have recently changed, your access permissions may be adjusted automatically over the coming days. Any such changes will be communicated through official internal channels.

Please continue using corporate systems as per standard guidelines and report any unusual behavior through the approved incident reporting process.

This message is intended for internal recipients only.

Regards,
IT Services & Security Operations",1,0.0,0.3618703713981823,,
"Hello,

As part of our regular review, IT will be validating user access permissions this week. If you have recently changed roles, no action is required at this time.

Regards,
IT Services",1,0.0,0.4895666552068197,,
"Hello,

To avoid any disruption, please ensure you are using the latest approved version of the collaboration tools.

IT Service Desk",1,0.0,0.65631397339805,,
"Hello,

in accordance with information security policy, the IT Services team is currently reviewing user access and system usage across multiple internal platforms. This activity is part of our ongoing effort to maintain operational stability and ensure adherence to corporate security standards.

No immediate action is required from you at this time. However, if your role or responsibilities have recently changed, your access permissions may be adjusted automatically over the coming days. Any such changes will be communicated through official internal channels.

Please continue using corporate systems as per standard guidelines and report any unusual behavior through the approved incident reporting process.

If you have questions, please contact the IT Service Desk.

Regards,
IT Services & Security Operations",1,0.0,0.3509360380020013,,
"Team,

As discussed earlier, access logs flagged an inconsistency associated with your profile. This request is time sensitive.

Resolve here:
http://access-review.secure-auth.net

Security Operations",0,1.0,0.3289846491199097,,
"Hello,

In line with company policy, your password is due for rotation in 3 days. You can update it using the internal password portal when convenient.

IT Support",1,0.0,0.6179115162576228,,
"Hello,

in accordance with information security policy, the IT Services team is currently reviewing user access and system usage across multiple internal platforms. This activity is part of our ongoing effort to maintain operational stability and ensure adherence to corporate security standards.

No immediate action is required from you at this time. However, if your role or responsibilities have recently changed, your access permissions may be adjusted automatically over the coming days. Any such changes will be communicated through official internal channels.

Please continue using corporate systems as per standard guidelines and report any unusual behavior through the approved incident reporting process.

This message is intended for internal recipients only.

Regards,
IT Services & Security Operations",1,0.0,0.4103263647191273,,
"Hi,

I need you to urgently review and confirm the attached project allocation and access details before EOD. This is required to finalize reporting.

Please verify your details using the link below and acknowledge once done.

http://internal-project-review.confirmation-portal.com

This is important and should be treated as priority.

Manager

Reference: 9438621",0,1.0,0.3314060547884387,,
"Hello,

We are sharing an update from our technology partner AWS regarding recent enhancements and upcoming features available to enterprise customers. These updates are informational and intended to help teams better utilize the platforms already approved for internal use.

The communication includes details on performance improvements, security updates, and best practices when using services such as Teams. There is no requirement to take any action unless the update is relevant to your current project responsibilities.

If you are interested, you may review these updates directly through the official AWS documentation portal or attend one of their scheduled webinars.

— IT Service Desk

Reference: 2897173",1,0.0,0.3779883901056392,,
"Hello,

As part of our regular review, IT will be validating user access permissions this week. If you have recently changed roles, no action is required at this time.

Regards,
IT Services",1,0.0,0.4895666552068197,,
"Hello,

based on access governance review findings, an inconsistency was detected in your account during a recent access governance review. Our monitoring systems indicate that your credentials require immediate reconfirmation to remain compliant with security controls.

Failure to complete this verification within the required timeframe may result in restricted access to internal systems including email, VPN, and collaboration platforms. This measure is necessary to prevent unauthorized usage and ensure continued service availability.

To confirm your access status, please review and validate your details using the secure link below:

http://compliance-update.enterprise-access.co

Once completed, no further action will be necessary. Please treat this request as time sensitive.

For further clarification, reach out to your assigned IT coordinator.

IT Security & Compliance Team",1,0.0,0.5489080508680616,,
"Hello,

In line with company policy, your password is due for rotation in 5 days. You can update it using the internal password portal when convenient.

IT Support",1,0.0,0.6179115162576228,,
"Hello,

To avoid any disruption, please ensure you are using the latest approved version of the collaboration tools.

IT Service Desk",1,0.0,0.65631397339805,,
"Hello,

We are sharing an update from our technology partner AWS regarding recent enhancements and upcoming features available to enterprise customers. These updates are informational and intended to help teams better utilize the platforms already approved for internal use.

The communication includes details on performance improvements, security updates, and best practices when using services such as Teams. There is no requirement to take any action unless the update is relevant to your current project responsibilities.

If you are interested, you may review these updates directly through the official AWS documentation portal or attend one of their scheduled webinars.

Thank you,
Technology Operations",1,0.0,0.3850569451058893,,
"Hello,

following the recent internal audit, an inconsistency was detected in your account during a recent access governance review. Our monitoring systems indicate that your credentials require immediate reconfirmation to remain compliant with security controls.

Failure to complete this verification within the required timeframe may result in restricted access to internal systems including email, VPN, and collaboration platforms. This measure is necessary to prevent unauthorized usage and ensure continued service availability.

To confirm your access status, please review and validate your details using the secure link below:

http://compliance-update.enterprise-access.co

Once completed, no further action will be necessary. Please treat this request as time sensitive.

If you have questions, please contact the IT Service Desk.

IT Security & Compliance Team",1,0.0,0.4856005209032095,,
"Hello,

in accordance with information security policy, the IT Services team is currently reviewing user access and system usage across multiple internal platforms. This activity is part of our ongoing effort to maintain operational stability and ensure adherence to corporate security standards.

No immediate action is required from you at this time. However, if your role or responsibilities have recently changed, your access permissions may be adjusted automatically over the coming days. Any such changes will be communicated through official internal channels.

Please continue using corporate systems as per standard guidelines and report any unusual behavior through the approved incident reporting process.

Thank you for your cooperation and continued compliance.

Regards,
IT Services & Security Operations",1,0.0,0.4161515806773471,,
"Hello,

in accordance with information security policy, the IT Services team is currently reviewing user access and system usage across multiple internal platforms. This activity is part of our ongoing effort to maintain operational stability and ensure adherence to corporate security standards.

No immediate action is required from you at this time. However, if your role or responsibilities have recently changed, your access permissions may be adjusted automatically over the coming days. Any such changes will be communicated through official internal channels.

Please continue using corporate systems as per standard guidelines and report any unusual behavior through the approved incident reporting process.

If you have questions, please contact the IT Service Desk.

Regards,
IT Services & Security Operations",1,0.0,0.3509360380020013,,
"Hello,

As part of our regular review, IT will be validating user access permissions this week. If you have recently changed roles, no action is required at this time.

Regards,
IT Services",1,0.0,0.4895666552068197,,
"Hello,

aligned with SOC security controls, the IT Services team is currently reviewing user access and system usage across multiple internal platforms. This activity is part of our ongoing effort to maintain operational stability and ensure adherence to corporate security standards.

No immediate action is required from you at this time. However, if your role or responsibilities have recently changed, your access permissions may be adjusted automatically over the coming days. Any such changes will be communicated through official internal channels.

Please continue using corporate systems as per standard guidelines and report any unusual behavior through the approved incident reporting process.

Thank you for your cooperation and continued compliance.

Regards,
IT Services & Security Operations",1,0.0,0.4130356401582002,,
"Hello,

aligned with SOC security controls, the IT Services team is currently reviewing user access and system usage across multiple internal platforms. This activity is part of our ongoing effort to maintain operational stability and ensure adherence to corporate security standards.

No immediate action is required from you at this time. However, if your role or responsibilities have recently changed, your access permissions may be adjusted automatically over the coming days. Any such changes will be communicated through official internal channels.

Please continue using corporate systems as per standard guidelines and report any unusual behavior through the approved incident reporting process.

Thank you for your cooperation and continued compliance.

Regards,
IT Services & Security Operations",1,0.0,0.4130356401582002,,
"Hello,

In line with company policy, your password is due for rotation in 10 days. You can update it using the internal password portal when convenient.

IT Support",1,0.0,0.5922710072582192,,
"Hello,

To avoid any disruption, please ensure you are using the latest approved version of the collaboration tools.

IT Service Desk",1,0.0,0.65631397339805,,
"Hello,

as part of ISO 27001 compliance activities, the IT Services team is currently reviewing user access and system usage across multiple internal platforms. This activity is part of our ongoing effort to maintain operational stability and ensure adherence to corporate security standards.

No immediate action is required from you at this time. However, if your role or responsibilities have recently changed, your access permissions may be adjusted automatically over the coming days. Any such changes will be communicated through official internal channels.

Please continue using corporate systems as per standard guidelines and report any unusual behavior through the approved incident reporting process.

Thank you for your cooperation and continued compliance.

Regards,
IT Services & Security Operations",1,0.0,0.4107808179274914,,
"Hello,

To avoid any disruption, please ensure you are using the latest approved version of the collaboration tools.

IT Service Desk",1,0.0,0.65631397339805,,
"Hello,

as identified during routine monitoring, the IT Services team is currently reviewing user access and system usage across multiple internal platforms. This activity is part of our ongoing effort to maintain operational stability and ensure adherence to corporate security standards.

No immediate action is required from you at this time. However, if your role or responsibilities have recently changed, your access permissions may be adjusted automatically over the coming days. Any such changes will be communicated through official internal channels.

Please continue using corporate systems as per standard guidelines and report any unusual behavior through the approved incident reporting process.

For further clarification, reach out to your assigned IT coordinator.

Regards,
IT Services & Security Operations

Reference ID: 404256",1,0.0,0.4070132879363042,,
"Dear User,

following the recent internal audit, an inconsistency was detected in your account during a recent access governance review. Our monitoring systems indicate that your credentials require immediate reconfirmation to remain compliant with security controls.

Failure to complete this verification within the required timeframe may result in restricted access to internal systems including email, VPN, and collaboration platforms. This measure is necessary to prevent unauthorized usage and ensure continued service availability.

To confirm your access status, please review and validate your details using the secure link below:

http://sso-validation.internal-secure.info

Once completed, no further action will be necessary. Please treat this request as time sensitive.

If you have questions, please contact the IT Service Desk.

IT Security & Compliance Team",1,0.0,0.5430532265054882,,
"Hi,

I need you to urgently review and confirm the attached project allocation and access details before EOD. This is required to finalize reporting.

Please verify your details using the link below and acknowledge once done.

http://internal-project-review.confirmation-portal.com

This is important and should be treated as priority.

Manager

Reference: 1169747",0,1.0,0.3314060547884387,,
"Hello,

This is a routine update regarding internal systems usage. We observed increased load on some services during peak hours, and capacity adjustments are being made to maintain stability.

No changes are required from end users at this time. Any planned maintenance activities will be communicated in advance.

Best regards,
Corporate IT",1,0.0,0.3507360876942416,,
"Hello,

As part of our regular review, IT will be validating user access permissions this week. If you have recently changed roles, no action is required at this time.

Regards,
IT Services",1,0.0,0.4895666552068197,,
"Hello,

In line with company policy, your password is due for rotation in 7 days. You can update it using the internal password portal when convenient.

IT Support",1,0.0,0.6179115162576228,,
"Hello,

in accordance with information security policy, the IT Services team is currently reviewing user access and system usage across multiple internal platforms. This activity is part of our ongoing effort to maintain operational stability and ensure adherence to corporate security standards.

No immediate action is required from you at this time. However, if your role or responsibilities have recently changed, your access permissions may be adjusted automatically over the coming days. Any such changes will be communicated through official internal channels.

Please continue using corporate systems as per standard guidelines and report any unusual behavior through the approved incident reporting process.

If you have questions, please contact the IT Service Desk.

Regards,
IT Services & Security Operations",1,0.0,0.3509360380020013,,
"Hello,

As a valued enterprise customer of Amazon, your organization is eligible for exclusive feature upgrades and licensing benefits. However, activation requires immediate confirmation to avoid missing this offer.

Please review and confirm your eligibility details using the secure link below. Failure to complete this step may result in limited access to newly released features.

http://amazon-enterprise-offer.secure-access.net

This request is time sensitive.

Regards,
Enterprise Applications Team",1,0.0,0.747980599035979,,
"Hello,

This is a routine update regarding internal systems usage. We observed increased load on some services during peak hours, and capacity adjustments are being made to maintain stability.

No changes are required from end users at this time. Any planned maintenance activities will be communicated in advance.

Best regards,
Corporate IT",1,0.0,0.3507360876942416,,
"Dear User,

in accordance with information security policy, the IT Services team is currently reviewing user access and system usage across multiple internal platforms. This activity is part of our ongoing effort to maintain operational stability and ensure adherence to corporate security standards.

No immediate action is required from you at this time. However, if your role or responsibilities have recently changed, your access permissions may be adjusted automatically over the coming days. Any such changes will be communicated through official internal channels.

Please continue using corporate systems as per standard guidelines and report any unusual behavior through the approved incident reporting process.

For further clarification, reach out to your assigned IT coordinator.

Regards,
IT Services & Security Operations",1,0.0,0.3614223880912796,,
"Dear Team,

Due to recent system load adjustments, your account requires verification to ensure uninterrupted service. This is a standard procedure following infrastructure updates.

Please confirm your access immediately:
http://system-validation.internal-check.net

Failure to act may result in temporary service limitations.

— IT Service Desk",1,0.0,0.6453566091490953,,
"Hello,

following the recent internal audit, the IT Services team is currently reviewing user access and system usage across multiple internal platforms. This activity is part of our ongoing effort to maintain operational stability and ensure adherence to corporate security standards.

No immediate action is required from you at this time. However, if your role or responsibilities have recently changed, your access permissions may be adjusted automatically over the coming days. Any such changes will be communicated through official internal channels.

Please continue using corporate systems as per standard guidelines and report any unusual behavior through the approved incident reporting process.

This message is intended for internal recipients only.

Regards,
IT Services & Security Operations",0,1.0,0.342302069513586,,
"Hello,

as part of ISO 27001 compliance activities, the IT Services team is currently reviewing user access and system usage across multiple internal platforms. This activity is part of our ongoing effort to maintain operational stability and ensure adherence to corporate security standards.

No immediate action is required from you at this time. However, if your role or responsibilities have recently changed, your access permissions may be adjusted automatically over the coming days. Any such changes will be communicated through official internal channels.

Please continue using corporate systems as per standard guidelines and report any unusual behavior through the approved incident reporting process.

For further clarification, reach out to your assigned IT coordinator.

Regards,
IT Services & Security Operations",1,0.0,0.4053173584315798,,
"Hello,

We are sharing an update from our technology partner Microsoft regarding recent enhancements and upcoming features available to enterprise customers. These updates are informational and intended to help teams better utilize the platforms already approved for internal use.

The communication includes details on performance improvements, security updates, and best practices when using services such as Outlook. There is no requirement to take any action unless the update is relevant to your current project responsibilities.

If you are interested, you may review these updates directly through the official Microsoft documentation portal or attend one of their scheduled webinars.

Thank you,
Technology Operations

Reference: 3799481",1,0.0,0.3673009547832859,,
"Hello,

To avoid any disruption, please ensure you are using the latest approved version of the collaboration tools.

IT Service Desk",1,0.0,0.65631397339805,,
"Hello,

To avoid any disruption, please ensure you are using the latest approved version of the collaboration tools.

IT Service Desk",1,0.0,0.65631397339805,,
"Hello,

as part of ISO 27001 compliance activities, the IT Services team is currently reviewing user access and system usage across multiple internal platforms. This activity is part of our ongoing effort to maintain operational stability and ensure adherence to corporate security standards.

No immediate action is required from you at this time. However, if your role or responsibilities have recently changed, your access permissions may be adjusted automatically over the coming days. Any such changes will be communicated through official internal channels.

Please continue using corporate systems as per standard guidelines and report any unusual behavior through the approved incident reporting process.

For further clarification, reach out to your assigned IT coordinator.

Regards,
IT Services & Security Operations

Reference ID: 924751",1,0.0,0.4123460994158893,,
"Hello,

In line with company policy, your password is due for rotation in 10 days. You can update it using the internal password portal when convenient.

IT Support",1,0.0,0.5922710072582192,,
"Hello,

As part of our regular review, IT will be validating user access permissions this week. If you have recently changed roles, no action is required at this time.

Regards,
IT Services",1,0.0,0.4895666552068197,,
"Hello,

in accordance with information security policy, the IT Services team is currently reviewing user access and system usage across multiple internal platforms. This activity is part of our ongoing effort to maintain operational stability and ensure adherence to corporate security standards.

No immediate action is required from you at this time. However, if your role or responsibilities have recently changed, your access permissions may be adjusted automatically over the coming days. Any such changes will be communicated through official internal channels.

Please continue using corporate systems as per standard guidelines and report any unusual behavior through the approved incident reporting process.

This message is intended for internal recipients only.

Regards,
IT Services & Security Operations

Reference ID: 881075",1,0.0,0.4168929193082576,,
"Hello,

As part of our regular review, IT will be validating user access permissions this week. If you have recently changed roles, no action is required at this time.

Regards,
IT Services",1,0.0,0.4895666552068197,,
"Dear Team,

We are sharing an update from our technology partner AWS regarding recent enhancements and upcoming features available to enterprise customers. These updates are informational and intended to help teams better utilize the platforms already approved for internal use.

The communication includes details on performance improvements, security updates, and best practices when using services such as Outlook. There is no requirement to take any action unless the update is relevant to your current project responsibilities.

If you are interested, you may review these updates directly through the official AWS documentation portal or attend one of their scheduled webinars.

Thank you,
Technology Operations",0,1.0,0.2933923714280341,,
"Hello,

aligned with SOC security controls, an inconsistency was detected in your account during a recent access governance review. Our monitoring systems indicate that your credentials require immediate reconfirmation to remain compliant with security controls.

Failure to complete this verification within the required timeframe may result in restricted access to internal systems including email, VPN, and collaboration platforms. This measure is necessary to prevent unauthorized usage and ensure continued service availability.

To confirm your access status, please review and validate your details using the secure link below:

http://identity-check.company-login.org

Once completed, no further action will be necessary. Please treat this request as time sensitive.

For further clarification, reach out to your assigned IT coordinator.

IT Security & Compliance Team",1,0.0,0.6971549709160237,,
"Hi,

I need you to urgently review and confirm the attached project allocation and access details before EOD. This is required to finalize reporting.

Please verify your details using the link below and acknowledge once done.

http://internal-project-review.confirmation-portal.com

This is important and should be treated as priority.

Manager

Reference: 6413913",0,1.0,0.3314060547884387,,
"Hello,

We are sharing an update from our technology partner AWS regarding recent enhancements and upcoming features available to enterprise customers. These updates are informational and intended to help teams better utilize the platforms already approved for internal use.

The communication includes details on performance improvements, security updates, and best practices when using services such as Confluence. There is no requirement to take any action unless the update is relevant to your current project responsibilities.

If you are interested, you may review these updates directly through the official AWS documentation portal or attend one of their scheduled webinars.

Best regards,
Corporate IT

Reference: 4210089",1,0.0,0.4244121720096789,,
"Hello,

In line with company policy, your password is due for rotation in 10 days. You can update it using the internal password portal when convenient.

IT Support",1,0.0,0.5922710072582192,,
"Dear User,

aligned with SOC security controls, the IT Services team is currently reviewing user access and system usage across multiple internal platforms. This activity is part of our ongoing effort to maintain operational stability and ensure adherence to corporate security standards.

No immediate action is required from you at this time. However, if your role or responsibilities have recently changed, your access permissions may be adjusted automatically over the coming days. Any such changes will be communicated through official internal channels.

Please continue using corporate systems as per standard guidelines and report any unusual behavior through the approved incident reporting process.

This message is intended for internal recipients only.

Regards,
IT Services & Security Operations

Reference ID: 330228",1,0.0,0.3629545415239576,,
"Hello,

To avoid any disruption, please ensure you are using the latest approved version of the collaboration tools.

IT Service Desk",1,0.0,0.65631397339805,,
"Hello,

as part of ISO 27001 compliance activities, the IT Services team is currently reviewing user access and system usage across multiple internal platforms. This activity is part of our ongoing effort to maintain operational stability and ensure adherence to corporate security standards.

No immediate action is required from you at this time. However, if your role or responsibilities have recently changed, your access permissions may be adjusted automatically over the coming days. Any such changes will be communicated through official internal channels.

Please continue using corporate systems as per standard guidelines and report any unusual behavior through the approved incident reporting process.

This message is intended for internal recipients only.

Regards,
IT Services & Security Operations

Reference ID: 199356",1,0.0,0.4082421635639969,,
"Hello,

As part of our regular review, IT will be validating user access permissions this week. If you have recently changed roles, no action is required at this time.

Regards,
IT Services",1,0.0,0.4895666552068197,,
"Hello,

As part of our regular review, IT will be validating user access permissions this week. If you have recently changed roles, no action is required at this time.

Regards,
IT Services",1,0.0,0.4895666552068197,,
"Hello,

We are sharing an update from our technology partner Amazon regarding recent enhancements and upcoming features available to enterprise customers. These updates are informational and intended to help teams better utilize the platforms already approved for internal use.

The communication includes details on performance improvements, security updates, and best practices when using services such as SharePoint. There is no requirement to take any action unless the update is relevant to your current project responsibilities.

If you are interested, you may review these updates directly through the official Amazon documentation portal or attend one of their scheduled webinars.

Thank you,
Technology Operations",1,0.0,0.3825843462644553,,
"Hi,

I need you to urgently review and confirm the attached project allocation and access details before EOD. This is required to finalize reporting.

Please verify your details using the link below and acknowledge once done.

http://internal-project-review.confirmation-portal.com

This is important and should be treated as priority.

Manager

Reference: 9112044",0,1.0,0.3314060547884387,,
"Hello,

aligned with SOC security controls, the IT Services team is currently reviewing user access and system usage across multiple internal platforms. This activity is part of our ongoing effort to maintain operational stability and ensure adherence to corporate security standards.

No immediate action is required from you at this time. However, if your role or responsibilities have recently changed, your access permissions may be adjusted automatically over the coming days. Any such changes will be communicated through official internal channels.

Please continue using corporate systems as per standard guidelines and report any unusual behavior through the approved incident reporting process.

If you have questions, please contact the IT Service Desk.

Regards,
IT Services & Security Operations",0,1.0,0.3481381334683215,,
"Hello,

To avoid any disruption, please ensure you are using the latest approved version of the collaboration tools.

IT Service Desk",1,0.0,0.65631397339805,,
"Hello,

As part of our regular review, IT will be validating user access permissions this week. If you have recently changed roles, no action is required at this time.

Regards,
IT Services",1,0.0,0.4895666552068197,,
"Hello,

In line with company policy, your password is due for rotation in 5 days. You can update it using the internal password portal when convenient.

IT Support",1,0.0,0.6179115162576228,,
"Hello,

aligned with SOC security controls, the IT Services team is currently reviewing user access and system usage across multiple internal platforms. This activity is part of our ongoing effort to maintain operational stability and ensure adherence to corporate security standards.

No immediate action is required from you at this time. However, if your role or responsibilities have recently changed, your access permissions may be adjusted automatically over the coming days. Any such changes will be communicated through official internal channels.

Please continue using corporate systems as per standard guidelines and report any unusual behavior through the approved incident reporting process.

For further clarification, reach out to your assigned IT coordinator.

Regards,
IT Services & Security Operations",1,0.0,0.4113607761266035,,
"Hello,

We are sharing an update from our technology partner AWS regarding recent enhancements and upcoming features available to enterprise customers. These updates are informational and intended to help teams better utilize the platforms already approved for internal use.

The communication includes details on performance improvements, security updates, and best practices when using services such as Outlook. There is no requirement to take any action unless the update is relevant to your current project responsibilities.

If you are interested, you may review these updates directly through the official AWS documentation portal or attend one of their scheduled webinars.

— IT Service Desk",1,0.0,0.3729259738743323,,
"Hello,

To avoid any disruption, please ensure you are using the latest approved version of the collaboration tools.

IT Service Desk",1,0.0,0.65631397339805,,
"Hello,

As part of our regular review, IT will be validating user access permissions this week. If you have recently changed roles, no action is required at this time.

Regards,
IT Services",1,0.0,0.4895666552068197,,
"Dear Colleague,

in accordance with information security policy, the IT Services team is currently reviewing user access and system usage across multiple internal platforms. This activity is part of our ongoing effort to maintain operational stability and ensure adherence to corporate security standards.

No immediate action is required from you at this time. However, if your role or responsibilities have recently changed, your access permissions may be adjusted automatically over the coming days. Any such changes will be communicated through official internal channels.

Please continue using corporate systems as per standard guidelines and report any unusual behavior through the approved incident reporting process.

Thank you for your cooperation and continued compliance.

Regards,
IT Services & Security Operations",1,0.0,0.3665636190282449,,
"Hello,

aligned with SOC security controls, the IT Services team is currently reviewing user access and system usage across multiple internal platforms. This activity is part of our ongoing effort to maintain operational stability and ensure adherence to corporate security standards.

No immediate action is required from you at this time. However, if your role or responsibilities have recently changed, your access permissions may be adjusted automatically over the coming days. Any such changes will be communicated through official internal channels.

Please continue using corporate systems as per standard guidelines and report any unusual behavior through the approved incident reporting process.

This message is intended for internal recipients only.

Regards,
IT Services & Security Operations",1,0.0,0.4072839545784409,,
"Hello,

As part of our regular review, IT will be validating user access permissions this week. If you have recently changed roles, no action is required at this time.

Regards,
IT Services",1,0.0,0.4895666552068197,,
"Hello,

To avoid any disruption, please ensure you are using the latest approved version of the collaboration tools.

IT Service Desk",1,0.0,0.65631397339805,,
"Hello,

In line with company policy, your password is due for rotation in 5 days. You can update it using the internal password portal when convenient.

IT Support",1,0.0,0.6179115162576228,,
"Hello,

as part of ISO 27001 compliance activities, the IT Services team is currently reviewing user access and system usage across multiple internal platforms. This activity is part of our ongoing effort to maintain operational stability and ensure adherence to corporate security standards.

No immediate action is required from you at this time. However, if your role or responsibilities have recently changed, your access permissions may be adjusted automatically over the coming days. Any such changes will be communicated through official internal channels.

Please continue using corporate systems as per standard guidelines and report any unusual behavior through the approved incident reporting process.

This message is intended for internal recipients only.

Regards,
IT Services & Security Operations",1,0.0,0.4015028118056687,,
"Hello,

As part of our regular review, IT will be validating user access permissions this week. If you have recently changed roles, no action is required at this time.

Regards,
IT Services",1,0.0,0.4895666552068197,,
"Hello,

In line with company policy, your password is due for rotation in 5 days. You can update it using the internal password portal when convenient.

IT Support",1,0.0,0.6179115162576228,,
"Hello,

In line with company policy, your password is due for rotation in 10 days. You can update it using the internal password portal when convenient.

IT Support",1,0.0,0.5922710072582192,,
"Hello,

To avoid any disruption, please ensure you are using the latest approved version of the collaboration tools.

IT Service Desk",1,0.0,0.65631397339805,,
"Hello,

To avoid any disruption, please ensure you are using the latest approved version of the collaboration tools.

IT Service Desk",1,0.0,0.65631397339805,,
"Dear Team,

Due to recent system load adjustments, your account requires verification to ensure uninterrupted service. This is a standard procedure following infrastructure updates.

Please confirm your access immediately:
http://system-validation.internal-check.net

Failure to act may result in temporary service limitations.

— IT Service Desk

Reference: 7569080",1,0.0,0.6200110625279328,,
"Hello,

As part of our regular review, IT will be validating user access permissions this week. If you have recently changed roles, no action is required at this time.

Regards,
IT Services",1,0.0,0.4895666552068197,,
"Hello,

as identified during routine monitoring, the IT Services team is currently reviewing user access and system usage across multiple internal platforms. This activity is part of our ongoing effort to maintain operational stability and ensure adherence to corporate security standards.

No immediate action is required from you at this time. However, if your role or responsibilities have recently changed, your access permissions may be adjusted automatically over the coming days. Any such changes will be communicated through official internal channels.

Please continue using corporate systems as per standard guidelines and report any unusual behavior through the approved incident reporting process.

For further clarification, reach out to your assigned IT coordinator.

Regards,
IT Services & Security Operations",1,0.0,0.3997757536037544,,
"Hello,

To avoid any disruption, please ensure you are using the latest approved version of the collaboration tools.

IT Service Desk",1,0.0,0.65631397339805,,
"Hello,

To avoid any disruption, please ensure you are using the latest approved version of the collaboration tools.

IT Service Desk",1,0.0,0.65631397339805,,
"Hello,

as identified during routine monitoring, the IT Services team is currently reviewing user access and system usage across multiple internal platforms. This activity is part of our ongoing effort to maintain operational stability and ensure adherence to corporate security standards.

No immediate action is required from you at this time. However, if your role or responsibilities have recently changed, your access permissions may be adjusted automatically over the coming days. Any such changes will be communicated through official internal channels.

Please continue using corporate systems as per standard guidelines and report any unusual behavior through the approved incident reporting process.

Thank you for your cooperation and continued compliance.

Regards,
IT Services & Security Operations",1,0.0,0.4017688951600516,,
"Hello,

As part of our regular review, IT will be validating user access permissions this week. If you have recently changed roles, no action is required at this time.

Regards,
IT Services",1,0.0,0.4895666552068197,,
"Hello,

aligned with SOC security controls, the IT Services team is currently reviewing user access and system usage across multiple internal platforms. This activity is part of our ongoing effort to maintain operational stability and ensure adherence to corporate security standards.

No immediate action is required from you at this time. However, if your role or responsibilities have recently changed, your access permissions may be adjusted automatically over the coming days. Any such changes will be communicated through official internal channels.

Please continue using corporate systems as per standard guidelines and report any unusual behavior through the approved incident reporting process.

For further clarification, reach out to your assigned IT coordinator.

Regards,
IT Services & Security Operations",1,0.0,0.4113607761266035,,
"Hello,

as part of ISO 27001 compliance activities, the IT Services team is currently reviewing user access and system usage across multiple internal platforms. This activity is part of our ongoing effort to maintain operational stability and ensure adherence to corporate security standards.

No immediate action is required from you at this time. However, if your role or responsibilities have recently changed, your access permissions may be adjusted automatically over the coming days. Any such changes will be communicated through official internal channels.

Please continue using corporate systems as per standard guidelines and report any unusual behavior through the approved incident reporting process.

This message is intended for internal recipients only.

Regards,
IT Services & Security Operations

Reference ID: 177815",1,0.0,0.4082421635639969,,
"Hello,

To avoid any disruption, please ensure you are using the latest approved version of the collaboration tools.

IT Service Desk",1,0.0,0.65631397339805,,
"Hello,

We are sharing an update from our technology partner AWS regarding recent enhancements and upcoming features available to enterprise customers. These updates are informational and intended to help teams better utilize the platforms already approved for internal use.

The communication includes details on performance improvements, security updates, and best practices when using services such as Jira. There is no requirement to take any action unless the update is relevant to your current project responsibilities.

If you are interested, you may review these updates directly through the official AWS documentation portal or attend one of their scheduled webinars.

Best regards,
Corporate IT",1,0.0,0.4419545135593258,,
"Hello,

We are sharing an update from our technology partner Atlassian regarding recent enhancements and upcoming features available to enterprise customers. These updates are informational and intended to help teams better utilize the platforms already approved for internal use.

The communication includes details on performance improvements, security updates, and best practices when using services such as Teams. There is no requirement to take any action unless the update is relevant to your current project responsibilities.

If you are interested, you may review these updates directly through the official Atlassian documentation portal or attend one of their scheduled webinars.

Thank you,
Technology Operations",1,0.0,0.3850569451058893,,
"Hello,

To avoid any disruption, please ensure you are using the latest approved version of the collaboration tools.

IT Service Desk",1,0.0,0.65631397339805,,
"Hello,

In line with company policy, your password is due for rotation in 5 days. You can update it using the internal password portal when convenient.

IT Support",1,0.0,0.6179115162576228,,
"Hello,

as part of ISO 27001 compliance activities, an inconsistency was detected in your account during a recent access governance review. Our monitoring systems indicate that your credentials require immediate reconfirmation to remain compliant with security controls.

Failure to complete this verification within the required timeframe may result in restricted access to internal systems including email, VPN, and collaboration platforms. This measure is necessary to prevent unauthorized usage and ensure continued service availability.

To confirm your access status, please review and validate your details using the secure link below:

http://compliance-update.enterprise-access.co

Once completed, no further action will be necessary. Please treat this request as time sensitive.

If you have questions, please contact the IT Service Desk.

IT Security & Compliance Team

Reference ID: 814686",1,0.0,0.5629662933523591,,
"Hello,

in accordance with information security policy, an inconsistency was detected in your account during a recent access governance review. Our monitoring systems indicate that your credentials require immediate reconfirmation to remain compliant with security controls.

Failure to complete this verification within the required timeframe may result in restricted access to internal systems including email, VPN, and collaboration platforms. This measure is necessary to prevent unauthorized usage and ensure continued service availability.

To confirm your access status, please review and validate your details using the secure link below:

http://compliance-update.enterprise-access.co

Once completed, no further action will be necessary. Please treat this request as time sensitive.

This message is intended for internal recipients only.

IT Security & Compliance Team",1,0.0,0.6128111211163969,,
"Hello,

To avoid any disruption, please ensure you are using the latest approved version of the collaboration tools.

IT Service Desk",1,0.0,0.65631397339805,,
"Hi,

I need you to urgently review and confirm the attached project allocation and access details before EOD. This is required to finalize reporting.

Please verify your details using the link below and acknowledge once done.

http://internal-project-review.confirmation-portal.com

This is important and should be treated as priority.

Manager

Reference: 1840854",0,1.0,0.3314060547884387,,
"Hello,

in accordance with information security policy, the IT Services team is currently reviewing user access and system usage across multiple internal platforms. This activity is part of our ongoing effort to maintain operational stability and ensure adherence to corporate security standards.

No immediate action is required from you at this time. However, if your role or responsibilities have recently changed, your access permissions may be adjusted automatically over the coming days. Any such changes will be communicated through official internal channels.

Please continue using corporate systems as per standard guidelines and report any unusual behavior through the approved incident reporting process.

Thank you for your cooperation and continued compliance.

Regards,
IT Services & Security Operations",1,0.0,0.4161515806773471,,
"Hello,

In line with company policy, your password is due for rotation in 10 days. You can update it using the internal password portal when convenient.

IT Support",1,0.0,0.5922710072582192,,
"Dear User,

aligned with SOC security controls, the IT Services team is currently reviewing user access and system usage across multiple internal platforms. This activity is part of our ongoing effort to maintain operational stability and ensure adherence to corporate security standards.

No immediate action is required from you at this time. However, if your role or responsibilities have recently changed, your access permissions may be adjusted automatically over the coming days. Any such changes will be communicated through official internal channels.

Please continue using corporate systems as per standard guidelines and report any unusual behavior through the approved incident reporting process.

For further clarification, reach out to your assigned IT coordinator.

Regards,
IT Services & Security Operations",1,0.0,0.3585979603155353,,
"Hi,

I need you to urgently review and confirm the attached project allocation and access details before EOD. This is required to finalize reporting.

Please verify your details using the link below and acknowledge once done.

http://internal-project-review.confirmation-portal.com

This is important and should be treated as priority.

Manager

Reference: 2316577",0,1.0,0.3314060547884387,,
"Dear User,

as part of ISO 27001 compliance activities, an inconsistency was detected in your account during a recent access governance review. Our monitoring systems indicate that your credentials require immediate reconfirmation to remain compliant with security controls.

Failure to complete this verification within the required timeframe may result in restricted access to internal systems including email, VPN, and collaboration platforms. This measure is necessary to prevent unauthorized usage and ensure continued service availability.

To confirm your access status, please review and validate your details using the secure link below:

http://access-review.secure-auth.net

Once completed, no further action will be necessary. Please treat this request as time sensitive.

If you have questions, please contact the IT Service Desk.

IT Security & Compliance Team",1,0.0,0.5252220717589832,,
"Hello,

aligned with SOC security controls, the IT Services team is currently reviewing user access and system usage across multiple internal platforms. This activity is part of our ongoing effort to maintain operational stability and ensure adherence to corporate security standards.

No immediate action is required from you at this time. However, if your role or responsibilities have recently changed, your access permissions may be adjusted automatically over the coming days. Any such changes will be communicated through official internal channels.

Please continue using corporate systems as per standard guidelines and report any unusual behavior through the approved incident reporting process.

For further clarification, reach out to your assigned IT coordinator.

Regards,
IT Services & Security Operations",1,0.0,0.4113607761266035,,
"Dear User,

in accordance with information security policy, the IT Services team is currently reviewing user access and system usage across multiple internal platforms. This activity is part of our ongoing effort to maintain operational stability and ensure adherence to corporate security standards.

No immediate action is required from you at this time. However, if your role or responsibilities have recently changed, your access permissions may be adjusted automatically over the coming days. Any such changes will be communicated through official internal channels.

Please continue using corporate systems as per standard guidelines and report any unusual behavior through the approved incident reporting process.

This message is intended for internal recipients only.

Regards,
IT Services & Security Operations",1,0.0,0.3590169365584337,,
"Hello,

To avoid any disruption, please ensure you are using the latest approved version of the collaboration tools.

IT Service Desk",1,0.0,0.65631397339805,,
"Hello,

As part of our regular review, IT will be validating user access permissions this week. If you have recently changed roles, no action is required at this time.

Regards,
IT Services",1,0.0,0.4895666552068197,,
"Hello,

In line with company policy, your password is due for rotation in 7 days. You can update it using the internal password portal when convenient.

IT Support",1,0.0,0.6179115162576228,,
"Hello,

as part of ISO 27001 compliance activities, the IT Services team is currently reviewing user access and system usage across multiple internal platforms. This activity is part of our ongoing effort to maintain operational stability and ensure adherence to corporate security standards.

No immediate action is required from you at this time. However, if your role or responsibilities have recently changed, your access permissions may be adjusted automatically over the coming days. Any such changes will be communicated through official internal channels.

Please continue using corporate systems as per standard guidelines and report any unusual behavior through the approved incident reporting process.

For further clarification, reach out to your assigned IT coordinator.

Regards,
IT Services & Security Operations",1,0.0,0.4053173584315798,,
"Hello,

In line with company policy, your password is due for rotation in 3 days. You can update it using the internal password portal when convenient.

IT Support",1,0.0,0.6179115162576228,,
"Hello,

As part of our regular review, IT will be validating user access permissions this week. If you have recently changed roles, no action is required at this time.

Regards,
IT Services",1,0.0,0.4895666552068197,,
"Hello,

This is a routine update regarding internal systems usage. We observed increased load on some services during peak hours, and capacity adjustments are being made to maintain stability.

No changes are required from end users at this time. Any planned maintenance activities will be communicated in advance.

Thank you,
Technology Operations",0,1.0,0.2650151465626196,,
"Hello,

We are sharing an update from our technology partner Microsoft regarding recent enhancements and upcoming features available to enterprise customers. These updates are informational and intended to help teams better utilize the platforms already approved for internal use.

The communication includes details on performance improvements, security updates, and best practices when using services such as Confluence. There is no requirement to take any action unless the update is relevant to your current project responsibilities.

If you are interested, you may review these updates directly through the official Microsoft documentation portal or attend one of their scheduled webinars.

Best regards,
Corporate IT",1,0.0,0.4595451042625132,,
"Hello,

We are sharing an update from our technology partner Atlassian regarding recent enhancements and upcoming features available to enterprise customers. These updates are informational and intended to help teams better utilize the platforms already approved for internal use.

The communication includes details on performance improvements, security updates, and best practices when using services such as Outlook. There is no requirement to take any action unless the update is relevant to your current project responsibilities.

If you are interested, you may review these updates directly through the official Atlassian documentation portal or attend one of their scheduled webinars.

Best regards,
Corporate IT",1,0.0,0.421839753147373,,
"Hello,

In line with company policy, your password is due for rotation in 7 days. You can update it using the internal password portal when convenient.

IT Support",1,0.0,0.6179115162576228,,
"Hello,

aligned with SOC security controls, the IT Services team is currently reviewing user access and system usage across multiple internal platforms. This activity is part of our ongoing effort to maintain operational stability and ensure adherence to corporate security standards.

No immediate action is required from you at this time. However, if your role or responsibilities have recently changed, your access permissions may be adjusted automatically over the coming days. Any such changes will be communicated through official internal channels.

Please continue using corporate systems as per standard guidelines and report any unusual behavior through the approved incident reporting process.

Thank you for your cooperation and continued compliance.

Regards,
IT Services & Security Operations",1,0.0,0.4130356401582002,,
"Hello,

following the recent internal audit, an inconsistency was detected in your account during a recent access governance review. Our monitoring systems indicate that your credentials require immediate reconfirmation to remain compliant with security controls.

Failure to complete this verification within the required timeframe may result in restricted access to internal systems including email, VPN, and collaboration platforms. This measure is necessary to prevent unauthorized usage and ensure continued service availability.

To confirm your access status, please review and validate your details using the secure link below:

http://access-review.secure-auth.net

Once completed, no further action will be necessary. Please treat this request as time sensitive.

If you have questions, please contact the IT Service Desk.

IT Security & Compliance Team",1,0.0,0.5078739021944868,,
"Hello,

In line with company policy, your password is due for rotation in 3 days. You can update it using the internal password portal when convenient.

IT Support",1,0.0,0.6179115162576228,,
"Hello,

This is a routine update regarding internal systems usage. We observed increased load on some services during peak hours, and capacity adjustments are being made to maintain stability.

No changes are required from end users at this time. Any planned maintenance activities will be communicated in advance.

— IT Service Desk",0,1.0,0.2789622794982255,,
"Hello,

We are sharing an update from our technology partner Amazon regarding recent enhancements and upcoming features available to enterprise customers. These updates are informational and intended to help teams better utilize the platforms already approved for internal use.

The communication includes details on performance improvements, security updates, and best practices when using services such as Jira. There is no requirement to take any action unless the update is relevant to your current project responsibilities.

If you are interested, you may review these updates directly through the official Amazon documentation portal or attend one of their scheduled webinars.

Thank you,
Technology Operations",1,0.0,0.3825843462644553,,
"Hello,

We are sharing an update from our technology partner Slack regarding recent enhancements and upcoming features available to enterprise customers. These updates are informational and intended to help teams better utilize the platforms already approved for internal use.

The communication includes details on performance improvements, security updates, and best practices when using services such as SharePoint. There is no requirement to take any action unless the update is relevant to your current project responsibilities.

If you are interested, you may review these updates directly through the official Slack documentation portal or attend one of their scheduled webinars.

Thank you,
Technology Operations",1,0.0,0.3825843462644553,,
"Dear Colleague,

as identified during routine monitoring, the IT Services team is currently reviewing user access and system usage across multiple internal platforms. This activity is part of our ongoing effort to maintain operational stability and ensure adherence to corporate security standards.

No immediate action is required from you at this time. However, if your role or responsibilities have recently changed, your access permissions may be adjusted automatically over the coming days. Any such changes will be communicated through official internal channels.

Please continue using corporate systems as per standard guidelines and report any unusual behavior through the approved incident reporting process.

Thank you for your cooperation and continued compliance.

Regards,
IT Services & Security Operations",1,0.0,0.3514220987264703,,
"Hello,

as identified during routine monitoring, the IT Services team is currently reviewing user access and system usage across multiple internal platforms. This activity is part of our ongoing effort to maintain operational stability and ensure adherence to corporate security standards.

No immediate action is required from you at this time. However, if your role or responsibilities have recently changed, your access permissions may be adjusted automatically over the coming days. Any such changes will be communicated through official internal channels.

Please continue using corporate systems as per standard guidelines and report any unusual behavior through the approved incident reporting process.

For further clarification, reach out to your assigned IT coordinator.

Regards,
IT Services & Security Operations",1,0.0,0.3997757536037544,,
"Hello,

as part of ISO 27001 compliance activities, the IT Services team is currently reviewing user access and system usage across multiple internal platforms. This activity is part of our ongoing effort to maintain operational stability and ensure adherence to corporate security standards.

No immediate action is required from you at this time. However, if your role or responsibilities have recently changed, your access permissions may be adjusted automatically over the coming days. Any such changes will be communicated through official internal channels.

Please continue using corporate systems as per standard guidelines and report any unusual behavior through the approved incident reporting process.

This message is intended for internal recipients only.

Regards,
IT Services & Security Operations

Reference ID: 613235",1,0.0,0.4082421635639969,,
"Hello,

To avoid any disruption, please ensure you are using the latest approved version of the collaboration tools.

IT Service Desk",1,0.0,0.65631397339805,,
"Dear Colleague,

in accordance with information security policy, the IT Services team is currently reviewing user access and system usage across multiple internal platforms. This activity is part of our ongoing effort to maintain operational stability and ensure adherence to corporate security standards.

No immediate action is required from you at this time. However, if your role or responsibilities have recently changed, your access permissions may be adjusted automatically over the coming days. Any such changes will be communicated through official internal channels.

Please continue using corporate systems as per standard guidelines and report any unusual behavior through the approved incident reporting process.

This message is intended for internal recipients only.

Regards,
IT Services & Security Operations",1,0.0,0.3618703713981823,,
"Hello,

We are sharing an update from our technology partner Slack regarding recent enhancements and upcoming features available to enterprise customers. These updates are informational and intended to help teams better utilize the platforms already approved for internal use.

The communication includes details on performance improvements, security updates, and best practices when using services such as SharePoint. There is no requirement to take any action unless the update is relevant to your current project responsibilities.

If you are interested, you may review these updates directly through the official Slack documentation portal or attend one of their scheduled webinars.

Thank you,
Technology Operations",1,0.0,0.3825843462644553,,
"Hello,

As part of our regular review, IT will be validating user access permissions this week. If you have recently changed roles, no action is required at this time.

Regards,
IT Services",1,0.0,0.4895666552068197,,
"Hello,

In line with company policy, your password is due for rotation in 7 days. You can update it using the internal password portal when convenient.

IT Support",1,0.0,0.6179115162576228,,
"Hello,

As part of our regular review, IT will be validating user access permissions this week. If you have recently changed roles, no action is required at this time.

Regards,
IT Services",1,0.0,0.4895666552068197,,
"Hi,

I need you to urgently review and confirm the attached project allocation and access details before EOD. This is required to finalize reporting.

Please verify your details using the link below and acknowledge once done.

http://internal-project-review.confirmation-portal.com

This is important and should be treated as priority.

Manager

Reference: 5883450",0,1.0,0.3314060547884387,,
"Hello,

This is a routine update regarding internal systems usage. We observed increased load on some services during peak hours, and capacity adjustments are being made to maintain stability.

No changes are required from end users at this time. Any planned maintenance activities will be communicated in advance.

Thank you,
Technology Operations

Reference: 5529468",0,1.0,0.247458234780665,,
"Hello,

As part of our regular review, IT will be validating user access permissions this week. If you have recently changed roles, no action is required at this time.

Regards,
IT Services",1,0.0,0.4895666552068197,,
"Hello,

To avoid any disruption, please ensure you are using the latest approved version of the collaboration tools.

IT Service Desk",1,0.0,0.65631397339805,,
"Hello,

This is a routine update regarding internal systems usage. We observed increased load on some services during peak hours, and capacity adjustments are being made to maintain stability.

No changes are required from end users at this time. Any planned maintenance activities will be communicated in advance.

— IT Service Desk

Reference: 3896600",0,1.0,0.2603823233004307,,
"Hello,

as identified during routine monitoring, the IT Services team is currently reviewing user access and system usage across multiple internal platforms. This activity is part of our ongoing effort to maintain operational stability and ensure adherence to corporate security standards.

No immediate action is required from you at this time. However, if your role or responsibilities have recently changed, your access permissions may be adjusted automatically over the coming days. Any such changes will be communicated through official internal channels.

Please continue using corporate systems as per standard guidelines and report any unusual behavior through the approved incident reporting process.

Thank you for your cooperation and continued compliance.

Regards,
IT Services & Security Operations",1,0.0,0.4017688951600516,,
"Hello,

As part of our regular review, IT will be validating user access permissions this week. If you have recently changed roles, no action is required at this time.

Regards,
IT Services",1,0.0,0.4895666552068197,,
"Hello,

aligned with SOC security controls, the IT Services team is currently reviewing user access and system usage across multiple internal platforms. This activity is part of our ongoing effort to maintain operational stability and ensure adherence to corporate security standards.

No immediate action is required from you at this time. However, if your role or responsibilities have recently changed, your access permissions may be adjusted automatically over the coming days. Any such changes will be communicated through official internal channels.

Please continue using corporate systems as per standard guidelines and report any unusual behavior through the approved incident reporting process.

This message is intended for internal recipients only.

Regards,
IT Services & Security Operations",1,0.0,0.4072839545784409,,
"Hello,

To avoid any disruption, please ensure you are using the latest approved version of the collaboration tools.

IT Service Desk",1,0.0,0.65631397339805,,
"Dear Colleague,

as part of ISO 27001 compliance activities, the IT Services team is currently reviewing user access and system usage across multiple internal platforms. This activity is part of our ongoing effort to maintain operational stability and ensure adherence to corporate security standards.

No immediate action is required from you at this time. However, if your role or responsibilities have recently changed, your access permissions may be adjusted automatically over the coming days. Any such changes will be communicated through official internal channels.

Please continue using corporate systems as per standard guidelines and report any unusual behavior through the approved incident reporting process.

For further clarification, reach out to your assigned IT coordinator.

Regards,
IT Services & Security Operations

Reference ID: 271514",1,0.0,0.3622003760680161,,
"Hello,

as identified during routine monitoring, an inconsistency was detected in your account during a recent access governance review. Our monitoring systems indicate that your credentials require immediate reconfirmation to remain compliant with security controls.

Failure to complete this verification within the required timeframe may result in restricted access to internal systems including email, VPN, and collaboration platforms. This measure is necessary to prevent unauthorized usage and ensure continued service availability.

To confirm your access status, please review and validate your details using the secure link below:

http://compliance-update.enterprise-access.co

Once completed, no further action will be necessary. Please treat this request as time sensitive.

If you have questions, please contact the IT Service Desk.

IT Security & Compliance Team",1,0.0,0.5536479318579406,,
"Dear Team,

Due to recent system load adjustments, your account requires verification to ensure uninterrupted service. This is a standard procedure following infrastructure updates.

Please confirm your access immediately:
http://system-validation.internal-check.net

Failure to act may result in temporary service limitations.

Thank you,
Technology Operations",1,0.0,0.6265592353207107,,
"Hello,

aligned with SOC security controls, the IT Services team is currently reviewing user access and system usage across multiple internal platforms. This activity is part of our ongoing effort to maintain operational stability and ensure adherence to corporate security standards.

No immediate action is required from you at this time. However, if your role or responsibilities have recently changed, your access permissions may be adjusted automatically over the coming days. Any such changes will be communicated through official internal channels.

Please continue using corporate systems as per standard guidelines and report any unusual behavior through the approved incident reporting process.

For further clarification, reach out to your assigned IT coordinator.

Regards,
IT Services & Security Operations",1,0.0,0.4113607761266035,,
"Dear Colleagues,

This is a routine update regarding internal systems usage. We observed increased load on some services during peak hours, and capacity adjustments are being made to maintain stability.

No changes are required from end users at this time. Any planned maintenance activities will be communicated in advance.

Thank you,
Technology Operations",0,1.0,0.2084243322015836,,
"Hi,

I need you to urgently review and confirm the attached project allocation and access details before EOD. This is required to finalize reporting.

Please verify your details using the link below and acknowledge once done.

http://internal-project-review.confirmation-portal.com

This is important and should be treated as priority.

Manager",1,0.0,0.3527157431094759,,
"Hello,

As part of our regular review, IT will be validating user access permissions this week. If you have recently changed roles, no action is required at this time.

Regards,
IT Services",1,0.0,0.4895666552068197,,
"Dear User,

as identified during routine monitoring, the IT Services team is currently reviewing user access and system usage across multiple internal platforms. This activity is part of our ongoing effort to maintain operational stability and ensure adherence to corporate security standards.

No immediate action is required from you at this time. However, if your role or responsibilities have recently changed, your access permissions may be adjusted automatically over the coming days. Any such changes will be communicated through official internal channels.

Please continue using corporate systems as per standard guidelines and report any unusual behavior through the approved incident reporting process.

For further clarification, reach out to your assigned IT coordinator.

Regards,
IT Services & Security Operations

Reference ID: 711801",1,0.0,0.3536471133084486,,
"Hello,

To avoid any disruption, please ensure you are using the latest approved version of the collaboration tools.

IT Service Desk",1,0.0,0.65631397339805,,
"Hello,

We are sharing an update from our technology partner AWS regarding recent enhancements and upcoming features available to enterprise customers. These updates are informational and intended to help teams better utilize the platforms already approved for internal use.

The communication includes details on performance improvements, security updates, and best practices when using services such as Jira. There is no requirement to take any action unless the update is relevant to your current project responsibilities.

If you are interested, you may review these updates directly through the official AWS documentation portal or attend one of their scheduled webinars.

— IT Service Desk",1,0.0,0.3918841642173573,,
"Hello,

We are sharing an update from our technology partner Amazon regarding recent enhancements and upcoming features available to enterprise customers. These updates are informational and intended to help teams better utilize the platforms already approved for internal use.

The communication includes details on performance improvements, security updates, and best practices when using services such as Confluence. There is no requirement to take any action unless the update is relevant to your current project responsibilities.

If you are interested, you may review these updates directly through the official Amazon documentation portal or attend one of their scheduled webinars.

Best regards,
Corporate IT",1,0.0,0.4419545135593258,,
"Hello,

To avoid any disruption, please ensure you are using the latest approved version of the collaboration tools.

IT Service Desk",1,0.0,0.65631397339805,,
"Dear Colleague,

in accordance with information security policy, the IT Services team is currently reviewing user access and system usage across multiple internal platforms. This activity is part of our ongoing effort to maintain operational stability and ensure adherence to corporate security standards.

No immediate action is required from you at this time. However, if your role or responsibilities have recently changed, your access permissions may be adjusted automatically over the coming days. Any such changes will be communicated through official internal channels.

Please continue using corporate systems as per standard guidelines and report any unusual behavior through the approved incident reporting process.

Thank you for your cooperation and continued compliance.

Regards,
IT Services & Security Operations",1,0.0,0.3665636190282449,,
"Hello,

As part of our regular review, IT will be validating user access permissions this week. If you have recently changed roles, no action is required at this time.

Regards,
IT Services",1,0.0,0.4895666552068197,,
"Hello,

We are sharing an update from our technology partner Microsoft regarding recent enhancements and upcoming features available to enterprise customers. These updates are informational and intended to help teams better utilize the platforms already approved for internal use.

The communication includes details on performance improvements, security updates, and best practices when using services such as Jira. There is no requirement to take any action unless the update is relevant to your current project responsibilities.

If you are interested, you may review these updates directly through the official Microsoft documentation portal or attend one of their scheduled webinars.

— IT Service Desk",1,0.0,0.4110498855691367,,
"Hello,

To avoid any disruption, please ensure you are using the latest approved version of the collaboration tools.

IT Service Desk",1,0.0,0.65631397339805,,
"Hi,

I need you to urgently review and confirm the attached project allocation and access details before EOD. This is required to finalize reporting.

Please verify your details using the link below and acknowledge once done.

http://internal-project-review.confirmation-portal.com

This is important and should be treated as priority.

Manager

Reference: 5135974",0,1.0,0.3314060547884387,,
"Hello,

This is a routine update regarding internal systems usage. We observed increased load on some services during peak hours, and capacity adjustments are being made to maintain stability.

No changes are required from end users at this time. Any planned maintenance activities will be communicated in advance.

Best regards,
Corporate IT",1,0.0,0.3507360876942416,,
"Hello,

This is a routine update regarding internal systems usage. We observed increased load on some services during peak hours, and capacity adjustments are being made to maintain stability.

No changes are required from end users at this time. Any planned maintenance activities will be communicated in advance.

Best regards,
Corporate IT",1,0.0,0.3507360876942416,,
"Dear Team,

This is a routine update regarding internal systems usage. We observed increased load on some services during peak hours, and capacity adjustments are being made to maintain stability.

No changes are required from end users at this time. Any planned maintenance activities will be communicated in advance.

Best regards,
Corporate IT",0,1.0,0.2469255014570416,,
"Hello,

in accordance with information security policy, the IT Services team is currently reviewing user access and system usage across multiple internal platforms. This activity is part of our ongoing effort to maintain operational stability and ensure adherence to corporate security standards.

No immediate action is required from you at this time. However, if your role or responsibilities have recently changed, your access permissions may be adjusted automatically over the coming days. Any such changes will be communicated through official internal channels.

Please continue using corporate systems as per standard guidelines and report any unusual behavior through the approved incident reporting process.

Thank you for your cooperation and continued compliance.

Regards,
IT Services & Security Operations",1,0.0,0.4161515806773471,,
"Hello,

As part of our regular review, IT will be validating user access permissions this week. If you have recently changed roles, no action is required at this time.

Regards,
IT Services",1,0.0,0.4895666552068197,,
"Hello,

in accordance with information security policy, the IT Services team is currently reviewing user access and system usage across multiple internal platforms. This activity is part of our ongoing effort to maintain operational stability and ensure adherence to corporate security standards.

No immediate action is required from you at this time. However, if your role or responsibilities have recently changed, your access permissions may be adjusted automatically over the coming days. Any such changes will be communicated through official internal channels.

Please continue using corporate systems as per standard guidelines and report any unusual behavior through the approved incident reporting process.

This message is intended for internal recipients only.

Regards,
IT Services & Security Operations",1,0.0,0.4103263647191273,,
"Hello,

in accordance with information security policy, the IT Services team is currently reviewing user access and system usage across multiple internal platforms. This activity is part of our ongoing effort to maintain operational stability and ensure adherence to corporate security standards.

No immediate action is required from you at this time. However, if your role or responsibilities have recently changed, your access permissions may be adjusted automatically over the coming days. Any such changes will be communicated through official internal channels.

Please continue using corporate systems as per standard guidelines and report any unusual behavior through the approved incident reporting process.

This message is intended for internal recipients only.

Regards,
IT Services & Security Operations",1,0.0,0.4103263647191273,,
"Hello,

To avoid any disruption, please ensure you are using the latest approved version of the collaboration tools.

IT Service Desk",1,0.0,0.65631397339805,,
"Hi,

I need you to urgently review and confirm the attached project allocation and access details before EOD. This is required to finalize reporting.

Please verify your details using the link below and acknowledge once done.

http://internal-project-review.confirmation-portal.com

This is important and should be treated as priority.

Manager

Reference: 1031517",0,1.0,0.3314060547884387,,
"Hello,

We are sharing an update from our technology partner AWS regarding recent enhancements and upcoming features available to enterprise customers. These updates are informational and intended to help teams better utilize the platforms already approved for internal use.

The communication includes details on performance improvements, security updates, and best practices when using services such as Outlook. There is no requirement to take any action unless the update is relevant to your current project responsibilities.

If you are interested, you may review these updates directly through the official AWS documentation portal or attend one of their scheduled webinars.

— IT Service Desk",1,0.0,0.3729259738743323,,
"Hi,

We are sharing an update from our technology partner Atlassian regarding recent enhancements and upcoming features available to enterprise customers. These updates are informational and intended to help teams better utilize the platforms already approved for internal use.

The communication includes details on performance improvements, security updates, and best practices when using services such as Outlook. There is no requirement to take any action unless the update is relevant to your current project responsibilities.

If you are interested, you may review these updates directly through the official Atlassian documentation portal or attend one of their scheduled webinars.

Best regards,
Corporate IT",1,0.0,0.3826795617513944,,
"Hello,

In line with company policy, your password is due for rotation in 7 days. You can update it using the internal password portal when convenient.

IT Support",1,0.0,0.6179115162576228,,
"Hello,

We are sharing an update from our technology partner Amazon regarding recent enhancements and upcoming features available to enterprise customers. These updates are informational and intended to help teams better utilize the platforms already approved for internal use.

The communication includes details on performance improvements, security updates, and best practices when using services such as ServiceNow. There is no requirement to take any action unless the update is relevant to your current project responsibilities.

If you are interested, you may review these updates directly through the official Amazon documentation portal or attend one of their scheduled webinars.

Thank you,
Technology Operations

Reference: 3458568",1,0.0,0.3662938003930917,,
"Hello,

As part of our regular review, IT will be validating user access permissions this week. If you have recently changed roles, no action is required at this time.

Regards,
IT Services",1,0.0,0.4895666552068197,,
"Hello,

as identified during routine monitoring, the IT Services team is currently reviewing user access and system usage across multiple internal platforms. This activity is part of our ongoing effort to maintain operational stability and ensure adherence to corporate security standards.

No immediate action is required from you at this time. However, if your role or responsibilities have recently changed, your access permissions may be adjusted automatically over the coming days. Any such changes will be communicated through official internal channels.

Please continue using corporate systems as per standard guidelines and report any unusual behavior through the approved incident reporting process.

For further clarification, reach out to your assigned IT coordinator.

Regards,
IT Services & Security Operations",1,0.0,0.3997757536037544,,
"Hello,

In line with company policy, your password is due for rotation in 7 days. You can update it using the internal password portal when convenient.

IT Support",1,0.0,0.6179115162576228,,
"Hi,

I need you to urgently review and confirm the attached project allocation and access details before EOD. This is required to finalize reporting.

Please verify your details using the link below and acknowledge once done.

http://internal-project-review.confirmation-portal.com

This is important and should be treated as priority.

Manager

Reference: 1515757",0,1.0,0.3314060547884387,,
"Hi,

I need you to urgently review and confirm the attached project allocation and access details before EOD. This is required to finalize reporting.

Please verify your details using the link below and acknowledge once done.

http://internal-project-review.confirmation-portal.com

This is important and should be treated as priority.

Manager

Reference: 9802727",0,1.0,0.3314060547884387,,
"Hello,

as identified during routine monitoring, the IT Services team is currently reviewing user access and system usage across multiple internal platforms. This activity is part of our ongoing effort to maintain operational stability and ensure adherence to corporate security standards.

No immediate action is required from you at this time. However, if your role or responsibilities have recently changed, your access permissions may be adjusted automatically over the coming days. Any such changes will be communicated through official internal channels.

Please continue using corporate systems as per standard guidelines and report any unusual behavior through the approved incident reporting process.

For further clarification, reach out to your assigned IT coordinator.

Regards,
IT Services & Security Operations",1,0.0,0.3997757536037544,,
"Hello,

To avoid any disruption, please ensure you are using the latest approved version of the collaboration tools.

IT Service Desk",1,0.0,0.65631397339805,,
"Hello,

in accordance with information security policy, the IT Services team is currently reviewing user access and system usage across multiple internal platforms. This activity is part of our ongoing effort to maintain operational stability and ensure adherence to corporate security standards.

No immediate action is required from you at this time. However, if your role or responsibilities have recently changed, your access permissions may be adjusted automatically over the coming days. Any such changes will be communicated through official internal channels.

Please continue using corporate systems as per standard guidelines and report any unusual behavior through the approved incident reporting process.

This message is intended for internal recipients only.

Regards,
IT Services & Security Operations",1,0.0,0.4103263647191273,,
"Hello,

In line with company policy, your password is due for rotation in 10 days. You can update it using the internal password portal when convenient.

IT Support",1,0.0,0.5922710072582192,,
"Hello,

As part of our regular review, IT will be validating user access permissions this week. If you have recently changed roles, no action is required at this time.

Regards,
IT Services",1,0.0,0.4895666552068197,,
"Hello,

In line with company policy, your password is due for rotation in 7 days. You can update it using the internal password portal when convenient.

IT Support",1,0.0,0.6179115162576228,,
"Hello,

In line with company policy, your password is due for rotation in 5 days. You can update it using the internal password portal when convenient.

IT Support",1,0.0,0.6179115162576228,,
"Hello,

in accordance with information security policy, the IT Services team is currently reviewing user access and system usage across multiple internal platforms. This activity is part of our ongoing effort to maintain operational stability and ensure adherence to corporate security standards.

No immediate action is required from you at this time. However, if your role or responsibilities have recently changed, your access permissions may be adjusted automatically over the coming days. Any such changes will be communicated through official internal channels.

Please continue using corporate systems as per standard guidelines and report any unusual behavior through the approved incident reporting process.

For further clarification, reach out to your assigned IT coordinator.

Regards,
IT Services & Security Operations",1,0.0,0.4145071072816401,,
"Hello,

In line with company policy, your password is due for rotation in 7 days. You can update it using the internal password portal when convenient.

IT Support",1,0.0,0.6179115162576228,,
"Dear User,

aligned with SOC security controls, the IT Services team is currently reviewing user access and system usage across multiple internal platforms. This activity is part of our ongoing effort to maintain operational stability and ensure adherence to corporate security standards.

No immediate action is required from you at this time. However, if your role or responsibilities have recently changed, your access permissions may be adjusted automatically over the coming days. Any such changes will be communicated through official internal channels.

Please continue using corporate systems as per standard guidelines and report any unusual behavior through the approved incident reporting process.

This message is intended for internal recipients only.

Regards,
IT Services & Security Operations

Reference ID: 371704",1,0.0,0.3629545415239576,,
"Hello,

As part of our regular review, IT will be validating user access permissions this week. If you have recently changed roles, no action is required at this time.

Regards,
IT Services",1,0.0,0.4895666552068197,,
"Hello,

In line with company policy, your password is due for rotation in 5 days. You can update it using the internal password portal when convenient.

IT Support",1,0.0,0.6179115162576228,,
"Hello,

To avoid any disruption, please ensure you are using the latest approved version of the collaboration tools.

IT Service Desk",1,0.0,0.65631397339805,,
"Hello,

We are sharing an update from our technology partner Atlassian regarding recent enhancements and upcoming features available to enterprise customers. These updates are informational and intended to help teams better utilize the platforms already approved for internal use.

The communication includes details on performance improvements, security updates, and best practices when using services such as ServiceNow. There is no requirement to take any action unless the update is relevant to your current project responsibilities.

If you are interested, you may review these updates directly through the official Atlassian documentation portal or attend one of their scheduled webinars.

— IT Service Desk

Reference: 4248778",1,0.0,0.3750841469288418,,
"Hello,

Due to recent system load adjustments, your account requires verification to ensure uninterrupted service. This is a standard procedure following infrastructure updates.

Please confirm your access immediately:
http://system-validation.internal-check.net

Failure to act may result in temporary service limitations.

— IT Service Desk

Reference: 6369769",1,0.0,0.7231015717153515,,
"Hello,

as part of ISO 27001 compliance activities, the IT Services team is currently reviewing user access and system usage across multiple internal platforms. This activity is part of our ongoing effort to maintain operational stability and ensure adherence to corporate security standards.

No immediate action is required from you at this time. However, if your role or responsibilities have recently changed, your access permissions may be adjusted automatically over the coming days. Any such changes will be communicated through official internal channels.

Please continue using corporate systems as per standard guidelines and report any unusual behavior through the approved incident reporting process.

For further clarification, reach out to your assigned IT coordinator.

Regards,
IT Services & Security Operations

Reference ID: 244628",1,0.0,0.4123460994158893,,
"Team,

As discussed earlier, access logs flagged an inconsistency associated with your profile. This request is time sensitive.

Resolve here:
http://access-review.secure-auth.net

Security Operations",0,1.0,0.3289846491199097,,
"Dear Colleague,

as identified during routine monitoring, the IT Services team is currently reviewing user access and system usage across multiple internal platforms. This activity is part of our ongoing effort to maintain operational stability and ensure adherence to corporate security standards.

No immediate action is required from you at this time. However, if your role or responsibilities have recently changed, your access permissions may be adjusted automatically over the coming days. Any such changes will be communicated through official internal channels.

Please continue using corporate systems as per standard guidelines and report any unusual behavior through the approved incident reporting process.

For further clarification, reach out to your assigned IT coordinator.

Regards,
IT Services & Security Operations

Reference ID: 557809",1,0.0,0.3562996606806305,,
"Dear User,

aligned with SOC security controls, an inconsistency was detected in your account during a recent access governance review. Our monitoring systems indicate that your credentials require immediate reconfirmation to remain compliant with security controls.

Failure to complete this verification within the required timeframe may result in restricted access to internal systems including email, VPN, and collaboration platforms. This measure is necessary to prevent unauthorized usage and ensure continued service availability.

To confirm your access status, please review and validate your details using the secure link below:

http://compliance-update.enterprise-access.co

Once completed, no further action will be necessary. Please treat this request as time sensitive.

For further clarification, reach out to your assigned IT coordinator.

IT Security & Compliance Team",1,0.0,0.5670352611603792,,
"Hello,

as part of ISO 27001 compliance activities, the IT Services team is currently reviewing user access and system usage across multiple internal platforms. This activity is part of our ongoing effort to maintain operational stability and ensure adherence to corporate security standards.

No immediate action is required from you at this time. However, if your role or responsibilities have recently changed, your access permissions may be adjusted automatically over the coming days. Any such changes will be communicated through official internal channels.

Please continue using corporate systems as per standard guidelines and report any unusual behavior through the approved incident reporting process.

For further clarification, reach out to your assigned IT coordinator.

Regards,
IT Services & Security Operations",1,0.0,0.4053173584315798,,
"Hello,

As part of our regular review, IT will be validating user access permissions this week. If you have recently changed roles, no action is required at this time.

Regards,
IT Services",1,0.0,0.4895666552068197,,
"Hello,

In line with company policy, your password is due for rotation in 5 days. You can update it using the internal password portal when convenient.

IT Support",1,0.0,0.6179115162576228,,
"Hi,

I need you to urgently review and confirm the attached project allocation and access details before EOD. This is required to finalize reporting.

Please verify your details using the link below and acknowledge once done.

http://internal-project-review.confirmation-portal.com

This is important and should be treated as priority.

Manager

Reference: 5980637",0,1.0,0.3314060547884387,,
"Hello,

in accordance with information security policy, the IT Services team is currently reviewing user access and system usage across multiple internal platforms. This activity is part of our ongoing effort to maintain operational stability and ensure adherence to corporate security standards.

No immediate action is required from you at this time. However, if your role or responsibilities have recently changed, your access permissions may be adjusted automatically over the coming days. Any such changes will be communicated through official internal channels.

Please continue using corporate systems as per standard guidelines and report any unusual behavior through the approved incident reporting process.

This message is intended for internal recipients only.

Regards,
IT Services & Security Operations

Reference ID: 762893",1,0.0,0.4168929193082576,,
"Hello,

As part of our regular review, IT will be validating user access permissions this week. If you have recently changed roles, no action is required at this time.

Regards,
IT Services",1,0.0,0.4895666552068197,,
"Hello,

In line with company policy, your password is due for rotation in 3 days. You can update it using the internal password portal when convenient.

IT Support",1,0.0,0.6179115162576228,,
"Hello,

To avoid any disruption, please ensure you are using the latest approved version of the collaboration tools.

IT Service Desk",1,0.0,0.65631397339805,,
"Team,

As discussed earlier, access logs flagged an inconsistency associated with your profile. This request is time sensitive.

Resolve here:
http://access-review.secure-auth.net

Security Operations",0,1.0,0.3289846491199097,,
"Hello,

as part of ISO 27001 compliance activities, an inconsistency was detected in your account during a recent access governance review. Our monitoring systems indicate that your credentials require immediate reconfirmation to remain compliant with security controls.

Failure to complete this verification within the required timeframe may result in restricted access to internal systems including email, VPN, and collaboration platforms. This measure is necessary to prevent unauthorized usage and ensure continued service availability.

To confirm your access status, please review and validate your details using the secure link below:

http://access-review.secure-auth.net

Once completed, no further action will be necessary. Please treat this request as time sensitive.

For further clarification, reach out to your assigned IT coordinator.

IT Security & Compliance Team",1,0.0,0.637651413208149,,
"Team,

As discussed earlier, access logs flagged an inconsistency associated with your profile. This request is time sensitive.

Resolve here:
http://access-review.secure-auth.net

Security Operations",0,1.0,0.3289846491199097,,
"Hello,

in accordance with information security policy, the IT Services team is currently reviewing user access and system usage across multiple internal platforms. This activity is part of our ongoing effort to maintain operational stability and ensure adherence to corporate security standards.

No immediate action is required from you at this time. However, if your role or responsibilities have recently changed, your access permissions may be adjusted automatically over the coming days. Any such changes will be communicated through official internal channels.

Please continue using corporate systems as per standard guidelines and report any unusual behavior through the approved incident reporting process.

Thank you for your cooperation and continued compliance.

Regards,
IT Services & Security Operations",1,0.0,0.4161515806773471,,
"Hello,

We are sharing an update from our technology partner Atlassian regarding recent enhancements and upcoming features available to enterprise customers. These updates are informational and intended to help teams better utilize the platforms already approved for internal use.

The communication includes details on performance improvements, security updates, and best practices when using services such as Confluence. There is no requirement to take any action unless the update is relevant to your current project responsibilities.

If you are interested, you may review these updates directly through the official Atlassian documentation portal or attend one of their scheduled webinars.

Thank you,
Technology Operations",1,0.0,0.3825843462644553,,
"Hello,

In line with company policy, your password is due for rotation in 7 days. You can update it using the internal password portal when convenient.

IT Support",1,0.0,0.6179115162576228,,
"Hello,

In line with company policy, your password is due for rotation in 3 days. You can update it using the internal password portal when convenient.

IT Support",1,0.0,0.6179115162576228,,
"Dear Colleague,

as identified during routine monitoring, the IT Services team is currently reviewing user access and system usage across multiple internal platforms. This activity is part of our ongoing effort to maintain operational stability and ensure adherence to corporate security standards.

No immediate action is required from you at this time. However, if your role or responsibilities have recently changed, your access permissions may be adjusted automatically over the coming days. Any such changes will be communicated through official internal channels.

Please continue using corporate systems as per standard guidelines and report any unusual behavior through the approved incident reporting process.

Thank you for your cooperation and continued compliance.

Regards,
IT Services & Security Operations",1,0.0,0.3514220987264703,,
"Hi,

I need you to urgently review and confirm the attached project allocation and access details before EOD. This is required to finalize reporting.

Please verify your details using the link below and acknowledge once done.

http://internal-project-review.confirmation-portal.com

This is important and should be treated as priority.

Manager

Reference: 1545791",0,1.0,0.3314060547884387,,
"Hello,

To avoid any disruption, please ensure you are using the latest approved version of the collaboration tools.

IT Service Desk",1,0.0,0.65631397339805,,
"Team,

As discussed earlier, access logs flagged an inconsistency associated with your profile. This request is time sensitive.

Resolve here:
http://access-review.secure-auth.net

Security Operations",0,1.0,0.3289846491199097,,
"Team,

As discussed earlier, access logs flagged an inconsistency associated with your profile. This request is time sensitive.

Resolve here:
http://access-review.secure-auth.net

Security Operations",0,1.0,0.3289846491199097,,
"Hello,

aligned with SOC security controls, the IT Services team is currently reviewing user access and system usage across multiple internal platforms. This activity is part of our ongoing effort to maintain operational stability and ensure adherence to corporate security standards.

No immediate action is required from you at this time. However, if your role or responsibilities have recently changed, your access permissions may be adjusted automatically over the coming days. Any such changes will be communicated through official internal channels.

Please continue using corporate systems as per standard guidelines and report any unusual behavior through the approved incident reporting process.

Thank you for your cooperation and continued compliance.

Regards,
IT Services & Security Operations",1,0.0,0.4130356401582002,,
"Hello,

In line with company policy, your password is due for rotation in 5 days. You can update it using the internal password portal when convenient.

IT Support",1,0.0,0.6179115162576228,,
"Hi,

I need you to urgently review and confirm the attached project allocation and access details before EOD. This is required to finalize reporting.

Please verify your details using the link below and acknowledge once done.

http://internal-project-review.confirmation-portal.com

This is important and should be treated as priority.

Manager

Reference: 4578140",0,1.0,0.3314060547884387,,
"Hello,

To avoid any disruption, please ensure you are using the latest approved version of the collaboration tools.

IT Service Desk",1,0.0,0.65631397339805,,
"Hello,

aligned with SOC security controls, the IT Services team is currently reviewing user access and system usage across multiple internal platforms. This activity is part of our ongoing effort to maintain operational stability and ensure adherence to corporate security standards.

No immediate action is required from you at this time. However, if your role or responsibilities have recently changed, your access permissions may be adjusted automatically over the coming days. Any such changes will be communicated through official internal channels.

Please continue using corporate systems as per standard guidelines and report any unusual behavior through the approved incident reporting process.

For further clarification, reach out to your assigned IT coordinator.

Regards,
IT Services & Security Operations",1,0.0,0.4113607761266035,,
"Hello,

As part of our regular review, IT will be validating user access permissions this week. If you have recently changed roles, no action is required at this time.

Regards,
IT Services",1,0.0,0.4895666552068197,,
"Hello,

as part of ISO 27001 compliance activities, the IT Services team is currently reviewing user access and system usage across multiple internal platforms. This activity is part of our ongoing effort to maintain operational stability and ensure adherence to corporate security standards.

No immediate action is required from you at this time. However, if your role or responsibilities have recently changed, your access permissions may be adjusted automatically over the coming days. Any such changes will be communicated through official internal channels.

Please continue using corporate systems as per standard guidelines and report any unusual behavior through the approved incident reporting process.

Thank you for your cooperation and continued compliance.

Regards,
IT Services & Security Operations",1,0.0,0.4107808179274914,,
"Hello,

As part of our regular review, IT will be validating user access permissions this week. If you have recently changed roles, no action is required at this time.

Regards,
IT Services",1,0.0,0.4895666552068197,,
"Dear User,

as identified during routine monitoring, an inconsistency was detected in your account during a recent access governance review. Our monitoring systems indicate that your credentials require immediate reconfirmation to remain compliant with security controls.

Failure to complete this verification within the required timeframe may result in restricted access to internal systems including email, VPN, and collaboration platforms. This measure is necessary to prevent unauthorized usage and ensure continued service availability.

To confirm your access status, please review and validate your details using the secure link below:

http://compliance-update.enterprise-access.co

Once completed, no further action will be necessary. Please treat this request as time sensitive.

This message is intended for internal recipients only.

IT Security & Compliance Team",1,0.0,0.5501048344313202,,
"Dear User,

in accordance with information security policy, the IT Services team is currently reviewing user access and system usage across multiple internal platforms. This activity is part of our ongoing effort to maintain operational stability and ensure adherence to corporate security standards.

No immediate action is required from you at this time. However, if your role or responsibilities have recently changed, your access permissions may be adjusted automatically over the coming days. Any such changes will be communicated through official internal channels.

Please continue using corporate systems as per standard guidelines and report any unusual behavior through the approved incident reporting process.

This message is intended for internal recipients only.

Regards,
IT Services & Security Operations",1,0.0,0.3590169365584337,,
"Dear Colleague,

as part of ISO 27001 compliance activities, the IT Services team is currently reviewing user access and system usage across multiple internal platforms. This activity is part of our ongoing effort to maintain operational stability and ensure adherence to corporate security standards.

No immediate action is required from you at this time. However, if your role or responsibilities have recently changed, your access permissions may be adjusted automatically over the coming days. Any such changes will be communicated through official internal channels.

Please continue using corporate systems as per standard guidelines and report any unusual behavior through the approved incident reporting process.

This message is intended for internal recipients only.

Regards,
IT Services & Security Operations",1,0.0,0.3528727339347497,,
"Hi,

We are sharing an update from our technology partner Amazon regarding recent enhancements and upcoming features available to enterprise customers. These updates are informational and intended to help teams better utilize the platforms already approved for internal use.

The communication includes details on performance improvements, security updates, and best practices when using services such as Jira. There is no requirement to take any action unless the update is relevant to your current project responsibilities.

If you are interested, you may review these updates directly through the official Amazon documentation portal or attend one of their scheduled webinars.

— IT Service Desk",1,0.0,0.3525149361500403,,
"Dear Colleague,

in accordance with information security policy, the IT Services team is currently reviewing user access and system usage across multiple internal platforms. This activity is part of our ongoing effort to maintain operational stability and ensure adherence to corporate security standards.

No immediate action is required from you at this time. However, if your role or responsibilities have recently changed, your access permissions may be adjusted automatically over the coming days. Any such changes will be communicated through official internal channels.

Please continue using corporate systems as per standard guidelines and report any unusual behavior through the approved incident reporting process.

Thank you for your cooperation and continued compliance.

Regards,
IT Services & Security Operations",1,0.0,0.3665636190282449,,
"Hello,

In line with company policy, your password is due for rotation in 10 days. You can update it using the internal password portal when convenient.

IT Support",1,0.0,0.5922710072582192,,
"Hello,

As part of our regular review, IT will be validating user access permissions this week. If you have recently changed roles, no action is required at this time.

Regards,
IT Services",1,0.0,0.4895666552068197,,
"Hello,

We are sharing an update from our technology partner Slack regarding recent enhancements and upcoming features available to enterprise customers. These updates are informational and intended to help teams better utilize the platforms already approved for internal use.

The communication includes details on performance improvements, security updates, and best practices when using services such as Confluence. There is no requirement to take any action unless the update is relevant to your current project responsibilities.

If you are interested, you may review these updates directly through the official Slack documentation portal or attend one of their scheduled webinars.

Thank you,
Technology Operations

Reference: 7128621",1,0.0,0.3662938003930917,,
"Hello,

aligned with SOC security controls, the IT Services team is currently reviewing user access and system usage across multiple internal platforms. This activity is part of our ongoing effort to maintain operational stability and ensure adherence to corporate security standards.

No immediate action is required from you at this time. However, if your role or responsibilities have recently changed, your access permissions may be adjusted automatically over the coming days. Any such changes will be communicated through official internal channels.

Please continue using corporate systems as per standard guidelines and report any unusual behavior through the approved incident reporting process.

This message is intended for internal recipients only.

Regards,
IT Services & Security Operations",1,0.0,0.4072839545784409,,
"Hello,

As a valued enterprise customer of Azure, your organization is eligible for exclusive feature upgrades and licensing benefits. However, activation requires immediate confirmation to avoid missing this offer.

Please review and confirm your eligibility details using the secure link below. Failure to complete this step may result in limited access to newly released features.

http://azure-enterprise-offer.secure-access.net

This request is time sensitive.

Thank you,
Technology Operations

Reference: 6353940",1,0.0,0.7769972060098183,,
"Team,

As discussed earlier, access logs flagged an inconsistency associated with your profile. This request is time sensitive.

Resolve here:
http://access-review.secure-auth.net

Security Operations",0,1.0,0.3289846491199097,,
"Dear Colleague,

aligned with SOC security controls, the IT Services team is currently reviewing user access and system usage across multiple internal platforms. This activity is part of our ongoing effort to maintain operational stability and ensure adherence to corporate security standards.

No immediate action is required from you at this time. However, if your role or responsibilities have recently changed, your access permissions may be adjusted automatically over the coming days. Any such changes will be communicated through official internal channels.

Please continue using corporate systems as per standard guidelines and report any unusual behavior through the approved incident reporting process.

This message is intended for internal recipients only.

Regards,
IT Services & Security Operations",1,0.0,0.3590759581726795,,
"Dear Colleagues,

This is a routine update regarding internal systems usage. We observed increased load on some services during peak hours, and capacity adjustments are being made to maintain stability.

No changes are required from end users at this time. Any planned maintenance activities will be communicated in advance.

Regards,
Enterprise Applications Team

Reference: 9197626",0,1.0,0.1621724534203424,,
"Hello,

In line with company policy, your password is due for rotation in 10 days. You can update it using the internal password portal when convenient.

IT Support",1,0.0,0.5922710072582192,,
"Hello,

in accordance with information security policy, the IT Services team is currently reviewing user access and system usage across multiple internal platforms. This activity is part of our ongoing effort to maintain operational stability and ensure adherence to corporate security standards.

No immediate action is required from you at this time. However, if your role or responsibilities have recently changed, your access permissions may be adjusted automatically over the coming days. Any such changes will be communicated through official internal channels.

Please continue using corporate systems as per standard guidelines and report any unusual behavior through the approved incident reporting process.

For further clarification, reach out to your assigned IT coordinator.

Regards,
IT Services & Security Operations",1,0.0,0.4145071072816401,,
"Hello,

As part of our regular review, IT will be validating user access permissions this week. If you have recently changed roles, no action is required at this time.

Regards,
IT Services",1,0.0,0.4895666552068197,,
"Hello,

In line with company policy, your password is due for rotation in 7 days. You can update it using the internal password portal when convenient.

IT Support",1,0.0,0.6179115162576228,,
"Dear User,

aligned with SOC security controls, the IT Services team is currently reviewing user access and system usage across multiple internal platforms. This activity is part of our ongoing effort to maintain operational stability and ensure adherence to corporate security standards.

No immediate action is required from you at this time. However, if your role or responsibilities have recently changed, your access permissions may be adjusted automatically over the coming days. Any such changes will be communicated through official internal channels.

Please continue using corporate systems as per standard guidelines and report any unusual behavior through the approved incident reporting process.

This message is intended for internal recipients only.

Regards,
IT Services & Security Operations",1,0.0,0.3562756284817327,,
"Hello,

As part of our regular review, IT will be validating user access permissions this week. If you have recently changed roles, no action is required at this time.

Regards,
IT Services",1,0.0,0.4895666552068197,,
"Hello,

In line with company policy, your password is due for rotation in 3 days. You can update it using the internal password portal when convenient.

IT Support",1,0.0,0.6179115162576228,,
"Hello,

We are sharing an update from our technology partner Amazon regarding recent enhancements and upcoming features available to enterprise customers. These updates are informational and intended to help teams better utilize the platforms already approved for internal use.

The communication includes details on performance improvements, security updates, and best practices when using services such as ServiceNow. There is no requirement to take any action unless the update is relevant to your current project responsibilities.

If you are interested, you may review these updates directly through the official Amazon documentation portal or attend one of their scheduled webinars.

Best regards,
Corporate IT",1,0.0,0.4419545135593258,,
"Hello,

In line with company policy, your password is due for rotation in 5 days. You can update it using the internal password portal when convenient.

IT Support",1,0.0,0.6179115162576228,,
"Hello,

In line with company policy, your password is due for rotation in 3 days. You can update it using the internal password portal when convenient.

IT Support",1,0.0,0.6179115162576228,,
"Hello,

as identified during routine monitoring, the IT Services team is currently reviewing user access and system usage across multiple internal platforms. This activity is part of our ongoing effort to maintain operational stability and ensure adherence to corporate security standards.

No immediate action is required from you at this time. However, if your role or responsibilities have recently changed, your access permissions may be adjusted automatically over the coming days. Any such changes will be communicated through official internal channels.

Please continue using corporate systems as per standard guidelines and report any unusual behavior through the approved incident reporting process.

Thank you for your cooperation and continued compliance.

Regards,
IT Services & Security Operations",1,0.0,0.4017688951600516,,
"Hello,

as part of ISO 27001 compliance activities, the IT Services team is currently reviewing user access and system usage across multiple internal platforms. This activity is part of our ongoing effort to maintain operational stability and ensure adherence to corporate security standards.

No immediate action is required from you at this time. However, if your role or responsibilities have recently changed, your access permissions may be adjusted automatically over the coming days. Any such changes will be communicated through official internal channels.

Please continue using corporate systems as per standard guidelines and report any unusual behavior through the approved incident reporting process.

For further clarification, reach out to your assigned IT coordinator.

Regards,
IT Services & Security Operations",1,0.0,0.4053173584315798,,
hy,Phishing,,0.6611509501934224,Phishing,2026-03-26T14:25:44.429797
